[2026-09-18 10:06:55.978] [INFO ] a_Network - Starting JSON data load from: ./network.json
[2026-09-18 10:06:55.986] [INFO ] DataDriver - *** Reading inputs ***
[2026-09-18 10:06:55.987] [INFO ] DataDriver - ./network.json
[2026-09-18 10:06:56.006] [INFO ] DataDriver - *** Populating idMap ***
[2026-09-18 10:06:56.010] [INFO ] DataDriver - root.p_Nodes[0]: add new object
[2026-09-18 10:06:56.010] [INFO ] DataDriver - idMap: add node_0
[2026-09-18 10:06:56.011] [INFO ] DataDriver - root.p_Nodes[1]: add new object
[2026-09-18 10:06:56.011] [INFO ] DataDriver - idMap: add node_1
[2026-09-18 10:06:56.011] [INFO ] DataDriver - root.p_Nodes[2]: add new object
[2026-09-18 10:06:56.011] [INFO ] DataDriver - idMap: add node_2
[2026-09-18 10:06:56.011] [INFO ] DataDriver - root.p_Nodes[3]: add new object
[2026-09-18 10:06:56.012] [INFO ] DataDriver - idMap: add node_3
[2026-09-18 10:06:56.012] [INFO ] DataDriver - root.p_Nodes[4]: add new object
[2026-09-18 10:06:56.012] [INFO ] DataDriver - idMap: add node_4
[2026-09-18 10:06:56.012] [INFO ] DataDriver - root.p_Nodes[5]: add new object
[2026-09-18 10:06:56.012] [INFO ] DataDriver - idMap: add node_5
[2026-09-18 10:06:56.012] [INFO ] DataDriver - root.p_Nodes[6]: add new object
[2026-09-18 10:06:56.012] [INFO ] DataDriver - idMap: add node_6
[2026-09-18 10:06:56.012] [INFO ] DataDriver - root.p_Nodes[7]: add new object
[2026-09-18 10:06:56.012] [INFO ] DataDriver - idMap: add node_7
[2026-09-18 10:06:56.013] [INFO ] DataDriver - root.p_Nodes[8]: add new object
[2026-09-18 10:06:56.013] [INFO ] DataDriver - idMap: add node_8
[2026-09-18 10:06:56.014] [INFO ] DataDriver - root.p_Nodes[9]: add new object
[2026-09-18 10:06:56.014] [INFO ] DataDriver - idMap: add node_9
[2026-09-18 10:06:56.014] [INFO ] DataDriver - root.p_Nodes[10]: add new object
[2026-09-18 10:06:56.014] [INFO ] DataDriver - idMap: add node_10
[2026-09-18 10:06:56.014] [INFO ] DataDriver - root.p_Nodes[11]: add new object
[2026-09-18 10:06:56.015] [INFO ] DataDriver - idMap: add node_11
[2026-09-18 10:06:56.015] [INFO ] DataDriver - root.p_Nodes[12]: add new object
[2026-09-18 10:06:56.015] [INFO ] DataDriver - idMap: add node_12
[2026-09-18 10:06:56.015] [INFO ] DataDriver - root.p_Nodes[13]: add new object
[2026-09-18 10:06:56.015] [INFO ] DataDriver - idMap: add node_13
[2026-09-18 10:06:56.015] [INFO ] DataDriver - root.p_Nodes[14]: add new object
[2026-09-18 10:06:56.015] [INFO ] DataDriver - idMap: add node_14
[2026-09-18 10:06:56.016] [INFO ] DataDriver - root.p_Nodes[15]: add new object
[2026-09-18 10:06:56.016] [INFO ] DataDriver - idMap: add node_15
[2026-09-18 10:06:56.016] [INFO ] DataDriver - root.p_Nodes[16]: add new object
[2026-09-18 10:06:56.016] [INFO ] DataDriver - idMap: add node_16
[2026-09-18 10:06:56.016] [INFO ] DataDriver - root.p_Nodes[17]: add new object
[2026-09-18 10:06:56.017] [INFO ] DataDriver - idMap: add node_17
[2026-09-18 10:06:56.017] [INFO ] DataDriver - root.p_Nodes[18]: add new object
[2026-09-18 10:06:56.017] [INFO ] DataDriver - idMap: add node_18
[2026-09-18 10:06:56.017] [INFO ] DataDriver - root.p_Nodes[19]: add new object
[2026-09-18 10:06:56.017] [INFO ] DataDriver - idMap: add node_19
[2026-09-18 10:06:56.017] [INFO ] DataDriver - root.p_Nodes[20]: add new object
[2026-09-18 10:06:56.017] [INFO ] DataDriver - idMap: add node_20
[2026-09-18 10:06:56.017] [INFO ] DataDriver - root.p_Nodes[21]: add new object
[2026-09-18 10:06:56.017] [INFO ] DataDriver - idMap: add node_21
[2026-09-18 10:06:56.017] [INFO ] DataDriver - root.p_Nodes[22]: add new object
[2026-09-18 10:06:56.017] [INFO ] DataDriver - idMap: add node_22
[2026-09-18 10:06:56.018] [INFO ] DataDriver - root.p_Nodes[23]: add new object
[2026-09-18 10:06:56.018] [INFO ] DataDriver - idMap: add node_23
[2026-09-18 10:06:56.018] [INFO ] DataDriver - root.p_Nodes[24]: add new object
[2026-09-18 10:06:56.018] [INFO ] DataDriver - idMap: add node_24
[2026-09-18 10:06:56.018] [INFO ] DataDriver - root.p_Nodes[25]: add new object
[2026-09-18 10:06:56.018] [INFO ] DataDriver - idMap: add node_25
[2026-09-18 10:06:56.019] [INFO ] DataDriver - root.p_Nodes[26]: add new object
[2026-09-18 10:06:56.019] [INFO ] DataDriver - idMap: add node_26
[2026-09-18 10:06:56.019] [INFO ] DataDriver - root.p_Nodes[27]: add new object
[2026-09-18 10:06:56.019] [INFO ] DataDriver - idMap: add node_27
[2026-09-18 10:06:56.019] [INFO ] DataDriver - root.p_Nodes[28]: add new object
[2026-09-18 10:06:56.019] [INFO ] DataDriver - idMap: add node_28
[2026-09-18 10:06:56.019] [INFO ] DataDriver - root.p_Nodes[29]: add new object
[2026-09-18 10:06:56.019] [INFO ] DataDriver - idMap: add node_29
[2026-09-18 10:06:56.019] [INFO ] DataDriver - root.p_Nodes[30]: add new object
[2026-09-18 10:06:56.019] [INFO ] DataDriver - idMap: add node_30
[2026-09-18 10:06:56.019] [INFO ] DataDriver - root.p_Nodes[31]: add new object
[2026-09-18 10:06:56.019] [INFO ] DataDriver - idMap: add node_31
[2026-09-18 10:06:56.020] [INFO ] DataDriver - root.p_Nodes[32]: add new object
[2026-09-18 10:06:56.020] [INFO ] DataDriver - idMap: add node_32
[2026-09-18 10:06:56.020] [INFO ] DataDriver - root.p_Nodes[33]: add new object
[2026-09-18 10:06:56.020] [INFO ] DataDriver - idMap: add node_33
[2026-09-18 10:06:56.020] [INFO ] DataDriver - root.p_Nodes[34]: add new object
[2026-09-18 10:06:56.020] [INFO ] DataDriver - idMap: add node_34
[2026-09-18 10:06:56.020] [INFO ] DataDriver - root.p_Nodes[35]: add new object
[2026-09-18 10:06:56.020] [INFO ] DataDriver - idMap: add node_35
[2026-09-18 10:06:56.021] [INFO ] DataDriver - root.p_Nodes[36]: add new object
[2026-09-18 10:06:56.021] [INFO ] DataDriver - idMap: add node_36
[2026-09-18 10:06:56.021] [INFO ] DataDriver - root.p_Nodes[37]: add new object
[2026-09-18 10:06:56.021] [INFO ] DataDriver - idMap: add node_37
[2026-09-18 10:06:56.021] [INFO ] DataDriver - root.p_Nodes[38]: add new object
[2026-09-18 10:06:56.021] [INFO ] DataDriver - idMap: add node_38
[2026-09-18 10:06:56.021] [INFO ] DataDriver - root.p_Nodes[39]: add new object
[2026-09-18 10:06:56.021] [INFO ] DataDriver - idMap: add node_39
[2026-09-18 10:06:56.021] [INFO ] DataDriver - root.p_Nodes[40]: add new object
[2026-09-18 10:06:56.021] [INFO ] DataDriver - idMap: add node_40
[2026-09-18 10:06:56.022] [INFO ] DataDriver - root.p_Nodes[41]: add new object
[2026-09-18 10:06:56.022] [INFO ] DataDriver - idMap: add node_41
[2026-09-18 10:06:56.022] [INFO ] DataDriver - root.p_Nodes[42]: add new object
[2026-09-18 10:06:56.022] [INFO ] DataDriver - idMap: add node_42
[2026-09-18 10:06:56.022] [INFO ] DataDriver - root.p_Nodes[43]: add new object
[2026-09-18 10:06:56.022] [INFO ] DataDriver - idMap: add node_43
[2026-09-18 10:06:56.022] [INFO ] DataDriver - root.p_Nodes[44]: add new object
[2026-09-18 10:06:56.022] [INFO ] DataDriver - idMap: add node_44
[2026-09-18 10:06:56.022] [INFO ] DataDriver - root.p_Nodes[45]: add new object
[2026-09-18 10:06:56.022] [INFO ] DataDriver - idMap: add node_45
[2026-09-18 10:06:56.022] [INFO ] DataDriver - root.p_Nodes[46]: add new object
[2026-09-18 10:06:56.023] [INFO ] DataDriver - idMap: add node_46
[2026-09-18 10:06:56.023] [INFO ] DataDriver - root.p_Nodes[47]: add new object
[2026-09-18 10:06:56.023] [INFO ] DataDriver - idMap: add node_47
[2026-09-18 10:06:56.027] [INFO ] DataDriver - root.p_Edges[0]: add new object
[2026-09-18 10:06:56.028] [INFO ] DataDriver - idMap: add edge_0
[2026-09-18 10:06:56.028] [INFO ] DataDriver - root.p_Edges[1]: add new object
[2026-09-18 10:06:56.028] [INFO ] DataDriver - idMap: add edge_1
[2026-09-18 10:06:56.028] [INFO ] DataDriver - root.p_Edges[2]: add new object
[2026-09-18 10:06:56.028] [INFO ] DataDriver - idMap: add edge_2
[2026-09-18 10:06:56.028] [INFO ] DataDriver - root.p_Edges[3]: add new object
[2026-09-18 10:06:56.028] [INFO ] DataDriver - idMap: add edge_3
[2026-09-18 10:06:56.028] [INFO ] DataDriver - root.p_Edges[4]: add new object
[2026-09-18 10:06:56.028] [INFO ] DataDriver - idMap: add edge_4
[2026-09-18 10:06:56.028] [INFO ] DataDriver - root.p_Edges[5]: add new object
[2026-09-18 10:06:56.029] [INFO ] DataDriver - idMap: add edge_5
[2026-09-18 10:06:56.029] [INFO ] DataDriver - root.p_Edges[6]: add new object
[2026-09-18 10:06:56.029] [INFO ] DataDriver - idMap: add edge_6
[2026-09-18 10:06:56.029] [INFO ] DataDriver - root.p_Edges[7]: add new object
[2026-09-18 10:06:56.029] [INFO ] DataDriver - idMap: add edge_7
[2026-09-18 10:06:56.029] [INFO ] DataDriver - root.p_Edges[8]: add new object
[2026-09-18 10:06:56.029] [INFO ] DataDriver - idMap: add edge_8
[2026-09-18 10:06:56.029] [INFO ] DataDriver - root.p_Edges[9]: add new object
[2026-09-18 10:06:56.029] [INFO ] DataDriver - idMap: add edge_9
[2026-09-18 10:06:56.029] [INFO ] DataDriver - root.p_Edges[10]: add new object
[2026-09-18 10:06:56.029] [INFO ] DataDriver - idMap: add edge_10
[2026-09-18 10:06:56.030] [INFO ] DataDriver - root.p_Edges[11]: add new object
[2026-09-18 10:06:56.030] [INFO ] DataDriver - idMap: add edge_11
[2026-09-18 10:06:56.030] [INFO ] DataDriver - root.p_Edges[12]: add new object
[2026-09-18 10:06:56.030] [INFO ] DataDriver - idMap: add edge_12
[2026-09-18 10:06:56.030] [INFO ] DataDriver - root.p_Edges[13]: add new object
[2026-09-18 10:06:56.030] [INFO ] DataDriver - idMap: add edge_13
[2026-09-18 10:06:56.030] [INFO ] DataDriver - root.p_Edges[14]: add new object
[2026-09-18 10:06:56.030] [INFO ] DataDriver - idMap: add edge_14
[2026-09-18 10:06:56.031] [INFO ] DataDriver - root.p_Edges[15]: add new object
[2026-09-18 10:06:56.031] [INFO ] DataDriver - idMap: add edge_15
[2026-09-18 10:06:56.031] [INFO ] DataDriver - root.p_Edges[16]: add new object
[2026-09-18 10:06:56.031] [INFO ] DataDriver - idMap: add edge_16
[2026-09-18 10:06:56.031] [INFO ] DataDriver - root.p_Edges[17]: add new object
[2026-09-18 10:06:56.031] [INFO ] DataDriver - idMap: add edge_17
[2026-09-18 10:06:56.031] [INFO ] DataDriver - root.p_Edges[18]: add new object
[2026-09-18 10:06:56.032] [INFO ] DataDriver - idMap: add edge_18
[2026-09-18 10:06:56.032] [INFO ] DataDriver - root.p_Edges[19]: add new object
[2026-09-18 10:06:56.032] [INFO ] DataDriver - idMap: add edge_19
[2026-09-18 10:06:56.032] [INFO ] DataDriver - root.p_Edges[20]: add new object
[2026-09-18 10:06:56.032] [INFO ] DataDriver - idMap: add edge_20
[2026-09-18 10:06:56.032] [INFO ] DataDriver - root.p_Edges[21]: add new object
[2026-09-18 10:06:56.032] [INFO ] DataDriver - idMap: add edge_21
[2026-09-18 10:06:56.032] [INFO ] DataDriver - root.p_Edges[22]: add new object
[2026-09-18 10:06:56.032] [INFO ] DataDriver - idMap: add edge_22
[2026-09-18 10:06:56.032] [INFO ] DataDriver - root.p_Edges[23]: add new object
[2026-09-18 10:06:56.032] [INFO ] DataDriver - idMap: add edge_23
[2026-09-18 10:06:56.032] [INFO ] DataDriver - root.p_Edges[24]: add new object
[2026-09-18 10:06:56.032] [INFO ] DataDriver - idMap: add edge_24
[2026-09-18 10:06:56.033] [INFO ] DataDriver - root.p_Edges[25]: add new object
[2026-09-18 10:06:56.033] [INFO ] DataDriver - idMap: add edge_25
[2026-09-18 10:06:56.033] [INFO ] DataDriver - root.p_Edges[26]: add new object
[2026-09-18 10:06:56.033] [INFO ] DataDriver - idMap: add edge_26
[2026-09-18 10:06:56.033] [INFO ] DataDriver - root.p_Edges[27]: add new object
[2026-09-18 10:06:56.033] [INFO ] DataDriver - idMap: add edge_27
[2026-09-18 10:06:56.034] [INFO ] DataDriver - root.p_Edges[28]: add new object
[2026-09-18 10:06:56.034] [INFO ] DataDriver - idMap: add edge_28
[2026-09-18 10:06:56.034] [INFO ] DataDriver - root.p_Edges[29]: add new object
[2026-09-18 10:06:56.034] [INFO ] DataDriver - idMap: add edge_29
[2026-09-18 10:06:56.034] [INFO ] DataDriver - root.p_Edges[30]: add new object
[2026-09-18 10:06:56.034] [INFO ] DataDriver - idMap: add edge_30
[2026-09-18 10:06:56.034] [INFO ] DataDriver - root.p_Edges[31]: add new object
[2026-09-18 10:06:56.034] [INFO ] DataDriver - idMap: add edge_31
[2026-09-18 10:06:56.034] [INFO ] DataDriver - root.p_Edges[32]: add new object
[2026-09-18 10:06:56.035] [INFO ] DataDriver - idMap: add edge_32
[2026-09-18 10:06:56.035] [INFO ] DataDriver - root.p_Edges[33]: add new object
[2026-09-18 10:06:56.035] [INFO ] DataDriver - idMap: add edge_33
[2026-09-18 10:06:56.035] [INFO ] DataDriver - root.p_Edges[34]: add new object
[2026-09-18 10:06:56.035] [INFO ] DataDriver - idMap: add edge_34
[2026-09-18 10:06:56.035] [INFO ] DataDriver - root.p_Edges[35]: add new object
[2026-09-18 10:06:56.035] [INFO ] DataDriver - idMap: add edge_35
[2026-09-18 10:06:56.035] [INFO ] DataDriver - root.p_Edges[36]: add new object
[2026-09-18 10:06:56.035] [INFO ] DataDriver - idMap: add edge_36
[2026-09-18 10:06:56.035] [INFO ] DataDriver - root.p_Edges[37]: add new object
[2026-09-18 10:06:56.035] [INFO ] DataDriver - idMap: add edge_37
[2026-09-18 10:06:56.036] [INFO ] DataDriver - root.p_Edges[38]: add new object
[2026-09-18 10:06:56.036] [INFO ] DataDriver - idMap: add edge_38
[2026-09-18 10:06:56.036] [INFO ] DataDriver - root.p_Edges[39]: add new object
[2026-09-18 10:06:56.036] [INFO ] DataDriver - idMap: add edge_39
[2026-09-18 10:06:56.037] [INFO ] DataDriver - root.p_Edges[40]: add new object
[2026-09-18 10:06:56.037] [INFO ] DataDriver - idMap: add edge_40
[2026-09-18 10:06:56.037] [INFO ] DataDriver - root.p_Edges[41]: add new object
[2026-09-18 10:06:56.037] [INFO ] DataDriver - idMap: add edge_41
[2026-09-18 10:06:56.037] [INFO ] DataDriver - root.p_Edges[42]: add new object
[2026-09-18 10:06:56.037] [INFO ] DataDriver - idMap: add edge_42
[2026-09-18 10:06:56.037] [INFO ] DataDriver - root.p_Edges[43]: add new object
[2026-09-18 10:06:56.037] [INFO ] DataDriver - idMap: add edge_43
[2026-09-18 10:06:56.037] [INFO ] DataDriver - root.p_Edges[44]: add new object
[2026-09-18 10:06:56.037] [INFO ] DataDriver - idMap: add edge_44
[2026-09-18 10:06:56.037] [INFO ] DataDriver - root.p_Edges[45]: add new object
[2026-09-18 10:06:56.037] [INFO ] DataDriver - idMap: add edge_45
[2026-09-18 10:06:56.037] [INFO ] DataDriver - root.p_Edges[46]: add new object
[2026-09-18 10:06:56.038] [INFO ] DataDriver - idMap: add edge_46
[2026-09-18 10:06:56.038] [INFO ] DataDriver - root.p_Edges[47]: add new object
[2026-09-18 10:06:56.038] [INFO ] DataDriver - idMap: add edge_47
[2026-09-18 10:06:56.038] [INFO ] DataDriver - root.p_Edges[48]: add new object
[2026-09-18 10:06:56.038] [INFO ] DataDriver - idMap: add edge_48
[2026-09-18 10:06:56.038] [INFO ] DataDriver - root.p_Edges[49]: add new object
[2026-09-18 10:06:56.038] [INFO ] DataDriver - idMap: add edge_49
[2026-09-18 10:06:56.038] [INFO ] DataDriver - root.p_Edges[50]: add new object
[2026-09-18 10:06:56.039] [INFO ] DataDriver - idMap: add edge_50
[2026-09-18 10:06:56.039] [INFO ] DataDriver - root.p_Edges[51]: add new object
[2026-09-18 10:06:56.039] [INFO ] DataDriver - idMap: add edge_51
[2026-09-18 10:06:56.039] [INFO ] DataDriver - root.p_Edges[52]: add new object
[2026-09-18 10:06:56.039] [INFO ] DataDriver - idMap: add edge_52
[2026-09-18 10:06:56.039] [INFO ] DataDriver - root.p_Edges[53]: add new object
[2026-09-18 10:06:56.039] [INFO ] DataDriver - idMap: add edge_53
[2026-09-18 10:06:56.039] [INFO ] DataDriver - root.p_Edges[54]: add new object
[2026-09-18 10:06:56.039] [INFO ] DataDriver - idMap: add edge_54
[2026-09-18 10:06:56.039] [INFO ] DataDriver - root.p_Edges[55]: add new object
[2026-09-18 10:06:56.039] [INFO ] DataDriver - idMap: add edge_55
[2026-09-18 10:06:56.039] [INFO ] DataDriver - root.p_Edges[56]: add new object
[2026-09-18 10:06:56.040] [INFO ] DataDriver - idMap: add edge_56
[2026-09-18 10:06:56.040] [INFO ] DataDriver - root.p_Edges[57]: add new object
[2026-09-18 10:06:56.040] [INFO ] DataDriver - idMap: add edge_57
[2026-09-18 10:06:56.040] [INFO ] DataDriver - root.p_Edges[58]: add new object
[2026-09-18 10:06:56.040] [INFO ] DataDriver - idMap: add edge_58
[2026-09-18 10:06:56.040] [INFO ] DataDriver - root.p_Edges[59]: add new object
[2026-09-18 10:06:56.040] [INFO ] DataDriver - idMap: add edge_59
[2026-09-18 10:06:56.040] [INFO ] DataDriver - root.p_Edges[60]: add new object
[2026-09-18 10:06:56.040] [INFO ] DataDriver - idMap: add edge_60
[2026-09-18 10:06:56.044] [INFO ] DataDriver - root.p_Vertices[0]: add new object
[2026-09-18 10:06:56.044] [INFO ] DataDriver - idMap: add vertex_0
[2026-09-18 10:06:56.044] [INFO ] DataDriver - root.p_Vertices[1]: add new object
[2026-09-18 10:06:56.044] [INFO ] DataDriver - idMap: add vertex_1
[2026-09-18 10:06:56.044] [INFO ] DataDriver - root.p_Vertices[2]: add new object
[2026-09-18 10:06:56.044] [INFO ] DataDriver - idMap: add vertex_2
[2026-09-18 10:06:56.044] [INFO ] DataDriver - root.p_Vertices[3]: add new object
[2026-09-18 10:06:56.044] [INFO ] DataDriver - idMap: add vertex_3
[2026-09-18 10:06:56.044] [INFO ] DataDriver - root.p_Vertices[4]: add new object
[2026-09-18 10:06:56.044] [INFO ] DataDriver - idMap: add vertex_4
[2026-09-18 10:06:56.044] [INFO ] DataDriver - root.p_Vertices[5]: add new object
[2026-09-18 10:06:56.044] [INFO ] DataDriver - idMap: add vertex_5
[2026-09-18 10:06:56.045] [INFO ] DataDriver - root.p_Vertices[6]: add new object
[2026-09-18 10:06:56.045] [INFO ] DataDriver - idMap: add vertex_6
[2026-09-18 10:06:56.045] [INFO ] DataDriver - root.p_Vertices[7]: add new object
[2026-09-18 10:06:56.045] [INFO ] DataDriver - idMap: add vertex_7
[2026-09-18 10:06:56.045] [INFO ] DataDriver - root.p_Vertices[8]: add new object
[2026-09-18 10:06:56.045] [INFO ] DataDriver - idMap: add vertex_8
[2026-09-18 10:06:56.045] [INFO ] DataDriver - root.p_Vertices[9]: add new object
[2026-09-18 10:06:56.045] [INFO ] DataDriver - idMap: add vertex_9
[2026-09-18 10:06:56.045] [INFO ] DataDriver - root.p_Vertices[10]: add new object
[2026-09-18 10:06:56.045] [INFO ] DataDriver - idMap: add vertex_10
[2026-09-18 10:06:56.045] [INFO ] DataDriver - root.p_Vertices[11]: add new object
[2026-09-18 10:06:56.045] [INFO ] DataDriver - idMap: add vertex_11
[2026-09-18 10:06:56.045] [INFO ] DataDriver - root.p_Vertices[12]: add new object
[2026-09-18 10:06:56.045] [INFO ] DataDriver - idMap: add vertex_12
[2026-09-18 10:06:56.045] [INFO ] DataDriver - root.p_Vertices[13]: add new object
[2026-09-18 10:06:56.046] [INFO ] DataDriver - idMap: add vertex_13
[2026-09-18 10:06:56.046] [INFO ] DataDriver - root.p_Vertices[14]: add new object
[2026-09-18 10:06:56.046] [INFO ] DataDriver - idMap: add vertex_14
[2026-09-18 10:06:56.046] [INFO ] DataDriver - root.p_Vertices[15]: add new object
[2026-09-18 10:06:56.046] [INFO ] DataDriver - idMap: add vertex_15
[2026-09-18 10:06:56.046] [INFO ] DataDriver - root.p_Vertices[16]: add new object
[2026-09-18 10:06:56.046] [INFO ] DataDriver - idMap: add vertex_16
[2026-09-18 10:06:56.047] [INFO ] DataDriver - root.p_Vertices[17]: add new object
[2026-09-18 10:06:56.047] [INFO ] DataDriver - idMap: add vertex_17
[2026-09-18 10:06:56.047] [INFO ] DataDriver - root.p_Vertices[18]: add new object
[2026-09-18 10:06:56.047] [INFO ] DataDriver - idMap: add vertex_18
[2026-09-18 10:06:56.047] [INFO ] DataDriver - root.p_Vertices[19]: add new object
[2026-09-18 10:06:56.047] [INFO ] DataDriver - idMap: add vertex_19
[2026-09-18 10:06:56.047] [INFO ] DataDriver - root.p_Vertices[20]: add new object
[2026-09-18 10:06:56.047] [INFO ] DataDriver - idMap: add vertex_20
[2026-09-18 10:06:56.047] [INFO ] DataDriver - root.p_Vertices[21]: add new object
[2026-09-18 10:06:56.047] [INFO ] DataDriver - idMap: add vertex_21
[2026-09-18 10:06:56.047] [INFO ] DataDriver - root.p_Vertices[22]: add new object
[2026-09-18 10:06:56.047] [INFO ] DataDriver - idMap: add vertex_22
[2026-09-18 10:06:56.047] [INFO ] DataDriver - root.p_Vertices[23]: add new object
[2026-09-18 10:06:56.047] [INFO ] DataDriver - idMap: add vertex_23
[2026-09-18 10:06:56.048] [INFO ] DataDriver - root.p_Vertices[24]: add new object
[2026-09-18 10:06:56.048] [INFO ] DataDriver - idMap: add vertex_24
[2026-09-18 10:06:56.048] [INFO ] DataDriver - root.p_Vertices[25]: add new object
[2026-09-18 10:06:56.048] [INFO ] DataDriver - idMap: add vertex_25
[2026-09-18 10:06:56.048] [INFO ] DataDriver - root.p_Vertices[26]: add new object
[2026-09-18 10:06:56.048] [INFO ] DataDriver - idMap: add vertex_26
[2026-09-18 10:06:56.048] [INFO ] DataDriver - root.p_Vertices[27]: add new object
[2026-09-18 10:06:56.048] [INFO ] DataDriver - idMap: add vertex_27
[2026-09-18 10:06:56.048] [INFO ] DataDriver - root.p_Vertices[28]: add new object
[2026-09-18 10:06:56.048] [INFO ] DataDriver - idMap: add vertex_28
[2026-09-18 10:06:56.048] [INFO ] DataDriver - root.p_Vertices[29]: add new object
[2026-09-18 10:06:56.048] [INFO ] DataDriver - idMap: add vertex_29
[2026-09-18 10:06:56.049] [INFO ] DataDriver - root.p_Vertices[30]: add new object
[2026-09-18 10:06:56.049] [INFO ] DataDriver - idMap: add vertex_30
[2026-09-18 10:06:56.049] [INFO ] DataDriver - root.p_Vertices[31]: add new object
[2026-09-18 10:06:56.049] [INFO ] DataDriver - idMap: add vertex_31
[2026-09-18 10:06:56.049] [INFO ] DataDriver - root.p_Vertices[32]: add new object
[2026-09-18 10:06:56.049] [INFO ] DataDriver - idMap: add vertex_32
[2026-09-18 10:06:56.049] [INFO ] DataDriver - root.p_Vertices[33]: add new object
[2026-09-18 10:06:56.049] [INFO ] DataDriver - idMap: add vertex_33
[2026-09-18 10:06:56.049] [INFO ] DataDriver - root.p_Vertices[34]: add new object
[2026-09-18 10:06:56.049] [INFO ] DataDriver - idMap: add vertex_34
[2026-09-18 10:06:56.049] [INFO ] DataDriver - root.p_Vertices[35]: add new object
[2026-09-18 10:06:56.049] [INFO ] DataDriver - idMap: add vertex_35
[2026-09-18 10:06:56.049] [INFO ] DataDriver - root.p_Vertices[36]: add new object
[2026-09-18 10:06:56.049] [INFO ] DataDriver - idMap: add vertex_36
[2026-09-18 10:06:56.049] [INFO ] DataDriver - root.p_Vertices[37]: add new object
[2026-09-18 10:06:56.049] [INFO ] DataDriver - idMap: add vertex_37
[2026-09-18 10:06:56.050] [INFO ] DataDriver - root.p_Vertices[38]: add new object
[2026-09-18 10:06:56.050] [INFO ] DataDriver - idMap: add vertex_38
[2026-09-18 10:06:56.050] [INFO ] DataDriver - root.p_Vertices[39]: add new object
[2026-09-18 10:06:56.050] [INFO ] DataDriver - idMap: add vertex_39
[2026-09-18 10:06:56.050] [INFO ] DataDriver - root.p_Vertices[40]: add new object
[2026-09-18 10:06:56.050] [INFO ] DataDriver - idMap: add vertex_40
[2026-09-18 10:06:56.050] [INFO ] DataDriver - root.p_Vertices[41]: add new object
[2026-09-18 10:06:56.050] [INFO ] DataDriver - idMap: add vertex_41
[2026-09-18 10:06:56.050] [INFO ] DataDriver - root.p_Vertices[42]: add new object
[2026-09-18 10:06:56.050] [INFO ] DataDriver - idMap: add vertex_42
[2026-09-18 10:06:56.050] [INFO ] DataDriver - root.p_Vertices[43]: add new object
[2026-09-18 10:06:56.051] [INFO ] DataDriver - idMap: add vertex_43
[2026-09-18 10:06:56.051] [INFO ] DataDriver - root.p_Vertices[44]: add new object
[2026-09-18 10:06:56.051] [INFO ] DataDriver - idMap: add vertex_44
[2026-09-18 10:06:56.051] [INFO ] DataDriver - root.p_Vertices[45]: add new object
[2026-09-18 10:06:56.051] [INFO ] DataDriver - idMap: add vertex_45
[2026-09-18 10:06:56.051] [INFO ] DataDriver - root.p_Vertices[46]: add new object
[2026-09-18 10:06:56.051] [INFO ] DataDriver - idMap: add vertex_46
[2026-09-18 10:06:56.052] [INFO ] DataDriver - root.p_Vertices[47]: add new object
[2026-09-18 10:06:56.052] [INFO ] DataDriver - idMap: add vertex_47
[2026-09-18 10:06:56.052] [INFO ] DataDriver - root.p_Vertices[48]: add new object
[2026-09-18 10:06:56.052] [INFO ] DataDriver - idMap: add vertex_48
[2026-09-18 10:06:56.052] [INFO ] DataDriver - root.p_Vertices[49]: add new object
[2026-09-18 10:06:56.052] [INFO ] DataDriver - idMap: add vertex_49
[2026-09-18 10:06:56.052] [INFO ] DataDriver - root.p_Vertices[50]: add new object
[2026-09-18 10:06:56.052] [INFO ] DataDriver - idMap: add vertex_50
[2026-09-18 10:06:56.052] [INFO ] DataDriver - root.p_Vertices[51]: add new object
[2026-09-18 10:06:56.052] [INFO ] DataDriver - idMap: add vertex_51
[2026-09-18 10:06:56.052] [INFO ] DataDriver - root.p_Vertices[52]: add new object
[2026-09-18 10:06:56.052] [INFO ] DataDriver - idMap: add vertex_52
[2026-09-18 10:06:56.052] [INFO ] DataDriver - root.p_Vertices[53]: add new object
[2026-09-18 10:06:56.052] [INFO ] DataDriver - idMap: add vertex_53
[2026-09-18 10:06:56.053] [INFO ] DataDriver - root.p_Vertices[54]: add new object
[2026-09-18 10:06:56.053] [INFO ] DataDriver - idMap: add vertex_54
[2026-09-18 10:06:56.053] [INFO ] DataDriver - root.p_Vertices[55]: add new object
[2026-09-18 10:06:56.053] [INFO ] DataDriver - idMap: add vertex_55
[2026-09-18 10:06:56.053] [INFO ] DataDriver - root.p_Vertices[56]: add new object
[2026-09-18 10:06:56.053] [INFO ] DataDriver - idMap: add vertex_56
[2026-09-18 10:06:56.053] [INFO ] DataDriver - root.p_Vertices[57]: add new object
[2026-09-18 10:06:56.053] [INFO ] DataDriver - idMap: add vertex_57
[2026-09-18 10:06:56.054] [INFO ] DataDriver - root.p_Vertices[58]: add new object
[2026-09-18 10:06:56.054] [INFO ] DataDriver - idMap: add vertex_58
[2026-09-18 10:06:56.054] [INFO ] DataDriver - root.p_Vertices[59]: add new object
[2026-09-18 10:06:56.054] [INFO ] DataDriver - idMap: add vertex_59
[2026-09-18 10:06:56.054] [INFO ] DataDriver - root.p_Vertices[60]: add new object
[2026-09-18 10:06:56.054] [INFO ] DataDriver - idMap: add vertex_60
[2026-09-18 10:06:56.054] [INFO ] DataDriver - root.p_Vertices[61]: add new object
[2026-09-18 10:06:56.054] [INFO ] DataDriver - idMap: add vertex_61
[2026-09-18 10:06:56.054] [INFO ] DataDriver - root.p_Vertices[62]: add new object
[2026-09-18 10:06:56.054] [INFO ] DataDriver - idMap: add vertex_62
[2026-09-18 10:06:56.054] [INFO ] DataDriver - root.p_Vertices[63]: add new object
[2026-09-18 10:06:56.054] [INFO ] DataDriver - idMap: add vertex_63
[2026-09-18 10:06:56.054] [INFO ] DataDriver - root.p_Vertices[64]: add new object
[2026-09-18 10:06:56.054] [INFO ] DataDriver - idMap: add vertex_64
[2026-09-18 10:06:56.055] [INFO ] DataDriver - root.p_Vertices[65]: add new object
[2026-09-18 10:06:56.055] [INFO ] DataDriver - idMap: add vertex_65
[2026-09-18 10:06:56.055] [INFO ] DataDriver - root.p_Vertices[66]: add new object
[2026-09-18 10:06:56.055] [INFO ] DataDriver - idMap: add vertex_66
[2026-09-18 10:06:56.055] [INFO ] DataDriver - root.p_Vertices[67]: add new object
[2026-09-18 10:06:56.055] [INFO ] DataDriver - idMap: add vertex_67
[2026-09-18 10:06:56.055] [INFO ] DataDriver - root.p_Vertices[68]: add new object
[2026-09-18 10:06:56.055] [INFO ] DataDriver - idMap: add vertex_68
[2026-09-18 10:06:56.055] [INFO ] DataDriver - root.p_Vertices[69]: add new object
[2026-09-18 10:06:56.055] [INFO ] DataDriver - idMap: add vertex_69
[2026-09-18 10:06:56.055] [INFO ] DataDriver - root.p_Vertices[70]: add new object
[2026-09-18 10:06:56.055] [INFO ] DataDriver - idMap: add vertex_70
[2026-09-18 10:06:56.056] [INFO ] DataDriver - root.p_Vertices[71]: add new object
[2026-09-18 10:06:56.056] [INFO ] DataDriver - idMap: add vertex_71
[2026-09-18 10:06:56.056] [INFO ] DataDriver - root.p_Vertices[72]: add new object
[2026-09-18 10:06:56.056] [INFO ] DataDriver - idMap: add vertex_72
[2026-09-18 10:06:56.056] [INFO ] DataDriver - root.p_Vertices[73]: add new object
[2026-09-18 10:06:56.056] [INFO ] DataDriver - idMap: add vertex_73
[2026-09-18 10:06:56.057] [INFO ] DataDriver - root.p_Vertices[74]: add new object
[2026-09-18 10:06:56.057] [INFO ] DataDriver - idMap: add vertex_74
[2026-09-18 10:06:56.057] [INFO ] DataDriver - root.p_Vertices[75]: add new object
[2026-09-18 10:06:56.057] [INFO ] DataDriver - idMap: add vertex_75
[2026-09-18 10:06:56.057] [INFO ] DataDriver - root.p_Vertices[76]: add new object
[2026-09-18 10:06:56.057] [INFO ] DataDriver - idMap: add vertex_76
[2026-09-18 10:06:56.057] [INFO ] DataDriver - root.p_Vertices[77]: add new object
[2026-09-18 10:06:56.057] [INFO ] DataDriver - idMap: add vertex_77
[2026-09-18 10:06:56.057] [INFO ] DataDriver - root.p_Vertices[78]: add new object
[2026-09-18 10:06:56.057] [INFO ] DataDriver - idMap: add vertex_78
[2026-09-18 10:06:56.057] [INFO ] DataDriver - root.p_Vertices[79]: add new object
[2026-09-18 10:06:56.057] [INFO ] DataDriver - idMap: add vertex_79
[2026-09-18 10:06:56.057] [INFO ] DataDriver - root.p_Vertices[80]: add new object
[2026-09-18 10:06:56.057] [INFO ] DataDriver - idMap: add vertex_80
[2026-09-18 10:06:56.057] [INFO ] DataDriver - root.p_Vertices[81]: add new object
[2026-09-18 10:06:56.057] [INFO ] DataDriver - idMap: add vertex_81
[2026-09-18 10:06:56.058] [INFO ] DataDriver - root.p_Vertices[82]: add new object
[2026-09-18 10:06:56.058] [INFO ] DataDriver - idMap: add vertex_82
[2026-09-18 10:06:56.058] [INFO ] DataDriver - root.p_Vertices[83]: add new object
[2026-09-18 10:06:56.058] [INFO ] DataDriver - idMap: add vertex_83
[2026-09-18 10:06:56.058] [INFO ] DataDriver - root.p_Vertices[84]: add new object
[2026-09-18 10:06:56.058] [INFO ] DataDriver - idMap: add vertex_84
[2026-09-18 10:06:56.058] [INFO ] DataDriver - root.p_Vertices[85]: add new object
[2026-09-18 10:06:56.058] [INFO ] DataDriver - idMap: add vertex_85
[2026-09-18 10:06:56.058] [INFO ] DataDriver - root.p_Vertices[86]: add new object
[2026-09-18 10:06:56.058] [INFO ] DataDriver - idMap: add vertex_86
[2026-09-18 10:06:56.058] [INFO ] DataDriver - root.p_Vertices[87]: add new object
[2026-09-18 10:06:56.058] [INFO ] DataDriver - idMap: add vertex_87
[2026-09-18 10:06:56.058] [INFO ] DataDriver - root.p_Vertices[88]: add new object
[2026-09-18 10:06:56.058] [INFO ] DataDriver - idMap: add vertex_88
[2026-09-18 10:06:56.058] [INFO ] DataDriver - root.p_Vertices[89]: add new object
[2026-09-18 10:06:56.058] [INFO ] DataDriver - idMap: add vertex_89
[2026-09-18 10:06:56.058] [INFO ] DataDriver - root.p_Vertices[90]: add new object
[2026-09-18 10:06:56.059] [INFO ] DataDriver - idMap: add vertex_90
[2026-09-18 10:06:56.059] [INFO ] DataDriver - root.p_Vertices[91]: add new object
[2026-09-18 10:06:56.059] [INFO ] DataDriver - idMap: add vertex_91
[2026-09-18 10:06:56.059] [INFO ] DataDriver - root.p_Vertices[92]: add new object
[2026-09-18 10:06:56.059] [INFO ] DataDriver - idMap: add vertex_92
[2026-09-18 10:06:56.059] [INFO ] DataDriver - root.p_Vertices[93]: add new object
[2026-09-18 10:06:56.059] [INFO ] DataDriver - idMap: add vertex_93
[2026-09-18 10:06:56.059] [INFO ] DataDriver - root.p_Vertices[94]: add new object
[2026-09-18 10:06:56.059] [INFO ] DataDriver - idMap: add vertex_94
[2026-09-18 10:06:56.059] [INFO ] DataDriver - root.p_Vertices[95]: add new object
[2026-09-18 10:06:56.059] [INFO ] DataDriver - idMap: add vertex_95
[2026-09-18 10:06:56.059] [INFO ] DataDriver - root.p_Vertices[96]: add new object
[2026-09-18 10:06:56.059] [INFO ] DataDriver - idMap: add vertex_96
[2026-09-18 10:06:56.059] [INFO ] DataDriver - root.p_Vertices[97]: add new object
[2026-09-18 10:06:56.059] [INFO ] DataDriver - idMap: add vertex_97
[2026-09-18 10:06:56.059] [INFO ] DataDriver - root.p_Vertices[98]: add new object
[2026-09-18 10:06:56.059] [INFO ] DataDriver - idMap: add vertex_98
[2026-09-18 10:06:56.059] [INFO ] DataDriver - root.p_Vertices[99]: add new object
[2026-09-18 10:06:56.059] [INFO ] DataDriver - idMap: add vertex_99
[2026-09-18 10:06:56.059] [INFO ] DataDriver - root.p_Vertices[100]: add new object
[2026-09-18 10:06:56.059] [INFO ] DataDriver - idMap: add vertex_100
[2026-09-18 10:06:56.060] [INFO ] DataDriver - root.p_Vertices[101]: add new object
[2026-09-18 10:06:56.060] [INFO ] DataDriver - idMap: add vertex_101
[2026-09-18 10:06:56.060] [INFO ] DataDriver - root.p_Vertices[102]: add new object
[2026-09-18 10:06:56.060] [INFO ] DataDriver - idMap: add vertex_102
[2026-09-18 10:06:56.060] [INFO ] DataDriver - root.p_Vertices[103]: add new object
[2026-09-18 10:06:56.060] [INFO ] DataDriver - idMap: add vertex_103
[2026-09-18 10:06:56.060] [INFO ] DataDriver - root.p_Vertices[104]: add new object
[2026-09-18 10:06:56.060] [INFO ] DataDriver - idMap: add vertex_104
[2026-09-18 10:06:56.060] [INFO ] DataDriver - root.p_Vertices[105]: add new object
[2026-09-18 10:06:56.060] [INFO ] DataDriver - idMap: add vertex_105
[2026-09-18 10:06:56.060] [INFO ] DataDriver - root.p_Vertices[106]: add new object
[2026-09-18 10:06:56.060] [INFO ] DataDriver - idMap: add vertex_106
[2026-09-18 10:06:56.060] [INFO ] DataDriver - root.p_Vertices[107]: add new object
[2026-09-18 10:06:56.060] [INFO ] DataDriver - idMap: add vertex_107
[2026-09-18 10:06:56.061] [INFO ] DataDriver - root.p_Vertices[108]: add new object
[2026-09-18 10:06:56.061] [INFO ] DataDriver - idMap: add vertex_108
[2026-09-18 10:06:56.061] [INFO ] DataDriver - root.p_Vertices[109]: add new object
[2026-09-18 10:06:56.061] [INFO ] DataDriver - idMap: add vertex_109
[2026-09-18 10:06:56.061] [INFO ] DataDriver - root.p_Vertices[110]: add new object
[2026-09-18 10:06:56.061] [INFO ] DataDriver - idMap: add vertex_110
[2026-09-18 10:06:56.061] [INFO ] DataDriver - root.p_Vertices[111]: add new object
[2026-09-18 10:06:56.061] [INFO ] DataDriver - idMap: add vertex_111
[2026-09-18 10:06:56.061] [INFO ] DataDriver - root.p_Vertices[112]: add new object
[2026-09-18 10:06:56.061] [INFO ] DataDriver - idMap: add vertex_112
[2026-09-18 10:06:56.061] [INFO ] DataDriver - root.p_Vertices[113]: add new object
[2026-09-18 10:06:56.061] [INFO ] DataDriver - idMap: add vertex_113
[2026-09-18 10:06:56.061] [INFO ] DataDriver - root.p_Vertices[114]: add new object
[2026-09-18 10:06:56.061] [INFO ] DataDriver - idMap: add vertex_114
[2026-09-18 10:06:56.061] [INFO ] DataDriver - root.p_Vertices[115]: add new object
[2026-09-18 10:06:56.061] [INFO ] DataDriver - idMap: add vertex_115
[2026-09-18 10:06:56.062] [INFO ] DataDriver - root.p_Vertices[116]: add new object
[2026-09-18 10:06:56.062] [INFO ] DataDriver - idMap: add vertex_116
[2026-09-18 10:06:56.062] [INFO ] DataDriver - root.p_Vertices[117]: add new object
[2026-09-18 10:06:56.062] [INFO ] DataDriver - idMap: add vertex_117
[2026-09-18 10:06:56.062] [INFO ] DataDriver - root.p_Vertices[118]: add new object
[2026-09-18 10:06:56.062] [INFO ] DataDriver - idMap: add vertex_118
[2026-09-18 10:06:56.062] [INFO ] DataDriver - root.p_Vertices[119]: add new object
[2026-09-18 10:06:56.062] [INFO ] DataDriver - idMap: add vertex_119
[2026-09-18 10:06:56.062] [INFO ] DataDriver - root.p_Vertices[120]: add new object
[2026-09-18 10:06:56.062] [INFO ] DataDriver - idMap: add vertex_120
[2026-09-18 10:06:56.062] [INFO ] DataDriver - root.p_Vertices[121]: add new object
[2026-09-18 10:06:56.062] [INFO ] DataDriver - idMap: add vertex_121
[2026-09-18 10:06:56.062] [INFO ] DataDriver - root.p_Vertices[122]: add new object
[2026-09-18 10:06:56.062] [INFO ] DataDriver - idMap: add vertex_122
[2026-09-18 10:06:56.062] [INFO ] DataDriver - root.p_Vertices[123]: add new object
[2026-09-18 10:06:56.062] [INFO ] DataDriver - idMap: add vertex_123
[2026-09-18 10:06:56.062] [INFO ] DataDriver - root.p_Vertices[124]: add new object
[2026-09-18 10:06:56.062] [INFO ] DataDriver - idMap: add vertex_124
[2026-09-18 10:06:56.062] [INFO ] DataDriver - root.p_Vertices[125]: add new object
[2026-09-18 10:06:56.062] [INFO ] DataDriver - idMap: add vertex_125
[2026-09-18 10:06:56.062] [INFO ] DataDriver - root.p_Vertices[126]: add new object
[2026-09-18 10:06:56.062] [INFO ] DataDriver - idMap: add vertex_126
[2026-09-18 10:06:56.063] [INFO ] DataDriver - root.p_Vertices[127]: add new object
[2026-09-18 10:06:56.063] [INFO ] DataDriver - idMap: add vertex_127
[2026-09-18 10:06:56.063] [INFO ] DataDriver - root.p_Vertices[128]: add new object
[2026-09-18 10:06:56.063] [INFO ] DataDriver - idMap: add vertex_128
[2026-09-18 10:06:56.063] [INFO ] DataDriver - root.p_Vertices[129]: add new object
[2026-09-18 10:06:56.063] [INFO ] DataDriver - idMap: add vertex_129
[2026-09-18 10:06:56.063] [INFO ] DataDriver - root.p_Vertices[130]: add new object
[2026-09-18 10:06:56.063] [INFO ] DataDriver - idMap: add vertex_130
[2026-09-18 10:06:56.063] [INFO ] DataDriver - root.p_Vertices[131]: add new object
[2026-09-18 10:06:56.063] [INFO ] DataDriver - idMap: add vertex_131
[2026-09-18 10:06:56.063] [INFO ] DataDriver - root.p_Vertices[132]: add new object
[2026-09-18 10:06:56.063] [INFO ] DataDriver - idMap: add vertex_132
[2026-09-18 10:06:56.063] [INFO ] DataDriver - root.p_Vertices[133]: add new object
[2026-09-18 10:06:56.063] [INFO ] DataDriver - idMap: add vertex_133
[2026-09-18 10:06:56.063] [INFO ] DataDriver - root.p_Vertices[134]: add new object
[2026-09-18 10:06:56.063] [INFO ] DataDriver - idMap: add vertex_134
[2026-09-18 10:06:56.063] [INFO ] DataDriver - root.p_Vertices[135]: add new object
[2026-09-18 10:06:56.063] [INFO ] DataDriver - idMap: add vertex_135
[2026-09-18 10:06:56.063] [INFO ] DataDriver - root.p_Vertices[136]: add new object
[2026-09-18 10:06:56.063] [INFO ] DataDriver - idMap: add vertex_136
[2026-09-18 10:06:56.063] [INFO ] DataDriver - root.p_Vertices[137]: add new object
[2026-09-18 10:06:56.063] [INFO ] DataDriver - idMap: add vertex_137
[2026-09-18 10:06:56.064] [INFO ] DataDriver - root.p_Vertices[138]: add new object
[2026-09-18 10:06:56.064] [INFO ] DataDriver - idMap: add vertex_138
[2026-09-18 10:06:56.064] [INFO ] DataDriver - root.p_Vertices[139]: add new object
[2026-09-18 10:06:56.064] [INFO ] DataDriver - idMap: add vertex_139
[2026-09-18 10:06:56.064] [INFO ] DataDriver - root.p_Vertices[140]: add new object
[2026-09-18 10:06:56.064] [INFO ] DataDriver - idMap: add vertex_140
[2026-09-18 10:06:56.064] [INFO ] DataDriver - root.p_Vertices[141]: add new object
[2026-09-18 10:06:56.064] [INFO ] DataDriver - idMap: add vertex_141
[2026-09-18 10:06:56.064] [INFO ] DataDriver - root.p_Vertices[142]: add new object
[2026-09-18 10:06:56.064] [INFO ] DataDriver - idMap: add vertex_142
[2026-09-18 10:06:56.064] [INFO ] DataDriver - root.p_Vertices[143]: add new object
[2026-09-18 10:06:56.064] [INFO ] DataDriver - idMap: add vertex_143
[2026-09-18 10:06:56.064] [INFO ] DataDriver - root.p_Vertices[144]: add new object
[2026-09-18 10:06:56.064] [INFO ] DataDriver - idMap: add vertex_144
[2026-09-18 10:06:56.064] [INFO ] DataDriver - root.p_Vertices[145]: add new object
[2026-09-18 10:06:56.064] [INFO ] DataDriver - idMap: add vertex_145
[2026-09-18 10:06:56.064] [INFO ] DataDriver - root.p_Vertices[146]: add new object
[2026-09-18 10:06:56.064] [INFO ] DataDriver - idMap: add vertex_146
[2026-09-18 10:06:56.064] [INFO ] DataDriver - root.p_Vertices[147]: add new object
[2026-09-18 10:06:56.065] [INFO ] DataDriver - idMap: add vertex_147
[2026-09-18 10:06:56.065] [INFO ] DataDriver - root.p_Vertices[148]: add new object
[2026-09-18 10:06:56.065] [INFO ] DataDriver - idMap: add vertex_148
[2026-09-18 10:06:56.065] [INFO ] DataDriver - root.p_Vertices[149]: add new object
[2026-09-18 10:06:56.065] [INFO ] DataDriver - idMap: add vertex_149
[2026-09-18 10:06:56.065] [INFO ] DataDriver - root.p_Vertices[150]: add new object
[2026-09-18 10:06:56.065] [INFO ] DataDriver - idMap: add vertex_150
[2026-09-18 10:06:56.065] [INFO ] DataDriver - root.p_Vertices[151]: add new object
[2026-09-18 10:06:56.065] [INFO ] DataDriver - idMap: add vertex_151
[2026-09-18 10:06:56.065] [INFO ] DataDriver - root.p_Vertices[152]: add new object
[2026-09-18 10:06:56.065] [INFO ] DataDriver - idMap: add vertex_152
[2026-09-18 10:06:56.065] [INFO ] DataDriver - root.p_Vertices[153]: add new object
[2026-09-18 10:06:56.065] [INFO ] DataDriver - idMap: add vertex_153
[2026-09-18 10:06:56.065] [INFO ] DataDriver - root.p_Vertices[154]: add new object
[2026-09-18 10:06:56.065] [INFO ] DataDriver - idMap: add vertex_154
[2026-09-18 10:06:56.065] [INFO ] DataDriver - root.p_Vertices[155]: add new object
[2026-09-18 10:06:56.065] [INFO ] DataDriver - idMap: add vertex_155
[2026-09-18 10:06:56.065] [INFO ] DataDriver - root.p_Vertices[156]: add new object
[2026-09-18 10:06:56.065] [INFO ] DataDriver - idMap: add vertex_156
[2026-09-18 10:06:56.065] [INFO ] DataDriver - root.p_Vertices[157]: add new object
[2026-09-18 10:06:56.065] [INFO ] DataDriver - idMap: add vertex_157
[2026-09-18 10:06:56.066] [INFO ] DataDriver - root.p_Vertices[158]: add new object
[2026-09-18 10:06:56.066] [INFO ] DataDriver - idMap: add vertex_158
[2026-09-18 10:06:56.066] [INFO ] DataDriver - root.p_Vertices[159]: add new object
[2026-09-18 10:06:56.066] [INFO ] DataDriver - idMap: add vertex_159
[2026-09-18 10:06:56.066] [INFO ] DataDriver - root.p_Vertices[160]: add new object
[2026-09-18 10:06:56.066] [INFO ] DataDriver - idMap: add vertex_160
[2026-09-18 10:06:56.066] [INFO ] DataDriver - root.p_Vertices[161]: add new object
[2026-09-18 10:06:56.066] [INFO ] DataDriver - idMap: add vertex_161
[2026-09-18 10:06:56.066] [INFO ] DataDriver - root.p_Vertices[162]: add new object
[2026-09-18 10:06:56.066] [INFO ] DataDriver - idMap: add vertex_162
[2026-09-18 10:06:56.066] [INFO ] DataDriver - root.p_Vertices[163]: add new object
[2026-09-18 10:06:56.066] [INFO ] DataDriver - idMap: add vertex_163
[2026-09-18 10:06:56.066] [INFO ] DataDriver - root.p_Vertices[164]: add new object
[2026-09-18 10:06:56.066] [INFO ] DataDriver - idMap: add vertex_164
[2026-09-18 10:06:56.066] [INFO ] DataDriver - root.p_Vertices[165]: add new object
[2026-09-18 10:06:56.066] [INFO ] DataDriver - idMap: add vertex_165
[2026-09-18 10:06:56.066] [INFO ] DataDriver - root.p_Vertices[166]: add new object
[2026-09-18 10:06:56.067] [INFO ] DataDriver - idMap: add vertex_166
[2026-09-18 10:06:56.067] [INFO ] DataDriver - root.p_Vertices[167]: add new object
[2026-09-18 10:06:56.067] [INFO ] DataDriver - idMap: add vertex_167
[2026-09-18 10:06:56.067] [INFO ] DataDriver - root.p_Vertices[168]: add new object
[2026-09-18 10:06:56.067] [INFO ] DataDriver - idMap: add vertex_168
[2026-09-18 10:06:56.067] [INFO ] DataDriver - root.p_Vertices[169]: add new object
[2026-09-18 10:06:56.067] [INFO ] DataDriver - idMap: add vertex_169
[2026-09-18 10:06:56.067] [INFO ] DataDriver - root.p_Vertices[170]: add new object
[2026-09-18 10:06:56.067] [INFO ] DataDriver - idMap: add vertex_170
[2026-09-18 10:06:56.067] [INFO ] DataDriver - root.p_Vertices[171]: add new object
[2026-09-18 10:06:56.067] [INFO ] DataDriver - idMap: add vertex_171
[2026-09-18 10:06:56.067] [INFO ] DataDriver - root.p_Vertices[172]: add new object
[2026-09-18 10:06:56.067] [INFO ] DataDriver - idMap: add vertex_172
[2026-09-18 10:06:56.067] [INFO ] DataDriver - root.p_Vertices[173]: add new object
[2026-09-18 10:06:56.067] [INFO ] DataDriver - idMap: add vertex_173
[2026-09-18 10:06:56.067] [INFO ] DataDriver - root.p_Vertices[174]: add new object
[2026-09-18 10:06:56.067] [INFO ] DataDriver - idMap: add vertex_174
[2026-09-18 10:06:56.067] [INFO ] DataDriver - root.p_Vertices[175]: add new object
[2026-09-18 10:06:56.067] [INFO ] DataDriver - idMap: add vertex_175
[2026-09-18 10:06:56.067] [INFO ] DataDriver - root.p_Vertices[176]: add new object
[2026-09-18 10:06:56.067] [INFO ] DataDriver - idMap: add vertex_176
[2026-09-18 10:06:56.067] [INFO ] DataDriver - root.p_Vertices[177]: add new object
[2026-09-18 10:06:56.067] [INFO ] DataDriver - idMap: add vertex_177
[2026-09-18 10:06:56.067] [INFO ] DataDriver - root.p_Vertices[178]: add new object
[2026-09-18 10:06:56.068] [INFO ] DataDriver - idMap: add vertex_178
[2026-09-18 10:06:56.068] [INFO ] DataDriver - root.p_Vertices[179]: add new object
[2026-09-18 10:06:56.068] [INFO ] DataDriver - idMap: add vertex_179
[2026-09-18 10:06:56.068] [INFO ] DataDriver - root.p_Vertices[180]: add new object
[2026-09-18 10:06:56.068] [INFO ] DataDriver - idMap: add vertex_180
[2026-09-18 10:06:56.068] [INFO ] DataDriver - root.p_Vertices[181]: add new object
[2026-09-18 10:06:56.068] [INFO ] DataDriver - idMap: add vertex_181
[2026-09-18 10:06:56.068] [INFO ] DataDriver - root.p_Vertices[182]: add new object
[2026-09-18 10:06:56.068] [INFO ] DataDriver - idMap: add vertex_182
[2026-09-18 10:06:56.068] [INFO ] DataDriver - root.p_Vertices[183]: add new object
[2026-09-18 10:06:56.068] [INFO ] DataDriver - idMap: add vertex_183
[2026-09-18 10:06:56.068] [INFO ] DataDriver - root.p_Vertices[184]: add new object
[2026-09-18 10:06:56.068] [INFO ] DataDriver - idMap: add vertex_184
[2026-09-18 10:06:56.068] [INFO ] DataDriver - root.p_Vertices[185]: add new object
[2026-09-18 10:06:56.068] [INFO ] DataDriver - idMap: add vertex_185
[2026-09-18 10:06:56.068] [INFO ] DataDriver - root.p_Vertices[186]: add new object
[2026-09-18 10:06:56.068] [INFO ] DataDriver - idMap: add vertex_186
[2026-09-18 10:06:56.068] [INFO ] DataDriver - root.p_Vertices[187]: add new object
[2026-09-18 10:06:56.068] [INFO ] DataDriver - idMap: add vertex_187
[2026-09-18 10:06:56.068] [INFO ] DataDriver - root.p_Vertices[188]: add new object
[2026-09-18 10:06:56.068] [INFO ] DataDriver - idMap: add vertex_188
[2026-09-18 10:06:56.068] [INFO ] DataDriver - root.p_Vertices[189]: add new object
[2026-09-18 10:06:56.069] [INFO ] DataDriver - idMap: add vertex_189
[2026-09-18 10:06:56.069] [INFO ] DataDriver - root.p_Vertices[190]: add new object
[2026-09-18 10:06:56.069] [INFO ] DataDriver - idMap: add vertex_190
[2026-09-18 10:06:56.069] [INFO ] DataDriver - root.p_Vertices[191]: add new object
[2026-09-18 10:06:56.069] [INFO ] DataDriver - idMap: add vertex_191
[2026-09-18 10:06:56.069] [INFO ] DataDriver - root.p_Vertices[192]: add new object
[2026-09-18 10:06:56.069] [INFO ] DataDriver - idMap: add vertex_192
[2026-09-18 10:06:56.069] [INFO ] DataDriver - root.p_Vertices[193]: add new object
[2026-09-18 10:06:56.069] [INFO ] DataDriver - idMap: add vertex_193
[2026-09-18 10:06:56.069] [INFO ] DataDriver - root.p_Vertices[194]: add new object
[2026-09-18 10:06:56.069] [INFO ] DataDriver - idMap: add vertex_194
[2026-09-18 10:06:56.069] [INFO ] DataDriver - root.p_Vertices[195]: add new object
[2026-09-18 10:06:56.069] [INFO ] DataDriver - idMap: add vertex_195
[2026-09-18 10:06:56.069] [INFO ] DataDriver - root.p_Vertices[196]: add new object
[2026-09-18 10:06:56.069] [INFO ] DataDriver - idMap: add vertex_196
[2026-09-18 10:06:56.069] [INFO ] DataDriver - root.p_Vertices[197]: add new object
[2026-09-18 10:06:56.069] [INFO ] DataDriver - idMap: add vertex_197
[2026-09-18 10:06:56.069] [INFO ] DataDriver - root.p_Vertices[198]: add new object
[2026-09-18 10:06:56.069] [INFO ] DataDriver - idMap: add vertex_198
[2026-09-18 10:06:56.070] [INFO ] DataDriver - root.p_Vertices[199]: add new object
[2026-09-18 10:06:56.070] [INFO ] DataDriver - idMap: add vertex_199
[2026-09-18 10:06:56.070] [INFO ] DataDriver - root.p_Vertices[200]: add new object
[2026-09-18 10:06:56.070] [INFO ] DataDriver - idMap: add vertex_200
[2026-09-18 10:06:56.070] [INFO ] DataDriver - root.p_Vertices[201]: add new object
[2026-09-18 10:06:56.070] [INFO ] DataDriver - idMap: add vertex_201
[2026-09-18 10:06:56.070] [INFO ] DataDriver - root.p_Vertices[202]: add new object
[2026-09-18 10:06:56.070] [INFO ] DataDriver - idMap: add vertex_202
[2026-09-18 10:06:56.070] [INFO ] DataDriver - root.p_Vertices[203]: add new object
[2026-09-18 10:06:56.070] [INFO ] DataDriver - idMap: add vertex_203
[2026-09-18 10:06:56.070] [INFO ] DataDriver - root.p_Vertices[204]: add new object
[2026-09-18 10:06:56.070] [INFO ] DataDriver - idMap: add vertex_204
[2026-09-18 10:06:56.070] [INFO ] DataDriver - root.p_Vertices[205]: add new object
[2026-09-18 10:06:56.070] [INFO ] DataDriver - idMap: add vertex_205
[2026-09-18 10:06:56.070] [INFO ] DataDriver - root.p_Vertices[206]: add new object
[2026-09-18 10:06:56.070] [INFO ] DataDriver - idMap: add vertex_206
[2026-09-18 10:06:56.070] [INFO ] DataDriver - root.p_Vertices[207]: add new object
[2026-09-18 10:06:56.070] [INFO ] DataDriver - idMap: add vertex_207
[2026-09-18 10:06:56.070] [INFO ] DataDriver - root.p_Vertices[208]: add new object
[2026-09-18 10:06:56.070] [INFO ] DataDriver - idMap: add vertex_208
[2026-09-18 10:06:56.070] [INFO ] DataDriver - root.p_Vertices[209]: add new object
[2026-09-18 10:06:56.070] [INFO ] DataDriver - idMap: add vertex_209
[2026-09-18 10:06:56.070] [INFO ] DataDriver - root.p_Vertices[210]: add new object
[2026-09-18 10:06:56.071] [INFO ] DataDriver - idMap: add vertex_210
[2026-09-18 10:06:56.071] [INFO ] DataDriver - root.p_Vertices[211]: add new object
[2026-09-18 10:06:56.071] [INFO ] DataDriver - idMap: add vertex_211
[2026-09-18 10:06:56.071] [INFO ] DataDriver - root.p_Vertices[212]: add new object
[2026-09-18 10:06:56.071] [INFO ] DataDriver - idMap: add vertex_212
[2026-09-18 10:06:56.071] [INFO ] DataDriver - root.p_Vertices[213]: add new object
[2026-09-18 10:06:56.071] [INFO ] DataDriver - idMap: add vertex_213
[2026-09-18 10:06:56.071] [INFO ] DataDriver - root.p_Vertices[214]: add new object
[2026-09-18 10:06:56.071] [INFO ] DataDriver - idMap: add vertex_214
[2026-09-18 10:06:56.071] [INFO ] DataDriver - root.p_Vertices[215]: add new object
[2026-09-18 10:06:56.071] [INFO ] DataDriver - idMap: add vertex_215
[2026-09-18 10:06:56.071] [INFO ] DataDriver - root.p_Vertices[216]: add new object
[2026-09-18 10:06:56.071] [INFO ] DataDriver - idMap: add vertex_216
[2026-09-18 10:06:56.071] [INFO ] DataDriver - root.p_Vertices[217]: add new object
[2026-09-18 10:06:56.071] [INFO ] DataDriver - idMap: add vertex_217
[2026-09-18 10:06:56.071] [INFO ] DataDriver - root.p_Vertices[218]: add new object
[2026-09-18 10:06:56.071] [INFO ] DataDriver - idMap: add vertex_218
[2026-09-18 10:06:56.071] [INFO ] DataDriver - root.p_Vertices[219]: add new object
[2026-09-18 10:06:56.071] [INFO ] DataDriver - idMap: add vertex_219
[2026-09-18 10:06:56.071] [INFO ] DataDriver - root.p_Vertices[220]: add new object
[2026-09-18 10:06:56.071] [INFO ] DataDriver - idMap: add vertex_220
[2026-09-18 10:06:56.071] [INFO ] DataDriver - root.p_Vertices[221]: add new object
[2026-09-18 10:06:56.071] [INFO ] DataDriver - idMap: add vertex_221
[2026-09-18 10:06:56.071] [INFO ] DataDriver - root.p_Vertices[222]: add new object
[2026-09-18 10:06:56.072] [INFO ] DataDriver - idMap: add vertex_222
[2026-09-18 10:06:56.072] [INFO ] DataDriver - root.p_Vertices[223]: add new object
[2026-09-18 10:06:56.072] [INFO ] DataDriver - idMap: add vertex_223
[2026-09-18 10:06:56.072] [INFO ] DataDriver - root.p_Vertices[224]: add new object
[2026-09-18 10:06:56.072] [INFO ] DataDriver - idMap: add vertex_224
[2026-09-18 10:06:56.072] [INFO ] DataDriver - root.p_Vertices[225]: add new object
[2026-09-18 10:06:56.072] [INFO ] DataDriver - idMap: add vertex_225
[2026-09-18 10:06:56.072] [INFO ] DataDriver - root.p_Vertices[226]: add new object
[2026-09-18 10:06:56.072] [INFO ] DataDriver - idMap: add vertex_226
[2026-09-18 10:06:56.072] [INFO ] DataDriver - root.p_Vertices[227]: add new object
[2026-09-18 10:06:56.072] [INFO ] DataDriver - idMap: add vertex_227
[2026-09-18 10:06:56.072] [INFO ] DataDriver - root.p_Vertices[228]: add new object
[2026-09-18 10:06:56.072] [INFO ] DataDriver - idMap: add vertex_228
[2026-09-18 10:06:56.072] [INFO ] DataDriver - root.p_Vertices[229]: add new object
[2026-09-18 10:06:56.072] [INFO ] DataDriver - idMap: add vertex_229
[2026-09-18 10:06:56.072] [INFO ] DataDriver - root.p_Vertices[230]: add new object
[2026-09-18 10:06:56.072] [INFO ] DataDriver - idMap: add vertex_230
[2026-09-18 10:06:56.072] [INFO ] DataDriver - root.p_Vertices[231]: add new object
[2026-09-18 10:06:56.072] [INFO ] DataDriver - idMap: add vertex_231
[2026-09-18 10:06:56.072] [INFO ] DataDriver - root.p_Vertices[232]: add new object
[2026-09-18 10:06:56.072] [INFO ] DataDriver - idMap: add vertex_232
[2026-09-18 10:06:56.072] [INFO ] DataDriver - root.p_Vertices[233]: add new object
[2026-09-18 10:06:56.072] [INFO ] DataDriver - idMap: add vertex_233
[2026-09-18 10:06:56.072] [INFO ] DataDriver - root.p_Vertices[234]: add new object
[2026-09-18 10:06:56.073] [INFO ] DataDriver - idMap: add vertex_234
[2026-09-18 10:06:56.073] [INFO ] DataDriver - root.p_Vertices[235]: add new object
[2026-09-18 10:06:56.073] [INFO ] DataDriver - idMap: add vertex_235
[2026-09-18 10:06:56.073] [INFO ] DataDriver - root.p_Vertices[236]: add new object
[2026-09-18 10:06:56.073] [INFO ] DataDriver - idMap: add vertex_236
[2026-09-18 10:06:56.073] [INFO ] DataDriver - root.p_Vertices[237]: add new object
[2026-09-18 10:06:56.073] [INFO ] DataDriver - idMap: add vertex_237
[2026-09-18 10:06:56.073] [INFO ] DataDriver - root.p_Vertices[238]: add new object
[2026-09-18 10:06:56.073] [INFO ] DataDriver - idMap: add vertex_238
[2026-09-18 10:06:56.073] [INFO ] DataDriver - root.p_Vertices[239]: add new object
[2026-09-18 10:06:56.073] [INFO ] DataDriver - idMap: add vertex_239
[2026-09-18 10:06:56.073] [INFO ] DataDriver - root.p_Vertices[240]: add new object
[2026-09-18 10:06:56.073] [INFO ] DataDriver - idMap: add vertex_240
[2026-09-18 10:06:56.073] [INFO ] DataDriver - root.p_Vertices[241]: add new object
[2026-09-18 10:06:56.073] [INFO ] DataDriver - idMap: add vertex_241
[2026-09-18 10:06:56.073] [INFO ] DataDriver - root.p_Vertices[242]: add new object
[2026-09-18 10:06:56.073] [INFO ] DataDriver - idMap: add vertex_242
[2026-09-18 10:06:56.073] [INFO ] DataDriver - root.p_Vertices[243]: add new object
[2026-09-18 10:06:56.073] [INFO ] DataDriver - idMap: add vertex_243
[2026-09-18 10:06:56.073] [INFO ] DataDriver - root.p_Vertices[244]: add new object
[2026-09-18 10:06:56.073] [INFO ] DataDriver - idMap: add vertex_244
[2026-09-18 10:06:56.073] [INFO ] DataDriver - root.p_Vertices[245]: add new object
[2026-09-18 10:06:56.073] [INFO ] DataDriver - idMap: add vertex_245
[2026-09-18 10:06:56.073] [INFO ] DataDriver - root.p_Vertices[246]: add new object
[2026-09-18 10:06:56.073] [INFO ] DataDriver - idMap: add vertex_246
[2026-09-18 10:06:56.074] [INFO ] DataDriver - root.p_Vertices[247]: add new object
[2026-09-18 10:06:56.074] [INFO ] DataDriver - idMap: add vertex_247
[2026-09-18 10:06:56.074] [INFO ] DataDriver - root.p_Vertices[248]: add new object
[2026-09-18 10:06:56.074] [INFO ] DataDriver - idMap: add vertex_248
[2026-09-18 10:06:56.074] [INFO ] DataDriver - root.p_Vertices[249]: add new object
[2026-09-18 10:06:56.074] [INFO ] DataDriver - idMap: add vertex_249
[2026-09-18 10:06:56.074] [INFO ] DataDriver - root.p_Vertices[250]: add new object
[2026-09-18 10:06:56.074] [INFO ] DataDriver - idMap: add vertex_250
[2026-09-18 10:06:56.074] [INFO ] DataDriver - root.p_Vertices[251]: add new object
[2026-09-18 10:06:56.074] [INFO ] DataDriver - idMap: add vertex_251
[2026-09-18 10:06:56.074] [INFO ] DataDriver - root.p_Vertices[252]: add new object
[2026-09-18 10:06:56.074] [INFO ] DataDriver - idMap: add vertex_252
[2026-09-18 10:06:56.074] [INFO ] DataDriver - root.p_Vertices[253]: add new object
[2026-09-18 10:06:56.074] [INFO ] DataDriver - idMap: add vertex_253
[2026-09-18 10:06:56.074] [INFO ] DataDriver - root.p_Vertices[254]: add new object
[2026-09-18 10:06:56.074] [INFO ] DataDriver - idMap: add vertex_254
[2026-09-18 10:06:56.074] [INFO ] DataDriver - root.p_Vertices[255]: add new object
[2026-09-18 10:06:56.074] [INFO ] DataDriver - idMap: add vertex_255
[2026-09-18 10:06:56.074] [INFO ] DataDriver - root.p_Vertices[256]: add new object
[2026-09-18 10:06:56.074] [INFO ] DataDriver - idMap: add vertex_256
[2026-09-18 10:06:56.074] [INFO ] DataDriver - root.p_Vertices[257]: add new object
[2026-09-18 10:06:56.074] [INFO ] DataDriver - idMap: add vertex_257
[2026-09-18 10:06:56.074] [INFO ] DataDriver - root.p_Vertices[258]: add new object
[2026-09-18 10:06:56.074] [INFO ] DataDriver - idMap: add vertex_258
[2026-09-18 10:06:56.074] [INFO ] DataDriver - root.p_Vertices[259]: add new object
[2026-09-18 10:06:56.074] [INFO ] DataDriver - idMap: add vertex_259
[2026-09-18 10:06:56.075] [INFO ] DataDriver - root.p_Vertices[260]: add new object
[2026-09-18 10:06:56.075] [INFO ] DataDriver - idMap: add vertex_260
[2026-09-18 10:06:56.075] [INFO ] DataDriver - root.p_Vertices[261]: add new object
[2026-09-18 10:06:56.075] [INFO ] DataDriver - idMap: add vertex_261
[2026-09-18 10:06:56.075] [INFO ] DataDriver - root.p_Vertices[262]: add new object
[2026-09-18 10:06:56.075] [INFO ] DataDriver - idMap: add vertex_262
[2026-09-18 10:06:56.075] [INFO ] DataDriver - root.p_Vertices[263]: add new object
[2026-09-18 10:06:56.075] [INFO ] DataDriver - idMap: add vertex_263
[2026-09-18 10:06:56.075] [INFO ] DataDriver - root.p_Vertices[264]: add new object
[2026-09-18 10:06:56.075] [INFO ] DataDriver - idMap: add vertex_264
[2026-09-18 10:06:56.075] [INFO ] DataDriver - root.p_Vertices[265]: add new object
[2026-09-18 10:06:56.075] [INFO ] DataDriver - idMap: add vertex_265
[2026-09-18 10:06:56.075] [INFO ] DataDriver - root.p_Vertices[266]: add new object
[2026-09-18 10:06:56.075] [INFO ] DataDriver - idMap: add vertex_266
[2026-09-18 10:06:56.075] [INFO ] DataDriver - root.p_Vertices[267]: add new object
[2026-09-18 10:06:56.075] [INFO ] DataDriver - idMap: add vertex_267
[2026-09-18 10:06:56.075] [INFO ] DataDriver - root.p_Vertices[268]: add new object
[2026-09-18 10:06:56.075] [INFO ] DataDriver - idMap: add vertex_268
[2026-09-18 10:06:56.075] [INFO ] DataDriver - root.p_Vertices[269]: add new object
[2026-09-18 10:06:56.075] [INFO ] DataDriver - idMap: add vertex_269
[2026-09-18 10:06:56.075] [INFO ] DataDriver - root.p_Vertices[270]: add new object
[2026-09-18 10:06:56.075] [INFO ] DataDriver - idMap: add vertex_270
[2026-09-18 10:06:56.075] [INFO ] DataDriver - root.p_Vertices[271]: add new object
[2026-09-18 10:06:56.075] [INFO ] DataDriver - idMap: add vertex_271
[2026-09-18 10:06:56.076] [INFO ] DataDriver - root.p_Vertices[272]: add new object
[2026-09-18 10:06:56.076] [INFO ] DataDriver - idMap: add vertex_272
[2026-09-18 10:06:56.076] [INFO ] DataDriver - root.p_Vertices[273]: add new object
[2026-09-18 10:06:56.076] [INFO ] DataDriver - idMap: add vertex_273
[2026-09-18 10:06:56.076] [INFO ] DataDriver - root.p_Vertices[274]: add new object
[2026-09-18 10:06:56.076] [INFO ] DataDriver - idMap: add vertex_274
[2026-09-18 10:06:56.076] [INFO ] DataDriver - root.p_Vertices[275]: add new object
[2026-09-18 10:06:56.076] [INFO ] DataDriver - idMap: add vertex_275
[2026-09-18 10:06:56.076] [INFO ] DataDriver - root.p_Vertices[276]: add new object
[2026-09-18 10:06:56.076] [INFO ] DataDriver - idMap: add vertex_276
[2026-09-18 10:06:56.076] [INFO ] DataDriver - root.p_Vertices[277]: add new object
[2026-09-18 10:06:56.076] [INFO ] DataDriver - idMap: add vertex_277
[2026-09-18 10:06:56.076] [INFO ] DataDriver - root.p_Vertices[278]: add new object
[2026-09-18 10:06:56.076] [INFO ] DataDriver - idMap: add vertex_278
[2026-09-18 10:06:56.076] [INFO ] DataDriver - root.p_Vertices[279]: add new object
[2026-09-18 10:06:56.076] [INFO ] DataDriver - idMap: add vertex_279
[2026-09-18 10:06:56.076] [INFO ] DataDriver - root.p_Vertices[280]: add new object
[2026-09-18 10:06:56.076] [INFO ] DataDriver - idMap: add vertex_280
[2026-09-18 10:06:56.076] [INFO ] DataDriver - root.p_Vertices[281]: add new object
[2026-09-18 10:06:56.076] [INFO ] DataDriver - idMap: add vertex_281
[2026-09-18 10:06:56.077] [INFO ] DataDriver - root.p_Vertices[282]: add new object
[2026-09-18 10:06:56.077] [INFO ] DataDriver - idMap: add vertex_282
[2026-09-18 10:06:56.077] [INFO ] DataDriver - root.p_Vertices[283]: add new object
[2026-09-18 10:06:56.077] [INFO ] DataDriver - idMap: add vertex_283
[2026-09-18 10:06:56.077] [INFO ] DataDriver - root.p_Vertices[284]: add new object
[2026-09-18 10:06:56.077] [INFO ] DataDriver - idMap: add vertex_284
[2026-09-18 10:06:56.077] [INFO ] DataDriver - root.p_Vertices[285]: add new object
[2026-09-18 10:06:56.077] [INFO ] DataDriver - idMap: add vertex_285
[2026-09-18 10:06:56.077] [INFO ] DataDriver - root.p_Vertices[286]: add new object
[2026-09-18 10:06:56.077] [INFO ] DataDriver - idMap: add vertex_286
[2026-09-18 10:06:56.077] [INFO ] DataDriver - root.p_Vertices[287]: add new object
[2026-09-18 10:06:56.077] [INFO ] DataDriver - idMap: add vertex_287
[2026-09-18 10:06:56.077] [INFO ] DataDriver - root.p_Vertices[288]: add new object
[2026-09-18 10:06:56.077] [INFO ] DataDriver - idMap: add vertex_288
[2026-09-18 10:06:56.077] [INFO ] DataDriver - root.p_Vertices[289]: add new object
[2026-09-18 10:06:56.077] [INFO ] DataDriver - idMap: add vertex_289
[2026-09-18 10:06:56.077] [INFO ] DataDriver - root.p_Vertices[290]: add new object
[2026-09-18 10:06:56.077] [INFO ] DataDriver - idMap: add vertex_290
[2026-09-18 10:06:56.077] [INFO ] DataDriver - root.p_Vertices[291]: add new object
[2026-09-18 10:06:56.077] [INFO ] DataDriver - idMap: add vertex_291
[2026-09-18 10:06:56.077] [INFO ] DataDriver - root.p_Vertices[292]: add new object
[2026-09-18 10:06:56.077] [INFO ] DataDriver - idMap: add vertex_292
[2026-09-18 10:06:56.077] [INFO ] DataDriver - root.p_Vertices[293]: add new object
[2026-09-18 10:06:56.077] [INFO ] DataDriver - idMap: add vertex_293
[2026-09-18 10:06:56.077] [INFO ] DataDriver - root.p_Vertices[294]: add new object
[2026-09-18 10:06:56.077] [INFO ] DataDriver - idMap: add vertex_294
[2026-09-18 10:06:56.077] [INFO ] DataDriver - root.p_Vertices[295]: add new object
[2026-09-18 10:06:56.077] [INFO ] DataDriver - idMap: add vertex_295
[2026-09-18 10:06:56.077] [INFO ] DataDriver - root.p_Vertices[296]: add new object
[2026-09-18 10:06:56.077] [INFO ] DataDriver - idMap: add vertex_296
[2026-09-18 10:06:56.077] [INFO ] DataDriver - root.p_Vertices[297]: add new object
[2026-09-18 10:06:56.077] [INFO ] DataDriver - idMap: add vertex_297
[2026-09-18 10:06:56.077] [INFO ] DataDriver - root.p_Vertices[298]: add new object
[2026-09-18 10:06:56.077] [INFO ] DataDriver - idMap: add vertex_298
[2026-09-18 10:06:56.077] [INFO ] DataDriver - root.p_Vertices[299]: add new object
[2026-09-18 10:06:56.077] [INFO ] DataDriver - idMap: add vertex_299
[2026-09-18 10:06:56.077] [INFO ] DataDriver - root.p_Vertices[300]: add new object
[2026-09-18 10:06:56.077] [INFO ] DataDriver - idMap: add vertex_300
[2026-09-18 10:06:56.077] [INFO ] DataDriver - root.p_Vertices[301]: add new object
[2026-09-18 10:06:56.077] [INFO ] DataDriver - idMap: add vertex_301
[2026-09-18 10:06:56.077] [INFO ] DataDriver - root.p_Vertices[302]: add new object
[2026-09-18 10:06:56.077] [INFO ] DataDriver - idMap: add vertex_302
[2026-09-18 10:06:56.077] [INFO ] DataDriver - root.p_Vertices[303]: add new object
[2026-09-18 10:06:56.077] [INFO ] DataDriver - idMap: add vertex_303
[2026-09-18 10:06:56.077] [INFO ] DataDriver - root.p_Vertices[304]: add new object
[2026-09-18 10:06:56.077] [INFO ] DataDriver - idMap: add vertex_304
[2026-09-18 10:06:56.077] [INFO ] DataDriver - root.p_Vertices[305]: add new object
[2026-09-18 10:06:56.077] [INFO ] DataDriver - idMap: add vertex_305
[2026-09-18 10:06:56.077] [INFO ] DataDriver - root.p_Vertices[306]: add new object
[2026-09-18 10:06:56.077] [INFO ] DataDriver - idMap: add vertex_306
[2026-09-18 10:06:56.077] [INFO ] DataDriver - root.p_Vertices[307]: add new object
[2026-09-18 10:06:56.077] [INFO ] DataDriver - idMap: add vertex_307
[2026-09-18 10:06:56.077] [INFO ] DataDriver - root.p_Vertices[308]: add new object
[2026-09-18 10:06:56.077] [INFO ] DataDriver - idMap: add vertex_308
[2026-09-18 10:06:56.077] [INFO ] DataDriver - root.p_Vertices[309]: add new object
[2026-09-18 10:06:56.077] [INFO ] DataDriver - idMap: add vertex_309
[2026-09-18 10:06:56.077] [INFO ] DataDriver - root.p_Vertices[310]: add new object
[2026-09-18 10:06:56.077] [INFO ] DataDriver - idMap: add vertex_310
[2026-09-18 10:06:56.077] [INFO ] DataDriver - root.p_Vertices[311]: add new object
[2026-09-18 10:06:56.077] [INFO ] DataDriver - idMap: add vertex_311
[2026-09-18 10:06:56.077] [INFO ] DataDriver - root.p_Vertices[312]: add new object
[2026-09-18 10:06:56.077] [INFO ] DataDriver - idMap: add vertex_312
[2026-09-18 10:06:56.077] [INFO ] DataDriver - root.p_Vertices[313]: add new object
[2026-09-18 10:06:56.077] [INFO ] DataDriver - idMap: add vertex_313
[2026-09-18 10:06:56.077] [INFO ] DataDriver - root.p_Vertices[314]: add new object
[2026-09-18 10:06:56.077] [INFO ] DataDriver - idMap: add vertex_314
[2026-09-18 10:06:56.077] [INFO ] DataDriver - root.p_Vertices[315]: add new object
[2026-09-18 10:06:56.077] [INFO ] DataDriver - idMap: add vertex_315
[2026-09-18 10:06:56.077] [INFO ] DataDriver - root.p_Vertices[316]: add new object
[2026-09-18 10:06:56.077] [INFO ] DataDriver - idMap: add vertex_316
[2026-09-18 10:06:56.077] [INFO ] DataDriver - root.p_Vertices[317]: add new object
[2026-09-18 10:06:56.077] [INFO ] DataDriver - idMap: add vertex_317
[2026-09-18 10:06:56.077] [INFO ] DataDriver - root.p_Vertices[318]: add new object
[2026-09-18 10:06:56.077] [INFO ] DataDriver - idMap: add vertex_318
[2026-09-18 10:06:56.077] [INFO ] DataDriver - root.p_Vertices[319]: add new object
[2026-09-18 10:06:56.077] [INFO ] DataDriver - idMap: add vertex_319
[2026-09-18 10:06:56.077] [INFO ] DataDriver - root.p_Vertices[320]: add new object
[2026-09-18 10:06:56.077] [INFO ] DataDriver - idMap: add vertex_320
[2026-09-18 10:06:56.077] [INFO ] DataDriver - root.p_Vertices[321]: add new object
[2026-09-18 10:06:56.077] [INFO ] DataDriver - idMap: add vertex_321
[2026-09-18 10:06:56.077] [INFO ] DataDriver - root.p_Vertices[322]: add new object
[2026-09-18 10:06:56.077] [INFO ] DataDriver - idMap: add vertex_322
[2026-09-18 10:06:56.080] [INFO ] DataDriver - root.p_Vertices[323]: add new object
[2026-09-18 10:06:56.080] [INFO ] DataDriver - idMap: add vertex_323
[2026-09-18 10:06:56.080] [INFO ] DataDriver - root.p_Vertices[324]: add new object
[2026-09-18 10:06:56.080] [INFO ] DataDriver - idMap: add vertex_324
[2026-09-18 10:06:56.080] [INFO ] DataDriver - root.p_Vertices[325]: add new object
[2026-09-18 10:06:56.080] [INFO ] DataDriver - idMap: add vertex_325
[2026-09-18 10:06:56.080] [INFO ] DataDriver - root.p_Vertices[326]: add new object
[2026-09-18 10:06:56.080] [INFO ] DataDriver - idMap: add vertex_326
[2026-09-18 10:06:56.080] [INFO ] DataDriver - root.p_Vertices[327]: add new object
[2026-09-18 10:06:56.080] [INFO ] DataDriver - idMap: add vertex_327
[2026-09-18 10:06:56.080] [INFO ] DataDriver - root.p_Vertices[328]: add new object
[2026-09-18 10:06:56.080] [INFO ] DataDriver - idMap: add vertex_328
[2026-09-18 10:06:56.080] [INFO ] DataDriver - root.p_Vertices[329]: add new object
[2026-09-18 10:06:56.080] [INFO ] DataDriver - idMap: add vertex_329
[2026-09-18 10:06:56.080] [INFO ] DataDriver - root.p_Vertices[330]: add new object
[2026-09-18 10:06:56.080] [INFO ] DataDriver - idMap: add vertex_330
[2026-09-18 10:06:56.080] [INFO ] DataDriver - root.p_Vertices[331]: add new object
[2026-09-18 10:06:56.080] [INFO ] DataDriver - idMap: add vertex_331
[2026-09-18 10:06:56.080] [INFO ] DataDriver - root.p_Vertices[332]: add new object
[2026-09-18 10:06:56.080] [INFO ] DataDriver - idMap: add vertex_332
[2026-09-18 10:06:56.080] [INFO ] DataDriver - root.p_Vertices[333]: add new object
[2026-09-18 10:06:56.080] [INFO ] DataDriver - idMap: add vertex_333
[2026-09-18 10:06:56.080] [INFO ] DataDriver - root.p_Vertices[334]: add new object
[2026-09-18 10:06:56.080] [INFO ] DataDriver - idMap: add vertex_334
[2026-09-18 10:06:56.080] [INFO ] DataDriver - root.p_Vertices[335]: add new object
[2026-09-18 10:06:56.080] [INFO ] DataDriver - idMap: add vertex_335
[2026-09-18 10:06:56.080] [INFO ] DataDriver - root.p_Vertices[336]: add new object
[2026-09-18 10:06:56.080] [INFO ] DataDriver - idMap: add vertex_336
[2026-09-18 10:06:56.080] [INFO ] DataDriver - root.p_Vertices[337]: add new object
[2026-09-18 10:06:56.080] [INFO ] DataDriver - idMap: add vertex_337
[2026-09-18 10:06:56.080] [INFO ] DataDriver - root.p_Vertices[338]: add new object
[2026-09-18 10:06:56.080] [INFO ] DataDriver - idMap: add vertex_338
[2026-09-18 10:06:56.080] [INFO ] DataDriver - root.p_Vertices[339]: add new object
[2026-09-18 10:06:56.080] [INFO ] DataDriver - idMap: add vertex_339
[2026-09-18 10:06:56.080] [INFO ] DataDriver - root.p_Vertices[340]: add new object
[2026-09-18 10:06:56.080] [INFO ] DataDriver - idMap: add vertex_340
[2026-09-18 10:06:56.080] [INFO ] DataDriver - root.p_Vertices[341]: add new object
[2026-09-18 10:06:56.080] [INFO ] DataDriver - idMap: add vertex_341
[2026-09-18 10:06:56.080] [INFO ] DataDriver - root.p_Vertices[342]: add new object
[2026-09-18 10:06:56.080] [INFO ] DataDriver - idMap: add vertex_342
[2026-09-18 10:06:56.080] [INFO ] DataDriver - root.p_Vertices[343]: add new object
[2026-09-18 10:06:56.080] [INFO ] DataDriver - idMap: add vertex_343
[2026-09-18 10:06:56.080] [INFO ] DataDriver - root.p_Vertices[344]: add new object
[2026-09-18 10:06:56.080] [INFO ] DataDriver - idMap: add vertex_344
[2026-09-18 10:06:56.080] [INFO ] DataDriver - root.p_Vertices[345]: add new object
[2026-09-18 10:06:56.080] [INFO ] DataDriver - idMap: add vertex_345
[2026-09-18 10:06:56.080] [INFO ] DataDriver - root.p_Vertices[346]: add new object
[2026-09-18 10:06:56.080] [INFO ] DataDriver - idMap: add vertex_346
[2026-09-18 10:06:56.080] [INFO ] DataDriver - root.p_Vertices[347]: add new object
[2026-09-18 10:06:56.080] [INFO ] DataDriver - idMap: add vertex_347
[2026-09-18 10:06:56.080] [INFO ] DataDriver - root.p_Vertices[348]: add new object
[2026-09-18 10:06:56.080] [INFO ] DataDriver - idMap: add vertex_348
[2026-09-18 10:06:56.080] [INFO ] DataDriver - root.p_Vertices[349]: add new object
[2026-09-18 10:06:56.080] [INFO ] DataDriver - idMap: add vertex_349
[2026-09-18 10:06:56.080] [INFO ] DataDriver - root.p_Vertices[350]: add new object
[2026-09-18 10:06:56.080] [INFO ] DataDriver - idMap: add vertex_350
[2026-09-18 10:06:56.082] [INFO ] DataDriver - root.p_Vertices[351]: add new object
[2026-09-18 10:06:56.082] [INFO ] DataDriver - idMap: add vertex_351
[2026-09-18 10:06:56.082] [INFO ] DataDriver - root.p_Vertices[352]: add new object
[2026-09-18 10:06:56.082] [INFO ] DataDriver - idMap: add vertex_352
[2026-09-18 10:06:56.082] [INFO ] DataDriver - root.p_Vertices[353]: add new object
[2026-09-18 10:06:56.082] [INFO ] DataDriver - idMap: add vertex_353
[2026-09-18 10:06:56.082] [INFO ] DataDriver - root.p_Vertices[354]: add new object
[2026-09-18 10:06:56.082] [INFO ] DataDriver - idMap: add vertex_354
[2026-09-18 10:06:56.082] [INFO ] DataDriver - root.p_Vertices[355]: add new object
[2026-09-18 10:06:56.082] [INFO ] DataDriver - idMap: add vertex_355
[2026-09-18 10:06:56.083] [INFO ] DataDriver - root.p_Vertices[356]: add new object
[2026-09-18 10:06:56.083] [INFO ] DataDriver - idMap: add vertex_356
[2026-09-18 10:06:56.083] [INFO ] DataDriver - root.p_Vertices[357]: add new object
[2026-09-18 10:06:56.083] [INFO ] DataDriver - idMap: add vertex_357
[2026-09-18 10:06:56.083] [INFO ] DataDriver - root.p_Vertices[358]: add new object
[2026-09-18 10:06:56.083] [INFO ] DataDriver - idMap: add vertex_358
[2026-09-18 10:06:56.083] [INFO ] DataDriver - root.p_Vertices[359]: add new object
[2026-09-18 10:06:56.083] [INFO ] DataDriver - idMap: add vertex_359
[2026-09-18 10:06:56.083] [INFO ] DataDriver - root.p_Vertices[360]: add new object
[2026-09-18 10:06:56.083] [INFO ] DataDriver - idMap: add vertex_360
[2026-09-18 10:06:56.083] [INFO ] DataDriver - root.p_Vertices[361]: add new object
[2026-09-18 10:06:56.083] [INFO ] DataDriver - idMap: add vertex_361
[2026-09-18 10:06:56.083] [INFO ] DataDriver - root.p_Vertices[362]: add new object
[2026-09-18 10:06:56.083] [INFO ] DataDriver - idMap: add vertex_362
[2026-09-18 10:06:56.083] [INFO ] DataDriver - root.p_Vertices[363]: add new object
[2026-09-18 10:06:56.083] [INFO ] DataDriver - idMap: add vertex_363
[2026-09-18 10:06:56.083] [INFO ] DataDriver - root.p_Vertices[364]: add new object
[2026-09-18 10:06:56.083] [INFO ] DataDriver - idMap: add vertex_364
[2026-09-18 10:06:56.083] [INFO ] DataDriver - root.p_Vertices[365]: add new object
[2026-09-18 10:06:56.083] [INFO ] DataDriver - idMap: add vertex_365
[2026-09-18 10:06:56.083] [INFO ] DataDriver - root.p_Vertices[366]: add new object
[2026-09-18 10:06:56.083] [INFO ] DataDriver - idMap: add vertex_366
[2026-09-18 10:06:56.083] [INFO ] DataDriver - root.p_Vertices[367]: add new object
[2026-09-18 10:06:56.084] [INFO ] DataDriver - idMap: add vertex_367
[2026-09-18 10:06:56.084] [INFO ] DataDriver - root.p_Vertices[368]: add new object
[2026-09-18 10:06:56.084] [INFO ] DataDriver - idMap: add vertex_368
[2026-09-18 10:06:56.084] [INFO ] DataDriver - root.p_Vertices[369]: add new object
[2026-09-18 10:06:56.084] [INFO ] DataDriver - idMap: add vertex_369
[2026-09-18 10:06:56.084] [INFO ] DataDriver - root.p_Vertices[370]: add new object
[2026-09-18 10:06:56.084] [INFO ] DataDriver - idMap: add vertex_370
[2026-09-18 10:06:56.084] [INFO ] DataDriver - root.p_Vertices[371]: add new object
[2026-09-18 10:06:56.084] [INFO ] DataDriver - idMap: add vertex_371
[2026-09-18 10:06:56.084] [INFO ] DataDriver - root.p_Vertices[372]: add new object
[2026-09-18 10:06:56.084] [INFO ] DataDriver - idMap: add vertex_372
[2026-09-18 10:06:56.084] [INFO ] DataDriver - root.p_Vertices[373]: add new object
[2026-09-18 10:06:56.084] [INFO ] DataDriver - idMap: add vertex_373
[2026-09-18 10:06:56.084] [INFO ] DataDriver - root.p_Vertices[374]: add new object
[2026-09-18 10:06:56.084] [INFO ] DataDriver - idMap: add vertex_374
[2026-09-18 10:06:56.084] [INFO ] DataDriver - root.p_Vertices[375]: add new object
[2026-09-18 10:06:56.084] [INFO ] DataDriver - idMap: add vertex_375
[2026-09-18 10:06:56.084] [INFO ] DataDriver - root.p_Vertices[376]: add new object
[2026-09-18 10:06:56.084] [INFO ] DataDriver - idMap: add vertex_376
[2026-09-18 10:06:56.084] [INFO ] DataDriver - root.p_Vertices[377]: add new object
[2026-09-18 10:06:56.084] [INFO ] DataDriver - idMap: add vertex_377
[2026-09-18 10:06:56.084] [INFO ] DataDriver - root.p_Vertices[378]: add new object
[2026-09-18 10:06:56.084] [INFO ] DataDriver - idMap: add vertex_378
[2026-09-18 10:06:56.084] [INFO ] DataDriver - root.p_Vertices[379]: add new object
[2026-09-18 10:06:56.084] [INFO ] DataDriver - idMap: add vertex_379
[2026-09-18 10:06:56.084] [INFO ] DataDriver - root.p_Vertices[380]: add new object
[2026-09-18 10:06:56.084] [INFO ] DataDriver - idMap: add vertex_380
[2026-09-18 10:06:56.084] [INFO ] DataDriver - root.p_Vertices[381]: add new object
[2026-09-18 10:06:56.084] [INFO ] DataDriver - idMap: add vertex_381
[2026-09-18 10:06:56.084] [INFO ] DataDriver - root.p_Vertices[382]: add new object
[2026-09-18 10:06:56.084] [INFO ] DataDriver - idMap: add vertex_382
[2026-09-18 10:06:56.085] [INFO ] DataDriver - root.p_Vertices[383]: add new object
[2026-09-18 10:06:56.085] [INFO ] DataDriver - idMap: add vertex_383
[2026-09-18 10:06:56.085] [INFO ] DataDriver - root.p_Vertices[384]: add new object
[2026-09-18 10:06:56.085] [INFO ] DataDriver - idMap: add vertex_384
[2026-09-18 10:06:56.085] [INFO ] DataDriver - root.p_Vertices[385]: add new object
[2026-09-18 10:06:56.085] [INFO ] DataDriver - idMap: add vertex_385
[2026-09-18 10:06:56.085] [INFO ] DataDriver - root.p_Vertices[386]: add new object
[2026-09-18 10:06:56.085] [INFO ] DataDriver - idMap: add vertex_386
[2026-09-18 10:06:56.085] [INFO ] DataDriver - root.p_Vertices[387]: add new object
[2026-09-18 10:06:56.085] [INFO ] DataDriver - idMap: add vertex_387
[2026-09-18 10:06:56.085] [INFO ] DataDriver - root.p_Vertices[388]: add new object
[2026-09-18 10:06:56.085] [INFO ] DataDriver - idMap: add vertex_388
[2026-09-18 10:06:56.085] [INFO ] DataDriver - root.p_Vertices[389]: add new object
[2026-09-18 10:06:56.085] [INFO ] DataDriver - idMap: add vertex_389
[2026-09-18 10:06:56.085] [INFO ] DataDriver - root.p_Vertices[390]: add new object
[2026-09-18 10:06:56.085] [INFO ] DataDriver - idMap: add vertex_390
[2026-09-18 10:06:56.085] [INFO ] DataDriver - root.p_Vertices[391]: add new object
[2026-09-18 10:06:56.085] [INFO ] DataDriver - idMap: add vertex_391
[2026-09-18 10:06:56.085] [INFO ] DataDriver - root.p_Vertices[392]: add new object
[2026-09-18 10:06:56.085] [INFO ] DataDriver - idMap: add vertex_392
[2026-09-18 10:06:56.085] [INFO ] DataDriver - root.p_Vertices[393]: add new object
[2026-09-18 10:06:56.085] [INFO ] DataDriver - idMap: add vertex_393
[2026-09-18 10:06:56.085] [INFO ] DataDriver - root.p_Vertices[394]: add new object
[2026-09-18 10:06:56.085] [INFO ] DataDriver - idMap: add vertex_394
[2026-09-18 10:06:56.085] [INFO ] DataDriver - root.p_Vertices[395]: add new object
[2026-09-18 10:06:56.085] [INFO ] DataDriver - idMap: add vertex_395
[2026-09-18 10:06:56.086] [INFO ] DataDriver - root.p_Vertices[396]: add new object
[2026-09-18 10:06:56.086] [INFO ] DataDriver - idMap: add vertex_396
[2026-09-18 10:06:56.086] [INFO ] DataDriver - root.p_Vertices[397]: add new object
[2026-09-18 10:06:56.086] [INFO ] DataDriver - idMap: add vertex_397
[2026-09-18 10:06:56.086] [INFO ] DataDriver - root.p_Vertices[398]: add new object
[2026-09-18 10:06:56.086] [INFO ] DataDriver - idMap: add vertex_398
[2026-09-18 10:06:56.086] [INFO ] DataDriver - root.p_Vertices[399]: add new object
[2026-09-18 10:06:56.086] [INFO ] DataDriver - idMap: add vertex_399
[2026-09-18 10:06:56.086] [INFO ] DataDriver - root.p_Vertices[400]: add new object
[2026-09-18 10:06:56.086] [INFO ] DataDriver - idMap: add vertex_400
[2026-09-18 10:06:56.086] [INFO ] DataDriver - root.p_Vertices[401]: add new object
[2026-09-18 10:06:56.086] [INFO ] DataDriver - idMap: add vertex_401
[2026-09-18 10:06:56.086] [INFO ] DataDriver - root.p_Vertices[402]: add new object
[2026-09-18 10:06:56.086] [INFO ] DataDriver - idMap: add vertex_402
[2026-09-18 10:06:56.086] [INFO ] DataDriver - root.p_Vertices[403]: add new object
[2026-09-18 10:06:56.086] [INFO ] DataDriver - idMap: add vertex_403
[2026-09-18 10:06:56.086] [INFO ] DataDriver - root.p_Vertices[404]: add new object
[2026-09-18 10:06:56.086] [INFO ] DataDriver - idMap: add vertex_404
[2026-09-18 10:06:56.087] [INFO ] DataDriver - root.p_Vertices[405]: add new object
[2026-09-18 10:06:56.087] [INFO ] DataDriver - idMap: add vertex_405
[2026-09-18 10:06:56.087] [INFO ] DataDriver - root.p_Vertices[406]: add new object
[2026-09-18 10:06:56.087] [INFO ] DataDriver - idMap: add vertex_406
[2026-09-18 10:06:56.087] [INFO ] DataDriver - root.p_Vertices[407]: add new object
[2026-09-18 10:06:56.087] [INFO ] DataDriver - idMap: add vertex_407
[2026-09-18 10:06:56.087] [INFO ] DataDriver - root.p_Vertices[408]: add new object
[2026-09-18 10:06:56.087] [INFO ] DataDriver - idMap: add vertex_408
[2026-09-18 10:06:56.087] [INFO ] DataDriver - root.p_Vertices[409]: add new object
[2026-09-18 10:06:56.087] [INFO ] DataDriver - idMap: add vertex_409
[2026-09-18 10:06:56.087] [INFO ] DataDriver - root.p_Vertices[410]: add new object
[2026-09-18 10:06:56.087] [INFO ] DataDriver - idMap: add vertex_410
[2026-09-18 10:06:56.087] [INFO ] DataDriver - root.p_Vertices[411]: add new object
[2026-09-18 10:06:56.087] [INFO ] DataDriver - idMap: add vertex_411
[2026-09-18 10:06:56.087] [INFO ] DataDriver - root.p_Vertices[412]: add new object
[2026-09-18 10:06:56.087] [INFO ] DataDriver - idMap: add vertex_412
[2026-09-18 10:06:56.087] [INFO ] DataDriver - root.p_Vertices[413]: add new object
[2026-09-18 10:06:56.087] [INFO ] DataDriver - idMap: add vertex_413
[2026-09-18 10:06:56.087] [INFO ] DataDriver - root.p_Vertices[414]: add new object
[2026-09-18 10:06:56.087] [INFO ] DataDriver - idMap: add vertex_414
[2026-09-18 10:06:56.087] [INFO ] DataDriver - root.p_Vertices[415]: add new object
[2026-09-18 10:06:56.087] [INFO ] DataDriver - idMap: add vertex_415
[2026-09-18 10:06:56.087] [INFO ] DataDriver - root.p_Vertices[416]: add new object
[2026-09-18 10:06:56.087] [INFO ] DataDriver - idMap: add vertex_416
[2026-09-18 10:06:56.087] [INFO ] DataDriver - root.p_Vertices[417]: add new object
[2026-09-18 10:06:56.087] [INFO ] DataDriver - idMap: add vertex_417
[2026-09-18 10:06:56.087] [INFO ] DataDriver - root.p_Vertices[418]: add new object
[2026-09-18 10:06:56.087] [INFO ] DataDriver - idMap: add vertex_418
[2026-09-18 10:06:56.087] [INFO ] DataDriver - root.p_Vertices[419]: add new object
[2026-09-18 10:06:56.087] [INFO ] DataDriver - idMap: add vertex_419
[2026-09-18 10:06:56.087] [INFO ] DataDriver - root.p_Vertices[420]: add new object
[2026-09-18 10:06:56.087] [INFO ] DataDriver - idMap: add vertex_420
[2026-09-18 10:06:56.087] [INFO ] DataDriver - root.p_Vertices[421]: add new object
[2026-09-18 10:06:56.087] [INFO ] DataDriver - idMap: add vertex_421
[2026-09-18 10:06:56.087] [INFO ] DataDriver - root.p_Vertices[422]: add new object
[2026-09-18 10:06:56.087] [INFO ] DataDriver - idMap: add vertex_422
[2026-09-18 10:06:56.087] [INFO ] DataDriver - root.p_Vertices[423]: add new object
[2026-09-18 10:06:56.087] [INFO ] DataDriver - idMap: add vertex_423
[2026-09-18 10:06:56.087] [INFO ] DataDriver - root.p_Vertices[424]: add new object
[2026-09-18 10:06:56.087] [INFO ] DataDriver - idMap: add vertex_424
[2026-09-18 10:06:56.087] [INFO ] DataDriver - root.p_Vertices[425]: add new object
[2026-09-18 10:06:56.087] [INFO ] DataDriver - idMap: add vertex_425
[2026-09-18 10:06:56.087] [INFO ] DataDriver - root.p_Vertices[426]: add new object
[2026-09-18 10:06:56.087] [INFO ] DataDriver - idMap: add vertex_426
[2026-09-18 10:06:56.087] [INFO ] DataDriver - root.p_Vertices[427]: add new object
[2026-09-18 10:06:56.087] [INFO ] DataDriver - idMap: add vertex_427
[2026-09-18 10:06:56.087] [INFO ] DataDriver - root.p_Vertices[428]: add new object
[2026-09-18 10:06:56.087] [INFO ] DataDriver - idMap: add vertex_428
[2026-09-18 10:06:56.087] [INFO ] DataDriver - root.p_Vertices[429]: add new object
[2026-09-18 10:06:56.087] [INFO ] DataDriver - idMap: add vertex_429
[2026-09-18 10:06:56.087] [INFO ] DataDriver - root.p_Vertices[430]: add new object
[2026-09-18 10:06:56.087] [INFO ] DataDriver - idMap: add vertex_430
[2026-09-18 10:06:56.087] [INFO ] DataDriver - root.p_Vertices[431]: add new object
[2026-09-18 10:06:56.087] [INFO ] DataDriver - idMap: add vertex_431
[2026-09-18 10:06:56.087] [INFO ] DataDriver - root.p_Vertices[432]: add new object
[2026-09-18 10:06:56.087] [INFO ] DataDriver - idMap: add vertex_432
[2026-09-18 10:06:56.087] [INFO ] DataDriver - root.p_Vertices[433]: add new object
[2026-09-18 10:06:56.087] [INFO ] DataDriver - idMap: add vertex_433
[2026-09-18 10:06:56.087] [INFO ] DataDriver - root.p_Vertices[434]: add new object
[2026-09-18 10:06:56.087] [INFO ] DataDriver - idMap: add vertex_434
[2026-09-18 10:06:56.087] [INFO ] DataDriver - root.p_Vertices[435]: add new object
[2026-09-18 10:06:56.087] [INFO ] DataDriver - idMap: add vertex_435
[2026-09-18 10:06:56.087] [INFO ] DataDriver - root.p_Vertices[436]: add new object
[2026-09-18 10:06:56.087] [INFO ] DataDriver - idMap: add vertex_436
[2026-09-18 10:06:56.087] [INFO ] DataDriver - root.p_Vertices[437]: add new object
[2026-09-18 10:06:56.087] [INFO ] DataDriver - idMap: add vertex_437
[2026-09-18 10:06:56.087] [INFO ] DataDriver - root.p_Vertices[438]: add new object
[2026-09-18 10:06:56.087] [INFO ] DataDriver - idMap: add vertex_438
[2026-09-18 10:06:56.087] [INFO ] DataDriver - root.p_Vertices[439]: add new object
[2026-09-18 10:06:56.087] [INFO ] DataDriver - idMap: add vertex_439
[2026-09-18 10:06:56.087] [INFO ] DataDriver - root.p_Vertices[440]: add new object
[2026-09-18 10:06:56.087] [INFO ] DataDriver - idMap: add vertex_440
[2026-09-18 10:06:56.087] [INFO ] DataDriver - root.p_Vertices[441]: add new object
[2026-09-18 10:06:56.087] [INFO ] DataDriver - idMap: add vertex_441
[2026-09-18 10:06:56.087] [INFO ] DataDriver - root.p_Vertices[442]: add new object
[2026-09-18 10:06:56.087] [INFO ] DataDriver - idMap: add vertex_442
[2026-09-18 10:06:56.087] [INFO ] DataDriver - root.p_Vertices[443]: add new object
[2026-09-18 10:06:56.087] [INFO ] DataDriver - idMap: add vertex_443
[2026-09-18 10:06:56.087] [INFO ] DataDriver - root.p_Vertices[444]: add new object
[2026-09-18 10:06:56.087] [INFO ] DataDriver - idMap: add vertex_444
[2026-09-18 10:06:56.087] [INFO ] DataDriver - root.p_Vertices[445]: add new object
[2026-09-18 10:06:56.087] [INFO ] DataDriver - idMap: add vertex_445
[2026-09-18 10:06:56.087] [INFO ] DataDriver - root.p_Vertices[446]: add new object
[2026-09-18 10:06:56.087] [INFO ] DataDriver - idMap: add vertex_446
[2026-09-18 10:06:56.087] [INFO ] DataDriver - root.p_Vertices[447]: add new object
[2026-09-18 10:06:56.087] [INFO ] DataDriver - idMap: add vertex_447
[2026-09-18 10:06:56.087] [INFO ] DataDriver - root.p_Vertices[448]: add new object
[2026-09-18 10:06:56.087] [INFO ] DataDriver - idMap: add vertex_448
[2026-09-18 10:06:56.087] [INFO ] DataDriver - root.p_Vertices[449]: add new object
[2026-09-18 10:06:56.087] [INFO ] DataDriver - idMap: add vertex_449
[2026-09-18 10:06:56.087] [INFO ] DataDriver - root.p_Vertices[450]: add new object
[2026-09-18 10:06:56.087] [INFO ] DataDriver - idMap: add vertex_450
[2026-09-18 10:06:56.087] [INFO ] DataDriver - root.p_Vertices[451]: add new object
[2026-09-18 10:06:56.087] [INFO ] DataDriver - idMap: add vertex_451
[2026-09-18 10:06:56.087] [INFO ] DataDriver - root.p_Vertices[452]: add new object
[2026-09-18 10:06:56.087] [INFO ] DataDriver - idMap: add vertex_452
[2026-09-18 10:06:56.087] [INFO ] DataDriver - root.p_Vertices[453]: add new object
[2026-09-18 10:06:56.087] [INFO ] DataDriver - idMap: add vertex_453
[2026-09-18 10:06:56.087] [INFO ] DataDriver - root.p_Vertices[454]: add new object
[2026-09-18 10:06:56.090] [INFO ] DataDriver - idMap: add vertex_454
[2026-09-18 10:06:56.090] [INFO ] DataDriver - root.p_Vertices[455]: add new object
[2026-09-18 10:06:56.090] [INFO ] DataDriver - idMap: add vertex_455
[2026-09-18 10:06:56.090] [INFO ] DataDriver - root.p_Vertices[456]: add new object
[2026-09-18 10:06:56.090] [INFO ] DataDriver - idMap: add vertex_456
[2026-09-18 10:06:56.090] [INFO ] DataDriver - root.p_Vertices[457]: add new object
[2026-09-18 10:06:56.090] [INFO ] DataDriver - idMap: add vertex_457
[2026-09-18 10:06:56.090] [INFO ] DataDriver - root.p_Vertices[458]: add new object
[2026-09-18 10:06:56.090] [INFO ] DataDriver - idMap: add vertex_458
[2026-09-18 10:06:56.090] [INFO ] DataDriver - root.p_Vertices[459]: add new object
[2026-09-18 10:06:56.090] [INFO ] DataDriver - idMap: add vertex_459
[2026-09-18 10:06:56.090] [INFO ] DataDriver - root.p_Vertices[460]: add new object
[2026-09-18 10:06:56.090] [INFO ] DataDriver - idMap: add vertex_460
[2026-09-18 10:06:56.090] [INFO ] DataDriver - root.p_Vertices[461]: add new object
[2026-09-18 10:06:56.090] [INFO ] DataDriver - idMap: add vertex_461
[2026-09-18 10:06:56.090] [INFO ] DataDriver - root.p_Vertices[462]: add new object
[2026-09-18 10:06:56.090] [INFO ] DataDriver - idMap: add vertex_462
[2026-09-18 10:06:56.090] [INFO ] DataDriver - root.p_Vertices[463]: add new object
[2026-09-18 10:06:56.090] [INFO ] DataDriver - idMap: add vertex_463
[2026-09-18 10:06:56.090] [INFO ] DataDriver - root.p_Vertices[464]: add new object
[2026-09-18 10:06:56.090] [INFO ] DataDriver - idMap: add vertex_464
[2026-09-18 10:06:56.090] [INFO ] DataDriver - root.p_Vertices[465]: add new object
[2026-09-18 10:06:56.090] [INFO ] DataDriver - idMap: add vertex_465
[2026-09-18 10:06:56.090] [INFO ] DataDriver - root.p_Vertices[466]: add new object
[2026-09-18 10:06:56.090] [INFO ] DataDriver - idMap: add vertex_466
[2026-09-18 10:06:56.090] [INFO ] DataDriver - root.p_Vertices[467]: add new object
[2026-09-18 10:06:56.090] [INFO ] DataDriver - idMap: add vertex_467
[2026-09-18 10:06:56.090] [INFO ] DataDriver - root.p_Vertices[468]: add new object
[2026-09-18 10:06:56.090] [INFO ] DataDriver - idMap: add vertex_468
[2026-09-18 10:06:56.090] [INFO ] DataDriver - root.p_Vertices[469]: add new object
[2026-09-18 10:06:56.090] [INFO ] DataDriver - idMap: add vertex_469
[2026-09-18 10:06:56.090] [INFO ] DataDriver - root.p_Vertices[470]: add new object
[2026-09-18 10:06:56.090] [INFO ] DataDriver - idMap: add vertex_470
[2026-09-18 10:06:56.090] [INFO ] DataDriver - root.p_Vertices[471]: add new object
[2026-09-18 10:06:56.090] [INFO ] DataDriver - idMap: add vertex_471
[2026-09-18 10:06:56.090] [INFO ] DataDriver - root.p_Vertices[472]: add new object
[2026-09-18 10:06:56.090] [INFO ] DataDriver - idMap: add vertex_472
[2026-09-18 10:06:56.090] [INFO ] DataDriver - root.p_Vertices[473]: add new object
[2026-09-18 10:06:56.090] [INFO ] DataDriver - idMap: add vertex_473
[2026-09-18 10:06:56.090] [INFO ] DataDriver - root.p_Vertices[474]: add new object
[2026-09-18 10:06:56.090] [INFO ] DataDriver - idMap: add vertex_474
[2026-09-18 10:06:56.090] [INFO ] DataDriver - root.p_Vertices[475]: add new object
[2026-09-18 10:06:56.090] [INFO ] DataDriver - idMap: add vertex_475
[2026-09-18 10:06:56.090] [INFO ] DataDriver - root.p_Vertices[476]: add new object
[2026-09-18 10:06:56.090] [INFO ] DataDriver - idMap: add vertex_476
[2026-09-18 10:06:56.090] [INFO ] DataDriver - root.p_Vertices[477]: add new object
[2026-09-18 10:06:56.090] [INFO ] DataDriver - idMap: add vertex_477
[2026-09-18 10:06:56.090] [INFO ] DataDriver - root.p_Vertices[478]: add new object
[2026-09-18 10:06:56.090] [INFO ] DataDriver - idMap: add vertex_478
[2026-09-18 10:06:56.090] [INFO ] DataDriver - root.p_Vertices[479]: add new object
[2026-09-18 10:06:56.090] [INFO ] DataDriver - idMap: add vertex_479
[2026-09-18 10:06:56.090] [INFO ] DataDriver - root.p_Vertices[480]: add new object
[2026-09-18 10:06:56.090] [INFO ] DataDriver - idMap: add vertex_480
[2026-09-18 10:06:56.090] [INFO ] DataDriver - root.p_Vertices[481]: add new object
[2026-09-18 10:06:56.090] [INFO ] DataDriver - idMap: add vertex_481
[2026-09-18 10:06:56.090] [INFO ] DataDriver - root.p_Vertices[482]: add new object
[2026-09-18 10:06:56.090] [INFO ] DataDriver - idMap: add vertex_482
[2026-09-18 10:06:56.090] [INFO ] DataDriver - root.p_Vertices[483]: add new object
[2026-09-18 10:06:56.090] [INFO ] DataDriver - idMap: add vertex_483
[2026-09-18 10:06:56.090] [INFO ] DataDriver - root.p_Vertices[484]: add new object
[2026-09-18 10:06:56.090] [INFO ] DataDriver - idMap: add vertex_484
[2026-09-18 10:06:56.090] [INFO ] DataDriver - root.p_Vertices[485]: add new object
[2026-09-18 10:06:56.090] [INFO ] DataDriver - idMap: add vertex_485
[2026-09-18 10:06:56.090] [INFO ] DataDriver - root.p_Vertices[486]: add new object
[2026-09-18 10:06:56.090] [INFO ] DataDriver - idMap: add vertex_486
[2026-09-18 10:06:56.090] [INFO ] DataDriver - root.p_Vertices[487]: add new object
[2026-09-18 10:06:56.090] [INFO ] DataDriver - idMap: add vertex_487
[2026-09-18 10:06:56.090] [INFO ] DataDriver - root.p_Vertices[488]: add new object
[2026-09-18 10:06:56.090] [INFO ] DataDriver - idMap: add vertex_488
[2026-09-18 10:06:56.090] [INFO ] DataDriver - root.p_Vertices[489]: add new object
[2026-09-18 10:06:56.090] [INFO ] DataDriver - idMap: add vertex_489
[2026-09-18 10:06:56.090] [INFO ] DataDriver - root.p_Vertices[490]: add new object
[2026-09-18 10:06:56.090] [INFO ] DataDriver - idMap: add vertex_490
[2026-09-18 10:06:56.090] [INFO ] DataDriver - root.p_Vertices[491]: add new object
[2026-09-18 10:06:56.090] [INFO ] DataDriver - idMap: add vertex_491
[2026-09-18 10:06:56.090] [INFO ] DataDriver - root.p_Vertices[492]: add new object
[2026-09-18 10:06:56.090] [INFO ] DataDriver - idMap: add vertex_492
[2026-09-18 10:06:56.090] [INFO ] DataDriver - root.p_Vertices[493]: add new object
[2026-09-18 10:06:56.090] [INFO ] DataDriver - idMap: add vertex_493
[2026-09-18 10:06:56.090] [INFO ] DataDriver - root.p_Vertices[494]: add new object
[2026-09-18 10:06:56.090] [INFO ] DataDriver - idMap: add vertex_494
[2026-09-18 10:06:56.090] [INFO ] DataDriver - root.p_Vertices[495]: add new object
[2026-09-18 10:06:56.090] [INFO ] DataDriver - idMap: add vertex_495
[2026-09-18 10:06:56.090] [INFO ] DataDriver - root.p_Vertices[496]: add new object
[2026-09-18 10:06:56.090] [INFO ] DataDriver - idMap: add vertex_496
[2026-09-18 10:06:56.090] [INFO ] DataDriver - root.p_Vertices[497]: add new object
[2026-09-18 10:06:56.090] [INFO ] DataDriver - idMap: add vertex_497
[2026-09-18 10:06:56.090] [INFO ] DataDriver - root.p_Vertices[498]: add new object
[2026-09-18 10:06:56.090] [INFO ] DataDriver - idMap: add vertex_498
[2026-09-18 10:06:56.090] [INFO ] DataDriver - root.p_Vertices[499]: add new object
[2026-09-18 10:06:56.090] [INFO ] DataDriver - idMap: add vertex_499
[2026-09-18 10:06:56.090] [INFO ] DataDriver - root.p_Vertices[500]: add new object
[2026-09-18 10:06:56.090] [INFO ] DataDriver - idMap: add vertex_500
[2026-09-18 10:06:56.090] [INFO ] DataDriver - root.p_Vertices[501]: add new object
[2026-09-18 10:06:56.090] [INFO ] DataDriver - idMap: add vertex_501
[2026-09-18 10:06:56.090] [INFO ] DataDriver - root.p_Vertices[502]: add new object
[2026-09-18 10:06:56.090] [INFO ] DataDriver - idMap: add vertex_502
[2026-09-18 10:06:56.090] [INFO ] DataDriver - root.p_Vertices[503]: add new object
[2026-09-18 10:06:56.090] [INFO ] DataDriver - idMap: add vertex_503
[2026-09-18 10:06:56.090] [INFO ] DataDriver - root.p_Vertices[504]: add new object
[2026-09-18 10:06:56.090] [INFO ] DataDriver - idMap: add vertex_504
[2026-09-18 10:06:56.090] [INFO ] DataDriver - root.p_Vertices[505]: add new object
[2026-09-18 10:06:56.090] [INFO ] DataDriver - idMap: add vertex_505
[2026-09-18 10:06:56.090] [INFO ] DataDriver - root.p_Vertices[506]: add new object
[2026-09-18 10:06:56.090] [INFO ] DataDriver - idMap: add vertex_506
[2026-09-18 10:06:56.090] [INFO ] DataDriver - root.p_Vertices[507]: add new object
[2026-09-18 10:06:56.090] [INFO ] DataDriver - idMap: add vertex_507
[2026-09-18 10:06:56.090] [INFO ] DataDriver - root.p_Vertices[508]: add new object
[2026-09-18 10:06:56.090] [INFO ] DataDriver - idMap: add vertex_508
[2026-09-18 10:06:56.090] [INFO ] DataDriver - root.p_Vertices[509]: add new object
[2026-09-18 10:06:56.090] [INFO ] DataDriver - idMap: add vertex_509
[2026-09-18 10:06:56.090] [INFO ] DataDriver - root.p_Vertices[510]: add new object
[2026-09-18 10:06:56.090] [INFO ] DataDriver - idMap: add vertex_510
[2026-09-18 10:06:56.093] [INFO ] DataDriver - root.p_Vertices[511]: add new object
[2026-09-18 10:06:56.093] [INFO ] DataDriver - idMap: add vertex_511
[2026-09-18 10:06:56.093] [INFO ] DataDriver - root.p_Vertices[512]: add new object
[2026-09-18 10:06:56.093] [INFO ] DataDriver - idMap: add vertex_512
[2026-09-18 10:06:56.093] [INFO ] DataDriver - root.p_Vertices[513]: add new object
[2026-09-18 10:06:56.093] [INFO ] DataDriver - idMap: add vertex_513
[2026-09-18 10:06:56.093] [INFO ] DataDriver - root.p_Vertices[514]: add new object
[2026-09-18 10:06:56.093] [INFO ] DataDriver - idMap: add vertex_514
[2026-09-18 10:06:56.093] [INFO ] DataDriver - root.p_Vertices[515]: add new object
[2026-09-18 10:06:56.093] [INFO ] DataDriver - idMap: add vertex_515
[2026-09-18 10:06:56.093] [INFO ] DataDriver - root.p_Vertices[516]: add new object
[2026-09-18 10:06:56.093] [INFO ] DataDriver - idMap: add vertex_516
[2026-09-18 10:06:56.093] [INFO ] DataDriver - root.p_Vertices[517]: add new object
[2026-09-18 10:06:56.093] [INFO ] DataDriver - idMap: add vertex_517
[2026-09-18 10:06:56.093] [INFO ] DataDriver - root.p_Vertices[518]: add new object
[2026-09-18 10:06:56.093] [INFO ] DataDriver - idMap: add vertex_518
[2026-09-18 10:06:56.093] [INFO ] DataDriver - root.p_Vertices[519]: add new object
[2026-09-18 10:06:56.093] [INFO ] DataDriver - idMap: add vertex_519
[2026-09-18 10:06:56.093] [INFO ] DataDriver - root.p_Vertices[520]: add new object
[2026-09-18 10:06:56.093] [INFO ] DataDriver - idMap: add vertex_520
[2026-09-18 10:06:56.093] [INFO ] DataDriver - root.p_Vertices[521]: add new object
[2026-09-18 10:06:56.093] [INFO ] DataDriver - idMap: add vertex_521
[2026-09-18 10:06:56.093] [INFO ] DataDriver - root.p_Vertices[522]: add new object
[2026-09-18 10:06:56.093] [INFO ] DataDriver - idMap: add vertex_522
[2026-09-18 10:06:56.093] [INFO ] DataDriver - root.p_Vertices[523]: add new object
[2026-09-18 10:06:56.093] [INFO ] DataDriver - idMap: add vertex_523
[2026-09-18 10:06:56.093] [INFO ] DataDriver - root.p_Vertices[524]: add new object
[2026-09-18 10:06:56.093] [INFO ] DataDriver - idMap: add vertex_524
[2026-09-18 10:06:56.093] [INFO ] DataDriver - root.p_Vertices[525]: add new object
[2026-09-18 10:06:56.093] [INFO ] DataDriver - idMap: add vertex_525
[2026-09-18 10:06:56.093] [INFO ] DataDriver - root.p_Vertices[526]: add new object
[2026-09-18 10:06:56.093] [INFO ] DataDriver - idMap: add vertex_526
[2026-09-18 10:06:56.093] [INFO ] DataDriver - root.p_Vertices[527]: add new object
[2026-09-18 10:06:56.093] [INFO ] DataDriver - idMap: add vertex_527
[2026-09-18 10:06:56.094] [INFO ] DataDriver - root.p_Vertices[528]: add new object
[2026-09-18 10:06:56.094] [INFO ] DataDriver - idMap: add vertex_528
[2026-09-18 10:06:56.094] [INFO ] DataDriver - root.p_Vertices[529]: add new object
[2026-09-18 10:06:56.094] [INFO ] DataDriver - idMap: add vertex_529
[2026-09-18 10:06:56.094] [INFO ] DataDriver - root.p_Vertices[530]: add new object
[2026-09-18 10:06:56.094] [INFO ] DataDriver - idMap: add vertex_530
[2026-09-18 10:06:56.094] [INFO ] DataDriver - root.p_Vertices[531]: add new object
[2026-09-18 10:06:56.094] [INFO ] DataDriver - idMap: add vertex_531
[2026-09-18 10:06:56.094] [INFO ] DataDriver - root.p_Vertices[532]: add new object
[2026-09-18 10:06:56.094] [INFO ] DataDriver - idMap: add vertex_532
[2026-09-18 10:06:56.094] [INFO ] DataDriver - root.p_Vertices[533]: add new object
[2026-09-18 10:06:56.094] [INFO ] DataDriver - idMap: add vertex_533
[2026-09-18 10:06:56.094] [INFO ] DataDriver - root.p_Vertices[534]: add new object
[2026-09-18 10:06:56.094] [INFO ] DataDriver - idMap: add vertex_534
[2026-09-18 10:06:56.094] [INFO ] DataDriver - root.p_Vertices[535]: add new object
[2026-09-18 10:06:56.094] [INFO ] DataDriver - idMap: add vertex_535
[2026-09-18 10:06:56.094] [INFO ] DataDriver - root.p_Vertices[536]: add new object
[2026-09-18 10:06:56.094] [INFO ] DataDriver - idMap: add vertex_536
[2026-09-18 10:06:56.094] [INFO ] DataDriver - root.p_Vertices[537]: add new object
[2026-09-18 10:06:56.094] [INFO ] DataDriver - idMap: add vertex_537
[2026-09-18 10:06:56.094] [INFO ] DataDriver - root.p_Vertices[538]: add new object
[2026-09-18 10:06:56.094] [INFO ] DataDriver - idMap: add vertex_538
[2026-09-18 10:06:56.094] [INFO ] DataDriver - root.p_Vertices[539]: add new object
[2026-09-18 10:06:56.094] [INFO ] DataDriver - idMap: add vertex_539
[2026-09-18 10:06:56.094] [INFO ] DataDriver - root.p_Vertices[540]: add new object
[2026-09-18 10:06:56.094] [INFO ] DataDriver - idMap: add vertex_540
[2026-09-18 10:06:56.094] [INFO ] DataDriver - root.p_Vertices[541]: add new object
[2026-09-18 10:06:56.094] [INFO ] DataDriver - idMap: add vertex_541
[2026-09-18 10:06:56.094] [INFO ] DataDriver - root.p_Vertices[542]: add new object
[2026-09-18 10:06:56.094] [INFO ] DataDriver - idMap: add vertex_542
[2026-09-18 10:06:56.094] [INFO ] DataDriver - root.p_Vertices[543]: add new object
[2026-09-18 10:06:56.094] [INFO ] DataDriver - idMap: add vertex_543
[2026-09-18 10:06:56.095] [INFO ] DataDriver - root.p_Vertices[544]: add new object
[2026-09-18 10:06:56.095] [INFO ] DataDriver - idMap: add vertex_544
[2026-09-18 10:06:56.095] [INFO ] DataDriver - root.p_Vertices[545]: add new object
[2026-09-18 10:06:56.095] [INFO ] DataDriver - idMap: add vertex_545
[2026-09-18 10:06:56.095] [INFO ] DataDriver - root.p_Vertices[546]: add new object
[2026-09-18 10:06:56.095] [INFO ] DataDriver - idMap: add vertex_546
[2026-09-18 10:06:56.095] [INFO ] DataDriver - root.p_Vertices[547]: add new object
[2026-09-18 10:06:56.095] [INFO ] DataDriver - idMap: add vertex_547
[2026-09-18 10:06:56.095] [INFO ] DataDriver - root.p_Vertices[548]: add new object
[2026-09-18 10:06:56.095] [INFO ] DataDriver - idMap: add vertex_548
[2026-09-18 10:06:56.095] [INFO ] DataDriver - root.p_Vertices[549]: add new object
[2026-09-18 10:06:56.095] [INFO ] DataDriver - idMap: add vertex_549
[2026-09-18 10:06:56.095] [INFO ] DataDriver - root.p_Vertices[550]: add new object
[2026-09-18 10:06:56.095] [INFO ] DataDriver - idMap: add vertex_550
[2026-09-18 10:06:56.095] [INFO ] DataDriver - root.p_Vertices[551]: add new object
[2026-09-18 10:06:56.095] [INFO ] DataDriver - idMap: add vertex_551
[2026-09-18 10:06:56.095] [INFO ] DataDriver - root.p_Vertices[552]: add new object
[2026-09-18 10:06:56.095] [INFO ] DataDriver - idMap: add vertex_552
[2026-09-18 10:06:56.095] [INFO ] DataDriver - root.p_Vertices[553]: add new object
[2026-09-18 10:06:56.095] [INFO ] DataDriver - idMap: add vertex_553
[2026-09-18 10:06:56.095] [INFO ] DataDriver - root.p_Vertices[554]: add new object
[2026-09-18 10:06:56.095] [INFO ] DataDriver - idMap: add vertex_554
[2026-09-18 10:06:56.095] [INFO ] DataDriver - root.p_Vertices[555]: add new object
[2026-09-18 10:06:56.095] [INFO ] DataDriver - idMap: add vertex_555
[2026-09-18 10:06:56.095] [INFO ] DataDriver - root.p_Vertices[556]: add new object
[2026-09-18 10:06:56.095] [INFO ] DataDriver - idMap: add vertex_556
[2026-09-18 10:06:56.095] [INFO ] DataDriver - root.p_Vertices[557]: add new object
[2026-09-18 10:06:56.095] [INFO ] DataDriver - idMap: add vertex_557
[2026-09-18 10:06:56.095] [INFO ] DataDriver - root.p_Vertices[558]: add new object
[2026-09-18 10:06:56.095] [INFO ] DataDriver - idMap: add vertex_558
[2026-09-18 10:06:56.095] [INFO ] DataDriver - root.p_Vertices[559]: add new object
[2026-09-18 10:06:56.095] [INFO ] DataDriver - idMap: add vertex_559
[2026-09-18 10:06:56.095] [INFO ] DataDriver - root.p_Vertices[560]: add new object
[2026-09-18 10:06:56.095] [INFO ] DataDriver - idMap: add vertex_560
[2026-09-18 10:06:56.095] [INFO ] DataDriver - root.p_Vertices[561]: add new object
[2026-09-18 10:06:56.095] [INFO ] DataDriver - idMap: add vertex_561
[2026-09-18 10:06:56.095] [INFO ] DataDriver - root.p_Vertices[562]: add new object
[2026-09-18 10:06:56.095] [INFO ] DataDriver - idMap: add vertex_562
[2026-09-18 10:06:56.095] [INFO ] DataDriver - root.p_Vertices[563]: add new object
[2026-09-18 10:06:56.095] [INFO ] DataDriver - idMap: add vertex_563
[2026-09-18 10:06:56.096] [INFO ] DataDriver - root.p_Vertices[564]: add new object
[2026-09-18 10:06:56.096] [INFO ] DataDriver - idMap: add vertex_564
[2026-09-18 10:06:56.096] [INFO ] DataDriver - root.p_Vertices[565]: add new object
[2026-09-18 10:06:56.096] [INFO ] DataDriver - idMap: add vertex_565
[2026-09-18 10:06:56.096] [INFO ] DataDriver - root.p_Vertices[566]: add new object
[2026-09-18 10:06:56.096] [INFO ] DataDriver - idMap: add vertex_566
[2026-09-18 10:06:56.096] [INFO ] DataDriver - root.p_Vertices[567]: add new object
[2026-09-18 10:06:56.096] [INFO ] DataDriver - idMap: add vertex_567
[2026-09-18 10:06:56.096] [INFO ] DataDriver - root.p_Vertices[568]: add new object
[2026-09-18 10:06:56.096] [INFO ] DataDriver - idMap: add vertex_568
[2026-09-18 10:06:56.096] [INFO ] DataDriver - root.p_Vertices[569]: add new object
[2026-09-18 10:06:56.096] [INFO ] DataDriver - idMap: add vertex_569
[2026-09-18 10:06:56.096] [INFO ] DataDriver - root.p_Vertices[570]: add new object
[2026-09-18 10:06:56.096] [INFO ] DataDriver - idMap: add vertex_570
[2026-09-18 10:06:56.096] [INFO ] DataDriver - root.p_Vertices[571]: add new object
[2026-09-18 10:06:56.096] [INFO ] DataDriver - idMap: add vertex_571
[2026-09-18 10:06:56.096] [INFO ] DataDriver - root.p_Vertices[572]: add new object
[2026-09-18 10:06:56.096] [INFO ] DataDriver - idMap: add vertex_572
[2026-09-18 10:06:56.096] [INFO ] DataDriver - root.p_Vertices[573]: add new object
[2026-09-18 10:06:56.096] [INFO ] DataDriver - idMap: add vertex_573
[2026-09-18 10:06:56.096] [INFO ] DataDriver - root.p_Vertices[574]: add new object
[2026-09-18 10:06:56.096] [INFO ] DataDriver - idMap: add vertex_574
[2026-09-18 10:06:56.096] [INFO ] DataDriver - root.p_Vertices[575]: add new object
[2026-09-18 10:06:56.096] [INFO ] DataDriver - idMap: add vertex_575
[2026-09-18 10:06:56.096] [INFO ] DataDriver - root.p_Vertices[576]: add new object
[2026-09-18 10:06:56.096] [INFO ] DataDriver - idMap: add vertex_576
[2026-09-18 10:06:56.096] [INFO ] DataDriver - root.p_Vertices[577]: add new object
[2026-09-18 10:06:56.096] [INFO ] DataDriver - idMap: add vertex_577
[2026-09-18 10:06:56.096] [INFO ] DataDriver - root.p_Vertices[578]: add new object
[2026-09-18 10:06:56.096] [INFO ] DataDriver - idMap: add vertex_578
[2026-09-18 10:06:56.096] [INFO ] DataDriver - root.p_Vertices[579]: add new object
[2026-09-18 10:06:56.096] [INFO ] DataDriver - idMap: add vertex_579
[2026-09-18 10:06:56.096] [INFO ] DataDriver - root.p_Vertices[580]: add new object
[2026-09-18 10:06:56.096] [INFO ] DataDriver - idMap: add vertex_580
[2026-09-18 10:06:56.096] [INFO ] DataDriver - root.p_Vertices[581]: add new object
[2026-09-18 10:06:56.097] [INFO ] DataDriver - idMap: add vertex_581
[2026-09-18 10:06:56.097] [INFO ] DataDriver - root.p_Vertices[582]: add new object
[2026-09-18 10:06:56.097] [INFO ] DataDriver - idMap: add vertex_582
[2026-09-18 10:06:56.097] [INFO ] DataDriver - root.p_Vertices[583]: add new object
[2026-09-18 10:06:56.097] [INFO ] DataDriver - idMap: add vertex_583
[2026-09-18 10:06:56.097] [INFO ] DataDriver - root.p_Vertices[584]: add new object
[2026-09-18 10:06:56.097] [INFO ] DataDriver - idMap: add vertex_584
[2026-09-18 10:06:56.097] [INFO ] DataDriver - root.p_Vertices[585]: add new object
[2026-09-18 10:06:56.097] [INFO ] DataDriver - idMap: add vertex_585
[2026-09-18 10:06:56.097] [INFO ] DataDriver - root.p_Vertices[586]: add new object
[2026-09-18 10:06:56.097] [INFO ] DataDriver - idMap: add vertex_586
[2026-09-18 10:06:56.097] [INFO ] DataDriver - root.p_Vertices[587]: add new object
[2026-09-18 10:06:56.097] [INFO ] DataDriver - idMap: add vertex_587
[2026-09-18 10:06:56.097] [INFO ] DataDriver - root.p_Vertices[588]: add new object
[2026-09-18 10:06:56.097] [INFO ] DataDriver - idMap: add vertex_588
[2026-09-18 10:06:56.097] [INFO ] DataDriver - root.p_Vertices[589]: add new object
[2026-09-18 10:06:56.097] [INFO ] DataDriver - idMap: add vertex_589
[2026-09-18 10:06:56.097] [INFO ] DataDriver - root.p_Vertices[590]: add new object
[2026-09-18 10:06:56.097] [INFO ] DataDriver - idMap: add vertex_590
[2026-09-18 10:06:56.097] [INFO ] DataDriver - root.p_Vertices[591]: add new object
[2026-09-18 10:06:56.097] [INFO ] DataDriver - idMap: add vertex_591
[2026-09-18 10:06:56.097] [INFO ] DataDriver - root.p_Vertices[592]: add new object
[2026-09-18 10:06:56.097] [INFO ] DataDriver - idMap: add vertex_592
[2026-09-18 10:06:56.097] [INFO ] DataDriver - root.p_Vertices[593]: add new object
[2026-09-18 10:06:56.097] [INFO ] DataDriver - idMap: add vertex_593
[2026-09-18 10:06:56.097] [INFO ] DataDriver - root.p_Vertices[594]: add new object
[2026-09-18 10:06:56.097] [INFO ] DataDriver - idMap: add vertex_594
[2026-09-18 10:06:56.097] [INFO ] DataDriver - root.p_Vertices[595]: add new object
[2026-09-18 10:06:56.097] [INFO ] DataDriver - idMap: add vertex_595
[2026-09-18 10:06:56.097] [INFO ] DataDriver - root.p_Vertices[596]: add new object
[2026-09-18 10:06:56.097] [INFO ] DataDriver - idMap: add vertex_596
[2026-09-18 10:06:56.097] [INFO ] DataDriver - root.p_Vertices[597]: add new object
[2026-09-18 10:06:56.097] [INFO ] DataDriver - idMap: add vertex_597
[2026-09-18 10:06:56.097] [INFO ] DataDriver - root.p_Vertices[598]: add new object
[2026-09-18 10:06:56.097] [INFO ] DataDriver - idMap: add vertex_598
[2026-09-18 10:06:56.097] [INFO ] DataDriver - root.p_Vertices[599]: add new object
[2026-09-18 10:06:56.097] [INFO ] DataDriver - idMap: add vertex_599
[2026-09-18 10:06:56.097] [INFO ] DataDriver - root.p_Vertices[600]: add new object
[2026-09-18 10:06:56.097] [INFO ] DataDriver - idMap: add vertex_600
[2026-09-18 10:06:56.098] [INFO ] DataDriver - root.p_Vertices[601]: add new object
[2026-09-18 10:06:56.098] [INFO ] DataDriver - idMap: add vertex_601
[2026-09-18 10:06:56.098] [INFO ] DataDriver - root.p_Vertices[602]: add new object
[2026-09-18 10:06:56.098] [INFO ] DataDriver - idMap: add vertex_602
[2026-09-18 10:06:56.098] [INFO ] DataDriver - root.p_Vertices[603]: add new object
[2026-09-18 10:06:56.098] [INFO ] DataDriver - idMap: add vertex_603
[2026-09-18 10:06:56.098] [INFO ] DataDriver - root.p_Vertices[604]: add new object
[2026-09-18 10:06:56.098] [INFO ] DataDriver - idMap: add vertex_604
[2026-09-18 10:06:56.098] [INFO ] DataDriver - root.p_Vertices[605]: add new object
[2026-09-18 10:06:56.098] [INFO ] DataDriver - idMap: add vertex_605
[2026-09-18 10:06:56.098] [INFO ] DataDriver - root.p_Vertices[606]: add new object
[2026-09-18 10:06:56.100] [INFO ] DataDriver - idMap: add vertex_606
[2026-09-18 10:06:56.100] [INFO ] DataDriver - root.p_Vertices[607]: add new object
[2026-09-18 10:06:56.100] [INFO ] DataDriver - idMap: add vertex_607
[2026-09-18 10:06:56.100] [INFO ] DataDriver - root.p_Vertices[608]: add new object
[2026-09-18 10:06:56.100] [INFO ] DataDriver - idMap: add vertex_608
[2026-09-18 10:06:56.100] [INFO ] DataDriver - root.p_Vertices[609]: add new object
[2026-09-18 10:06:56.100] [INFO ] DataDriver - idMap: add vertex_609
[2026-09-18 10:06:56.100] [INFO ] DataDriver - root.p_Vertices[610]: add new object
[2026-09-18 10:06:56.100] [INFO ] DataDriver - idMap: add vertex_610
[2026-09-18 10:06:56.100] [INFO ] DataDriver - root.p_Vertices[611]: add new object
[2026-09-18 10:06:56.100] [INFO ] DataDriver - idMap: add vertex_611
[2026-09-18 10:06:56.100] [INFO ] DataDriver - root.p_Vertices[612]: add new object
[2026-09-18 10:06:56.100] [INFO ] DataDriver - idMap: add vertex_612
[2026-09-18 10:06:56.100] [INFO ] DataDriver - root.p_Vertices[613]: add new object
[2026-09-18 10:06:56.100] [INFO ] DataDriver - idMap: add vertex_613
[2026-09-18 10:06:56.100] [INFO ] DataDriver - root.p_Vertices[614]: add new object
[2026-09-18 10:06:56.100] [INFO ] DataDriver - idMap: add vertex_614
[2026-09-18 10:06:56.100] [INFO ] DataDriver - root.p_Vertices[615]: add new object
[2026-09-18 10:06:56.100] [INFO ] DataDriver - idMap: add vertex_615
[2026-09-18 10:06:56.100] [INFO ] DataDriver - root.p_Vertices[616]: add new object
[2026-09-18 10:06:56.100] [INFO ] DataDriver - idMap: add vertex_616
[2026-09-18 10:06:56.100] [INFO ] DataDriver - root.p_Vertices[617]: add new object
[2026-09-18 10:06:56.100] [INFO ] DataDriver - idMap: add vertex_617
[2026-09-18 10:06:56.100] [INFO ] DataDriver - root.p_Vertices[618]: add new object
[2026-09-18 10:06:56.101] [INFO ] DataDriver - idMap: add vertex_618
[2026-09-18 10:06:56.101] [INFO ] DataDriver - root.p_Vertices[619]: add new object
[2026-09-18 10:06:56.101] [INFO ] DataDriver - idMap: add vertex_619
[2026-09-18 10:06:56.101] [INFO ] DataDriver - root.p_Vertices[620]: add new object
[2026-09-18 10:06:56.101] [INFO ] DataDriver - idMap: add vertex_620
[2026-09-18 10:06:56.101] [INFO ] DataDriver - root.p_Vertices[621]: add new object
[2026-09-18 10:06:56.101] [INFO ] DataDriver - idMap: add vertex_621
[2026-09-18 10:06:56.101] [INFO ] DataDriver - root.p_Vertices[622]: add new object
[2026-09-18 10:06:56.101] [INFO ] DataDriver - idMap: add vertex_622
[2026-09-18 10:06:56.101] [INFO ] DataDriver - root.p_Vertices[623]: add new object
[2026-09-18 10:06:56.101] [INFO ] DataDriver - idMap: add vertex_623
[2026-09-18 10:06:56.101] [INFO ] DataDriver - root.p_Vertices[624]: add new object
[2026-09-18 10:06:56.101] [INFO ] DataDriver - idMap: add vertex_624
[2026-09-18 10:06:56.101] [INFO ] DataDriver - root.p_Vertices[625]: add new object
[2026-09-18 10:06:56.101] [INFO ] DataDriver - idMap: add vertex_625
[2026-09-18 10:06:56.101] [INFO ] DataDriver - root.p_Vertices[626]: add new object
[2026-09-18 10:06:56.101] [INFO ] DataDriver - idMap: add vertex_626
[2026-09-18 10:06:56.101] [INFO ] DataDriver - root.p_Vertices[627]: add new object
[2026-09-18 10:06:56.101] [INFO ] DataDriver - idMap: add vertex_627
[2026-09-18 10:06:56.101] [INFO ] DataDriver - root.p_Vertices[628]: add new object
[2026-09-18 10:06:56.101] [INFO ] DataDriver - idMap: add vertex_628
[2026-09-18 10:06:56.101] [INFO ] DataDriver - root.p_Vertices[629]: add new object
[2026-09-18 10:06:56.101] [INFO ] DataDriver - idMap: add vertex_629
[2026-09-18 10:06:56.102] [INFO ] DataDriver - root.p_Vertices[630]: add new object
[2026-09-18 10:06:56.102] [INFO ] DataDriver - idMap: add vertex_630
[2026-09-18 10:06:56.102] [INFO ] DataDriver - root.p_Vertices[631]: add new object
[2026-09-18 10:06:56.102] [INFO ] DataDriver - idMap: add vertex_631
[2026-09-18 10:06:56.102] [INFO ] DataDriver - root.p_Vertices[632]: add new object
[2026-09-18 10:06:56.102] [INFO ] DataDriver - idMap: add vertex_632
[2026-09-18 10:06:56.102] [INFO ] DataDriver - root.p_Vertices[633]: add new object
[2026-09-18 10:06:56.102] [INFO ] DataDriver - idMap: add vertex_633
[2026-09-18 10:06:56.102] [INFO ] DataDriver - root.p_Vertices[634]: add new object
[2026-09-18 10:06:56.102] [INFO ] DataDriver - idMap: add vertex_634
[2026-09-18 10:06:56.102] [INFO ] DataDriver - root.p_Vertices[635]: add new object
[2026-09-18 10:06:56.102] [INFO ] DataDriver - idMap: add vertex_635
[2026-09-18 10:06:56.102] [INFO ] DataDriver - root.p_Vertices[636]: add new object
[2026-09-18 10:06:56.102] [INFO ] DataDriver - idMap: add vertex_636
[2026-09-18 10:06:56.102] [INFO ] DataDriver - root.p_Vertices[637]: add new object
[2026-09-18 10:06:56.102] [INFO ] DataDriver - idMap: add vertex_637
[2026-09-18 10:06:56.102] [INFO ] DataDriver - root.p_Vertices[638]: add new object
[2026-09-18 10:06:56.102] [INFO ] DataDriver - idMap: add vertex_638
[2026-09-18 10:06:56.102] [INFO ] DataDriver - root.p_Vertices[639]: add new object
[2026-09-18 10:06:56.102] [INFO ] DataDriver - idMap: add vertex_639
[2026-09-18 10:06:56.102] [INFO ] DataDriver - root.p_Vertices[640]: add new object
[2026-09-18 10:06:56.102] [INFO ] DataDriver - idMap: add vertex_640
[2026-09-18 10:06:56.103] [INFO ] DataDriver - root.p_Vertices[641]: add new object
[2026-09-18 10:06:56.103] [INFO ] DataDriver - idMap: add vertex_641
[2026-09-18 10:06:56.103] [INFO ] DataDriver - root.p_Vertices[642]: add new object
[2026-09-18 10:06:56.103] [INFO ] DataDriver - idMap: add vertex_642
[2026-09-18 10:06:56.103] [INFO ] DataDriver - root.p_Vertices[643]: add new object
[2026-09-18 10:06:56.103] [INFO ] DataDriver - idMap: add vertex_643
[2026-09-18 10:06:56.103] [INFO ] DataDriver - root.p_Vertices[644]: add new object
[2026-09-18 10:06:56.103] [INFO ] DataDriver - idMap: add vertex_644
[2026-09-18 10:06:56.103] [INFO ] DataDriver - root.p_Vertices[645]: add new object
[2026-09-18 10:06:56.103] [INFO ] DataDriver - idMap: add vertex_645
[2026-09-18 10:06:56.103] [INFO ] DataDriver - root.p_Vertices[646]: add new object
[2026-09-18 10:06:56.103] [INFO ] DataDriver - idMap: add vertex_646
[2026-09-18 10:06:56.103] [INFO ] DataDriver - root.p_Vertices[647]: add new object
[2026-09-18 10:06:56.103] [INFO ] DataDriver - idMap: add vertex_647
[2026-09-18 10:06:56.103] [INFO ] DataDriver - root.p_Vertices[648]: add new object
[2026-09-18 10:06:56.103] [INFO ] DataDriver - idMap: add vertex_648
[2026-09-18 10:06:56.103] [INFO ] DataDriver - root.p_Vertices[649]: add new object
[2026-09-18 10:06:56.103] [INFO ] DataDriver - idMap: add vertex_649
[2026-09-18 10:06:56.103] [INFO ] DataDriver - root.p_Vertices[650]: add new object
[2026-09-18 10:06:56.103] [INFO ] DataDriver - idMap: add vertex_650
[2026-09-18 10:06:56.103] [INFO ] DataDriver - root.p_Vertices[651]: add new object
[2026-09-18 10:06:56.103] [INFO ] DataDriver - idMap: add vertex_651
[2026-09-18 10:06:56.103] [INFO ] DataDriver - root.p_Vertices[652]: add new object
[2026-09-18 10:06:56.103] [INFO ] DataDriver - idMap: add vertex_652
[2026-09-18 10:06:56.104] [INFO ] DataDriver - root.p_Vertices[653]: add new object
[2026-09-18 10:06:56.104] [INFO ] DataDriver - idMap: add vertex_653
[2026-09-18 10:06:56.104] [INFO ] DataDriver - root.p_Vertices[654]: add new object
[2026-09-18 10:06:56.104] [INFO ] DataDriver - idMap: add vertex_654
[2026-09-18 10:06:56.104] [INFO ] DataDriver - root.p_Vertices[655]: add new object
[2026-09-18 10:06:56.104] [INFO ] DataDriver - idMap: add vertex_655
[2026-09-18 10:06:56.104] [INFO ] DataDriver - root.p_Vertices[656]: add new object
[2026-09-18 10:06:56.104] [INFO ] DataDriver - idMap: add vertex_656
[2026-09-18 10:06:56.104] [INFO ] DataDriver - root.p_Vertices[657]: add new object
[2026-09-18 10:06:56.104] [INFO ] DataDriver - idMap: add vertex_657
[2026-09-18 10:06:56.104] [INFO ] DataDriver - root.p_Vertices[658]: add new object
[2026-09-18 10:06:56.104] [INFO ] DataDriver - idMap: add vertex_658
[2026-09-18 10:06:56.105] [INFO ] DataDriver - root.p_Vertices[659]: add new object
[2026-09-18 10:06:56.105] [INFO ] DataDriver - idMap: add vertex_659
[2026-09-18 10:06:56.105] [INFO ] DataDriver - root.p_Vertices[660]: add new object
[2026-09-18 10:06:56.105] [INFO ] DataDriver - idMap: add vertex_660
[2026-09-18 10:06:56.105] [INFO ] DataDriver - root.p_Vertices[661]: add new object
[2026-09-18 10:06:56.105] [INFO ] DataDriver - idMap: add vertex_661
[2026-09-18 10:06:56.105] [INFO ] DataDriver - root.p_Vertices[662]: add new object
[2026-09-18 10:06:56.105] [INFO ] DataDriver - idMap: add vertex_662
[2026-09-18 10:06:56.105] [INFO ] DataDriver - root.p_Vertices[663]: add new object
[2026-09-18 10:06:56.105] [INFO ] DataDriver - idMap: add vertex_663
[2026-09-18 10:06:56.105] [INFO ] DataDriver - root.p_Vertices[664]: add new object
[2026-09-18 10:06:56.105] [INFO ] DataDriver - idMap: add vertex_664
[2026-09-18 10:06:56.105] [INFO ] DataDriver - root.p_Vertices[665]: add new object
[2026-09-18 10:06:56.105] [INFO ] DataDriver - idMap: add vertex_665
[2026-09-18 10:06:56.105] [INFO ] DataDriver - root.p_Vertices[666]: add new object
[2026-09-18 10:06:56.105] [INFO ] DataDriver - idMap: add vertex_666
[2026-09-18 10:06:56.105] [INFO ] DataDriver - root.p_Vertices[667]: add new object
[2026-09-18 10:06:56.105] [INFO ] DataDriver - idMap: add vertex_667
[2026-09-18 10:06:56.105] [INFO ] DataDriver - root.p_Vertices[668]: add new object
[2026-09-18 10:06:56.105] [INFO ] DataDriver - idMap: add vertex_668
[2026-09-18 10:06:56.105] [INFO ] DataDriver - root.p_Vertices[669]: add new object
[2026-09-18 10:06:56.105] [INFO ] DataDriver - idMap: add vertex_669
[2026-09-18 10:06:56.105] [INFO ] DataDriver - root.p_Vertices[670]: add new object
[2026-09-18 10:06:56.105] [INFO ] DataDriver - idMap: add vertex_670
[2026-09-18 10:06:56.105] [INFO ] DataDriver - root.p_Vertices[671]: add new object
[2026-09-18 10:06:56.105] [INFO ] DataDriver - idMap: add vertex_671
[2026-09-18 10:06:56.106] [INFO ] DataDriver - root.p_Vertices[672]: add new object
[2026-09-18 10:06:56.106] [INFO ] DataDriver - idMap: add vertex_672
[2026-09-18 10:06:56.106] [INFO ] DataDriver - root.p_Vertices[673]: add new object
[2026-09-18 10:06:56.106] [INFO ] DataDriver - idMap: add vertex_673
[2026-09-18 10:06:56.106] [INFO ] DataDriver - root.p_Vertices[674]: add new object
[2026-09-18 10:06:56.106] [INFO ] DataDriver - idMap: add vertex_674
[2026-09-18 10:06:56.106] [INFO ] DataDriver - root.p_Vertices[675]: add new object
[2026-09-18 10:06:56.106] [INFO ] DataDriver - idMap: add vertex_675
[2026-09-18 10:06:56.106] [INFO ] DataDriver - root.p_Vertices[676]: add new object
[2026-09-18 10:06:56.106] [INFO ] DataDriver - idMap: add vertex_676
[2026-09-18 10:06:56.106] [INFO ] DataDriver - root.p_Vertices[677]: add new object
[2026-09-18 10:06:56.106] [INFO ] DataDriver - idMap: add vertex_677
[2026-09-18 10:06:56.106] [INFO ] DataDriver - root.p_Vertices[678]: add new object
[2026-09-18 10:06:56.106] [INFO ] DataDriver - idMap: add vertex_678
[2026-09-18 10:06:56.106] [INFO ] DataDriver - root.p_Vertices[679]: add new object
[2026-09-18 10:06:56.106] [INFO ] DataDriver - idMap: add vertex_679
[2026-09-18 10:06:56.106] [INFO ] DataDriver - root.p_Vertices[680]: add new object
[2026-09-18 10:06:56.106] [INFO ] DataDriver - idMap: add vertex_680
[2026-09-18 10:06:56.106] [INFO ] DataDriver - root.p_Vertices[681]: add new object
[2026-09-18 10:06:56.106] [INFO ] DataDriver - idMap: add vertex_681
[2026-09-18 10:06:56.106] [INFO ] DataDriver - root.p_Vertices[682]: add new object
[2026-09-18 10:06:56.107] [INFO ] DataDriver - idMap: add vertex_682
[2026-09-18 10:06:56.107] [INFO ] DataDriver - root.p_Vertices[683]: add new object
[2026-09-18 10:06:56.107] [INFO ] DataDriver - idMap: add vertex_683
[2026-09-18 10:06:56.107] [INFO ] DataDriver - root.p_Vertices[684]: add new object
[2026-09-18 10:06:56.107] [INFO ] DataDriver - idMap: add vertex_684
[2026-09-18 10:06:56.107] [INFO ] DataDriver - root.p_Vertices[685]: add new object
[2026-09-18 10:06:56.107] [INFO ] DataDriver - idMap: add vertex_685
[2026-09-18 10:06:56.107] [INFO ] DataDriver - root.p_Vertices[686]: add new object
[2026-09-18 10:06:56.107] [INFO ] DataDriver - idMap: add vertex_686
[2026-09-18 10:06:56.107] [INFO ] DataDriver - root.p_Vertices[687]: add new object
[2026-09-18 10:06:56.107] [INFO ] DataDriver - idMap: add vertex_687
[2026-09-18 10:06:56.107] [INFO ] DataDriver - root.p_Vertices[688]: add new object
[2026-09-18 10:06:56.107] [INFO ] DataDriver - idMap: add vertex_688
[2026-09-18 10:06:56.107] [INFO ] DataDriver - root.p_Vertices[689]: add new object
[2026-09-18 10:06:56.107] [INFO ] DataDriver - idMap: add vertex_689
[2026-09-18 10:06:56.107] [INFO ] DataDriver - root.p_Vertices[690]: add new object
[2026-09-18 10:06:56.107] [INFO ] DataDriver - idMap: add vertex_690
[2026-09-18 10:06:56.107] [INFO ] DataDriver - root.p_Vertices[691]: add new object
[2026-09-18 10:06:56.107] [INFO ] DataDriver - idMap: add vertex_691
[2026-09-18 10:06:56.107] [INFO ] DataDriver - root.p_Vertices[692]: add new object
[2026-09-18 10:06:56.107] [INFO ] DataDriver - idMap: add vertex_692
[2026-09-18 10:06:56.107] [INFO ] DataDriver - root.p_Vertices[693]: add new object
[2026-09-18 10:06:56.107] [INFO ] DataDriver - idMap: add vertex_693
[2026-09-18 10:06:56.108] [INFO ] DataDriver - root.p_Vertices[694]: add new object
[2026-09-18 10:06:56.108] [INFO ] DataDriver - idMap: add vertex_694
[2026-09-18 10:06:56.108] [INFO ] DataDriver - root.p_Vertices[695]: add new object
[2026-09-18 10:06:56.108] [INFO ] DataDriver - idMap: add vertex_695
[2026-09-18 10:06:56.108] [INFO ] DataDriver - root.p_Vertices[696]: add new object
[2026-09-18 10:06:56.108] [INFO ] DataDriver - idMap: add vertex_696
[2026-09-18 10:06:56.108] [INFO ] DataDriver - root.p_Vertices[697]: add new object
[2026-09-18 10:06:56.108] [INFO ] DataDriver - idMap: add vertex_697
[2026-09-18 10:06:56.108] [INFO ] DataDriver - root.p_Vertices[698]: add new object
[2026-09-18 10:06:56.108] [INFO ] DataDriver - idMap: add vertex_698
[2026-09-18 10:06:56.108] [INFO ] DataDriver - root.p_Vertices[699]: add new object
[2026-09-18 10:06:56.108] [INFO ] DataDriver - idMap: add vertex_699
[2026-09-18 10:06:56.108] [INFO ] DataDriver - root.p_Vertices[700]: add new object
[2026-09-18 10:06:56.108] [INFO ] DataDriver - idMap: add vertex_700
[2026-09-18 10:06:56.108] [INFO ] DataDriver - root.p_Vertices[701]: add new object
[2026-09-18 10:06:56.108] [INFO ] DataDriver - idMap: add vertex_701
[2026-09-18 10:06:56.108] [INFO ] DataDriver - root.p_Vertices[702]: add new object
[2026-09-18 10:06:56.108] [INFO ] DataDriver - idMap: add vertex_702
[2026-09-18 10:06:56.108] [INFO ] DataDriver - root.p_Vertices[703]: add new object
[2026-09-18 10:06:56.108] [INFO ] DataDriver - idMap: add vertex_703
[2026-09-18 10:06:56.108] [INFO ] DataDriver - root.p_Vertices[704]: add new object
[2026-09-18 10:06:56.108] [INFO ] DataDriver - idMap: add vertex_704
[2026-09-18 10:06:56.108] [INFO ] DataDriver - root.p_Vertices[705]: add new object
[2026-09-18 10:06:56.108] [INFO ] DataDriver - idMap: add vertex_705
[2026-09-18 10:06:56.108] [INFO ] DataDriver - root.p_Vertices[706]: add new object
[2026-09-18 10:06:56.108] [INFO ] DataDriver - idMap: add vertex_706
[2026-09-18 10:06:56.108] [INFO ] DataDriver - root.p_Vertices[707]: add new object
[2026-09-18 10:06:56.109] [INFO ] DataDriver - idMap: add vertex_707
[2026-09-18 10:06:56.109] [INFO ] DataDriver - root.p_Vertices[708]: add new object
[2026-09-18 10:06:56.109] [INFO ] DataDriver - idMap: add vertex_708
[2026-09-18 10:06:56.109] [INFO ] DataDriver - root.p_Vertices[709]: add new object
[2026-09-18 10:06:56.109] [INFO ] DataDriver - idMap: add vertex_709
[2026-09-18 10:06:56.109] [INFO ] DataDriver - root.p_Vertices[710]: add new object
[2026-09-18 10:06:56.109] [INFO ] DataDriver - idMap: add vertex_710
[2026-09-18 10:06:56.109] [INFO ] DataDriver - root.p_Vertices[711]: add new object
[2026-09-18 10:06:56.109] [INFO ] DataDriver - idMap: add vertex_711
[2026-09-18 10:06:56.109] [INFO ] DataDriver - root.p_Vertices[712]: add new object
[2026-09-18 10:06:56.109] [INFO ] DataDriver - idMap: add vertex_712
[2026-09-18 10:06:56.109] [INFO ] DataDriver - root.p_Vertices[713]: add new object
[2026-09-18 10:06:56.109] [INFO ] DataDriver - idMap: add vertex_713
[2026-09-18 10:06:56.109] [INFO ] DataDriver - root.p_Vertices[714]: add new object
[2026-09-18 10:06:56.109] [INFO ] DataDriver - idMap: add vertex_714
[2026-09-18 10:06:56.109] [INFO ] DataDriver - root.p_Vertices[715]: add new object
[2026-09-18 10:06:56.109] [INFO ] DataDriver - idMap: add vertex_715
[2026-09-18 10:06:56.109] [INFO ] DataDriver - root.p_Vertices[716]: add new object
[2026-09-18 10:06:56.109] [INFO ] DataDriver - idMap: add vertex_716
[2026-09-18 10:06:56.109] [INFO ] DataDriver - root.p_Vertices[717]: add new object
[2026-09-18 10:06:56.109] [INFO ] DataDriver - idMap: add vertex_717
[2026-09-18 10:06:56.109] [INFO ] DataDriver - root.p_Vertices[718]: add new object
[2026-09-18 10:06:56.109] [INFO ] DataDriver - idMap: add vertex_718
[2026-09-18 10:06:56.109] [INFO ] DataDriver - root.p_Vertices[719]: add new object
[2026-09-18 10:06:56.109] [INFO ] DataDriver - idMap: add vertex_719
[2026-09-18 10:06:56.110] [INFO ] DataDriver - root.p_Vertices[720]: add new object
[2026-09-18 10:06:56.110] [INFO ] DataDriver - idMap: add vertex_720
[2026-09-18 10:06:56.110] [INFO ] DataDriver - root.p_Vertices[721]: add new object
[2026-09-18 10:06:56.110] [INFO ] DataDriver - idMap: add vertex_721
[2026-09-18 10:06:56.110] [INFO ] DataDriver - root.p_Vertices[722]: add new object
[2026-09-18 10:06:56.110] [INFO ] DataDriver - idMap: add vertex_722
[2026-09-18 10:06:56.110] [INFO ] DataDriver - root.p_Vertices[723]: add new object
[2026-09-18 10:06:56.110] [INFO ] DataDriver - idMap: add vertex_723
[2026-09-18 10:06:56.110] [INFO ] DataDriver - root.p_Vertices[724]: add new object
[2026-09-18 10:06:56.110] [INFO ] DataDriver - idMap: add vertex_724
[2026-09-18 10:06:56.110] [INFO ] DataDriver - root.p_Vertices[725]: add new object
[2026-09-18 10:06:56.110] [INFO ] DataDriver - idMap: add vertex_725
[2026-09-18 10:06:56.110] [INFO ] DataDriver - root.p_Vertices[726]: add new object
[2026-09-18 10:06:56.110] [INFO ] DataDriver - idMap: add vertex_726
[2026-09-18 10:06:56.110] [INFO ] DataDriver - root.p_Vertices[727]: add new object
[2026-09-18 10:06:56.110] [INFO ] DataDriver - idMap: add vertex_727
[2026-09-18 10:06:56.110] [INFO ] DataDriver - root.p_Vertices[728]: add new object
[2026-09-18 10:06:56.110] [INFO ] DataDriver - idMap: add vertex_728
[2026-09-18 10:06:56.110] [INFO ] DataDriver - root.p_Vertices[729]: add new object
[2026-09-18 10:06:56.110] [INFO ] DataDriver - idMap: add vertex_729
[2026-09-18 10:06:56.110] [INFO ] DataDriver - root.p_Vertices[730]: add new object
[2026-09-18 10:06:56.110] [INFO ] DataDriver - idMap: add vertex_730
[2026-09-18 10:06:56.110] [INFO ] DataDriver - root.p_Vertices[731]: add new object
[2026-09-18 10:06:56.110] [INFO ] DataDriver - idMap: add vertex_731
[2026-09-18 10:06:56.110] [INFO ] DataDriver - root.p_Vertices[732]: add new object
[2026-09-18 10:06:56.110] [INFO ] DataDriver - idMap: add vertex_732
[2026-09-18 10:06:56.110] [INFO ] DataDriver - root.p_Vertices[733]: add new object
[2026-09-18 10:06:56.111] [INFO ] DataDriver - idMap: add vertex_733
[2026-09-18 10:06:56.111] [INFO ] DataDriver - root.p_Vertices[734]: add new object
[2026-09-18 10:06:56.111] [INFO ] DataDriver - idMap: add vertex_734
[2026-09-18 10:06:56.111] [INFO ] DataDriver - root.p_Vertices[735]: add new object
[2026-09-18 10:06:56.111] [INFO ] DataDriver - idMap: add vertex_735
[2026-09-18 10:06:56.111] [INFO ] DataDriver - root.p_Vertices[736]: add new object
[2026-09-18 10:06:56.111] [INFO ] DataDriver - idMap: add vertex_736
[2026-09-18 10:06:56.111] [INFO ] DataDriver - root.p_Vertices[737]: add new object
[2026-09-18 10:06:56.111] [INFO ] DataDriver - idMap: add vertex_737
[2026-09-18 10:06:56.111] [INFO ] DataDriver - root.p_Vertices[738]: add new object
[2026-09-18 10:06:56.111] [INFO ] DataDriver - idMap: add vertex_738
[2026-09-18 10:06:56.111] [INFO ] DataDriver - root.p_Vertices[739]: add new object
[2026-09-18 10:06:56.111] [INFO ] DataDriver - idMap: add vertex_739
[2026-09-18 10:06:56.111] [INFO ] DataDriver - root.p_Vertices[740]: add new object
[2026-09-18 10:06:56.111] [INFO ] DataDriver - idMap: add vertex_740
[2026-09-18 10:06:56.111] [INFO ] DataDriver - root.p_Vertices[741]: add new object
[2026-09-18 10:06:56.111] [INFO ] DataDriver - idMap: add vertex_741
[2026-09-18 10:06:56.111] [INFO ] DataDriver - root.p_Vertices[742]: add new object
[2026-09-18 10:06:56.111] [INFO ] DataDriver - idMap: add vertex_742
[2026-09-18 10:06:56.111] [INFO ] DataDriver - root.p_Vertices[743]: add new object
[2026-09-18 10:06:56.111] [INFO ] DataDriver - idMap: add vertex_743
[2026-09-18 10:06:56.111] [INFO ] DataDriver - root.p_Vertices[744]: add new object
[2026-09-18 10:06:56.111] [INFO ] DataDriver - idMap: add vertex_744
[2026-09-18 10:06:56.111] [INFO ] DataDriver - root.p_Vertices[745]: add new object
[2026-09-18 10:06:56.112] [INFO ] DataDriver - idMap: add vertex_745
[2026-09-18 10:06:56.112] [INFO ] DataDriver - root.p_Vertices[746]: add new object
[2026-09-18 10:06:56.112] [INFO ] DataDriver - idMap: add vertex_746
[2026-09-18 10:06:56.112] [INFO ] DataDriver - root.p_Vertices[747]: add new object
[2026-09-18 10:06:56.112] [INFO ] DataDriver - idMap: add vertex_747
[2026-09-18 10:06:56.112] [INFO ] DataDriver - root.p_Vertices[748]: add new object
[2026-09-18 10:06:56.112] [INFO ] DataDriver - idMap: add vertex_748
[2026-09-18 10:06:56.112] [INFO ] DataDriver - root.p_Vertices[749]: add new object
[2026-09-18 10:06:56.112] [INFO ] DataDriver - idMap: add vertex_749
[2026-09-18 10:06:56.112] [INFO ] DataDriver - root.p_Vertices[750]: add new object
[2026-09-18 10:06:56.112] [INFO ] DataDriver - idMap: add vertex_750
[2026-09-18 10:06:56.112] [INFO ] DataDriver - root.p_Vertices[751]: add new object
[2026-09-18 10:06:56.112] [INFO ] DataDriver - idMap: add vertex_751
[2026-09-18 10:06:56.112] [INFO ] DataDriver - root.p_Vertices[752]: add new object
[2026-09-18 10:06:56.112] [INFO ] DataDriver - idMap: add vertex_752
[2026-09-18 10:06:56.112] [INFO ] DataDriver - root.p_Vertices[753]: add new object
[2026-09-18 10:06:56.112] [INFO ] DataDriver - idMap: add vertex_753
[2026-09-18 10:06:56.112] [INFO ] DataDriver - root.p_Vertices[754]: add new object
[2026-09-18 10:06:56.112] [INFO ] DataDriver - idMap: add vertex_754
[2026-09-18 10:06:56.112] [INFO ] DataDriver - root.p_Vertices[755]: add new object
[2026-09-18 10:06:56.112] [INFO ] DataDriver - idMap: add vertex_755
[2026-09-18 10:06:56.112] [INFO ] DataDriver - root.p_Vertices[756]: add new object
[2026-09-18 10:06:56.112] [INFO ] DataDriver - idMap: add vertex_756
[2026-09-18 10:06:56.112] [INFO ] DataDriver - root.p_Vertices[757]: add new object
[2026-09-18 10:06:56.112] [INFO ] DataDriver - idMap: add vertex_757
[2026-09-18 10:06:56.112] [INFO ] DataDriver - root.p_Vertices[758]: add new object
[2026-09-18 10:06:56.112] [INFO ] DataDriver - idMap: add vertex_758
[2026-09-18 10:06:56.112] [INFO ] DataDriver - root.p_Vertices[759]: add new object
[2026-09-18 10:06:56.112] [INFO ] DataDriver - idMap: add vertex_759
[2026-09-18 10:06:56.112] [INFO ] DataDriver - root.p_Vertices[760]: add new object
[2026-09-18 10:06:56.112] [INFO ] DataDriver - idMap: add vertex_760
[2026-09-18 10:06:56.112] [INFO ] DataDriver - root.p_Vertices[761]: add new object
[2026-09-18 10:06:56.113] [INFO ] DataDriver - idMap: add vertex_761
[2026-09-18 10:06:56.113] [INFO ] DataDriver - root.p_Vertices[762]: add new object
[2026-09-18 10:06:56.113] [INFO ] DataDriver - idMap: add vertex_762
[2026-09-18 10:06:56.113] [INFO ] DataDriver - root.p_Vertices[763]: add new object
[2026-09-18 10:06:56.113] [INFO ] DataDriver - idMap: add vertex_763
[2026-09-18 10:06:56.113] [INFO ] DataDriver - root.p_Vertices[764]: add new object
[2026-09-18 10:06:56.113] [INFO ] DataDriver - idMap: add vertex_764
[2026-09-18 10:06:56.113] [INFO ] DataDriver - root.p_Vertices[765]: add new object
[2026-09-18 10:06:56.113] [INFO ] DataDriver - idMap: add vertex_765
[2026-09-18 10:06:56.113] [INFO ] DataDriver - root.p_Vertices[766]: add new object
[2026-09-18 10:06:56.113] [INFO ] DataDriver - idMap: add vertex_766
[2026-09-18 10:06:56.113] [INFO ] DataDriver - root.p_Vertices[767]: add new object
[2026-09-18 10:06:56.113] [INFO ] DataDriver - idMap: add vertex_767
[2026-09-18 10:06:56.113] [INFO ] DataDriver - root.p_Vertices[768]: add new object
[2026-09-18 10:06:56.113] [INFO ] DataDriver - idMap: add vertex_768
[2026-09-18 10:06:56.113] [INFO ] DataDriver - root.p_Vertices[769]: add new object
[2026-09-18 10:06:56.113] [INFO ] DataDriver - idMap: add vertex_769
[2026-09-18 10:06:56.113] [INFO ] DataDriver - root.p_Vertices[770]: add new object
[2026-09-18 10:06:56.113] [INFO ] DataDriver - idMap: add vertex_770
[2026-09-18 10:06:56.113] [INFO ] DataDriver - root.p_Vertices[771]: add new object
[2026-09-18 10:06:56.114] [INFO ] DataDriver - idMap: add vertex_771
[2026-09-18 10:06:56.114] [INFO ] DataDriver - root.p_Vertices[772]: add new object
[2026-09-18 10:06:56.114] [INFO ] DataDriver - idMap: add vertex_772
[2026-09-18 10:06:56.114] [INFO ] DataDriver - root.p_Vertices[773]: add new object
[2026-09-18 10:06:56.114] [INFO ] DataDriver - idMap: add vertex_773
[2026-09-18 10:06:56.114] [INFO ] DataDriver - root.p_Vertices[774]: add new object
[2026-09-18 10:06:56.114] [INFO ] DataDriver - idMap: add vertex_774
[2026-09-18 10:06:56.114] [INFO ] DataDriver - root.p_Vertices[775]: add new object
[2026-09-18 10:06:56.114] [INFO ] DataDriver - idMap: add vertex_775
[2026-09-18 10:06:56.114] [INFO ] DataDriver - root.p_Vertices[776]: add new object
[2026-09-18 10:06:56.114] [INFO ] DataDriver - idMap: add vertex_776
[2026-09-18 10:06:56.114] [INFO ] DataDriver - root.p_Vertices[777]: add new object
[2026-09-18 10:06:56.114] [INFO ] DataDriver - idMap: add vertex_777
[2026-09-18 10:06:56.114] [INFO ] DataDriver - root.p_Vertices[778]: add new object
[2026-09-18 10:06:56.114] [INFO ] DataDriver - idMap: add vertex_778
[2026-09-18 10:06:56.114] [INFO ] DataDriver - root.p_Vertices[779]: add new object
[2026-09-18 10:06:56.114] [INFO ] DataDriver - idMap: add vertex_779
[2026-09-18 10:06:56.114] [INFO ] DataDriver - root.p_Vertices[780]: add new object
[2026-09-18 10:06:56.114] [INFO ] DataDriver - idMap: add vertex_780
[2026-09-18 10:06:56.114] [INFO ] DataDriver - root.p_Vertices[781]: add new object
[2026-09-18 10:06:56.114] [INFO ] DataDriver - idMap: add vertex_781
[2026-09-18 10:06:56.114] [INFO ] DataDriver - root.p_Vertices[782]: add new object
[2026-09-18 10:06:56.114] [INFO ] DataDriver - idMap: add vertex_782
[2026-09-18 10:06:56.114] [INFO ] DataDriver - root.p_Vertices[783]: add new object
[2026-09-18 10:06:56.114] [INFO ] DataDriver - idMap: add vertex_783
[2026-09-18 10:06:56.115] [INFO ] DataDriver - root.p_Vertices[784]: add new object
[2026-09-18 10:06:56.115] [INFO ] DataDriver - idMap: add vertex_784
[2026-09-18 10:06:56.115] [INFO ] DataDriver - root.p_Vertices[785]: add new object
[2026-09-18 10:06:56.115] [INFO ] DataDriver - idMap: add vertex_785
[2026-09-18 10:06:56.115] [INFO ] DataDriver - root.p_Vertices[786]: add new object
[2026-09-18 10:06:56.115] [INFO ] DataDriver - idMap: add vertex_786
[2026-09-18 10:06:56.115] [INFO ] DataDriver - root.p_Vertices[787]: add new object
[2026-09-18 10:06:56.115] [INFO ] DataDriver - idMap: add vertex_787
[2026-09-18 10:06:56.115] [INFO ] DataDriver - root.p_Vertices[788]: add new object
[2026-09-18 10:06:56.115] [INFO ] DataDriver - idMap: add vertex_788
[2026-09-18 10:06:56.115] [INFO ] DataDriver - root.p_Vertices[789]: add new object
[2026-09-18 10:06:56.115] [INFO ] DataDriver - idMap: add vertex_789
[2026-09-18 10:06:56.115] [INFO ] DataDriver - root.p_Vertices[790]: add new object
[2026-09-18 10:06:56.115] [INFO ] DataDriver - idMap: add vertex_790
[2026-09-18 10:06:56.115] [INFO ] DataDriver - root.p_Vertices[791]: add new object
[2026-09-18 10:06:56.115] [INFO ] DataDriver - idMap: add vertex_791
[2026-09-18 10:06:56.115] [INFO ] DataDriver - root.p_Vertices[792]: add new object
[2026-09-18 10:06:56.115] [INFO ] DataDriver - idMap: add vertex_792
[2026-09-18 10:06:56.115] [INFO ] DataDriver - root.p_Vertices[793]: add new object
[2026-09-18 10:06:56.115] [INFO ] DataDriver - idMap: add vertex_793
[2026-09-18 10:06:56.115] [INFO ] DataDriver - root.p_Vertices[794]: add new object
[2026-09-18 10:06:56.115] [INFO ] DataDriver - idMap: add vertex_794
[2026-09-18 10:06:56.115] [INFO ] DataDriver - root.p_Vertices[795]: add new object
[2026-09-18 10:06:56.116] [INFO ] DataDriver - idMap: add vertex_795
[2026-09-18 10:06:56.116] [INFO ] DataDriver - root.p_Vertices[796]: add new object
[2026-09-18 10:06:56.116] [INFO ] DataDriver - idMap: add vertex_796
[2026-09-18 10:06:56.116] [INFO ] DataDriver - root.p_Vertices[797]: add new object
[2026-09-18 10:06:56.116] [INFO ] DataDriver - idMap: add vertex_797
[2026-09-18 10:06:56.116] [INFO ] DataDriver - root.p_Vertices[798]: add new object
[2026-09-18 10:06:56.116] [INFO ] DataDriver - idMap: add vertex_798
[2026-09-18 10:06:56.116] [INFO ] DataDriver - root.p_Vertices[799]: add new object
[2026-09-18 10:06:56.116] [INFO ] DataDriver - idMap: add vertex_799
[2026-09-18 10:06:56.116] [INFO ] DataDriver - root.p_Vertices[800]: add new object
[2026-09-18 10:06:56.116] [INFO ] DataDriver - idMap: add vertex_800
[2026-09-18 10:06:56.116] [INFO ] DataDriver - root.p_Vertices[801]: add new object
[2026-09-18 10:06:56.116] [INFO ] DataDriver - idMap: add vertex_801
[2026-09-18 10:06:56.116] [INFO ] DataDriver - root.p_Vertices[802]: add new object
[2026-09-18 10:06:56.116] [INFO ] DataDriver - idMap: add vertex_802
[2026-09-18 10:06:56.116] [INFO ] DataDriver - root.p_Vertices[803]: add new object
[2026-09-18 10:06:56.116] [INFO ] DataDriver - idMap: add vertex_803
[2026-09-18 10:06:56.116] [INFO ] DataDriver - root.p_Vertices[804]: add new object
[2026-09-18 10:06:56.116] [INFO ] DataDriver - idMap: add vertex_804
[2026-09-18 10:06:56.116] [INFO ] DataDriver - root.p_Vertices[805]: add new object
[2026-09-18 10:06:56.116] [INFO ] DataDriver - idMap: add vertex_805
[2026-09-18 10:06:56.116] [INFO ] DataDriver - root.p_Vertices[806]: add new object
[2026-09-18 10:06:56.116] [INFO ] DataDriver - idMap: add vertex_806
[2026-09-18 10:06:56.116] [INFO ] DataDriver - root.p_Vertices[807]: add new object
[2026-09-18 10:06:56.116] [INFO ] DataDriver - idMap: add vertex_807
[2026-09-18 10:06:56.116] [INFO ] DataDriver - root.p_Vertices[808]: add new object
[2026-09-18 10:06:56.116] [INFO ] DataDriver - idMap: add vertex_808
[2026-09-18 10:06:56.116] [INFO ] DataDriver - root.p_Vertices[809]: add new object
[2026-09-18 10:06:56.116] [INFO ] DataDriver - idMap: add vertex_809
[2026-09-18 10:06:56.117] [INFO ] DataDriver - root.p_Vertices[810]: add new object
[2026-09-18 10:06:56.117] [INFO ] DataDriver - idMap: add vertex_810
[2026-09-18 10:06:56.117] [INFO ] DataDriver - root.p_Vertices[811]: add new object
[2026-09-18 10:06:56.117] [INFO ] DataDriver - idMap: add vertex_811
[2026-09-18 10:06:56.117] [INFO ] DataDriver - root.p_Vertices[812]: add new object
[2026-09-18 10:06:56.117] [INFO ] DataDriver - idMap: add vertex_812
[2026-09-18 10:06:56.117] [INFO ] DataDriver - root.p_Vertices[813]: add new object
[2026-09-18 10:06:56.117] [INFO ] DataDriver - idMap: add vertex_813
[2026-09-18 10:06:56.117] [INFO ] DataDriver - root.p_Vertices[814]: add new object
[2026-09-18 10:06:56.117] [INFO ] DataDriver - idMap: add vertex_814
[2026-09-18 10:06:56.117] [INFO ] DataDriver - root.p_Vertices[815]: add new object
[2026-09-18 10:06:56.117] [INFO ] DataDriver - idMap: add vertex_815
[2026-09-18 10:06:56.117] [INFO ] DataDriver - root.p_Vertices[816]: add new object
[2026-09-18 10:06:56.117] [INFO ] DataDriver - idMap: add vertex_816
[2026-09-18 10:06:56.117] [INFO ] DataDriver - root.p_Vertices[817]: add new object
[2026-09-18 10:06:56.117] [INFO ] DataDriver - idMap: add vertex_817
[2026-09-18 10:06:56.117] [INFO ] DataDriver - root.p_Vertices[818]: add new object
[2026-09-18 10:06:56.117] [INFO ] DataDriver - idMap: add vertex_818
[2026-09-18 10:06:56.117] [INFO ] DataDriver - root.p_Vertices[819]: add new object
[2026-09-18 10:06:56.117] [INFO ] DataDriver - idMap: add vertex_819
[2026-09-18 10:06:56.117] [INFO ] DataDriver - root.p_Vertices[820]: add new object
[2026-09-18 10:06:56.117] [INFO ] DataDriver - idMap: add vertex_820
[2026-09-18 10:06:56.117] [INFO ] DataDriver - root.p_Vertices[821]: add new object
[2026-09-18 10:06:56.117] [INFO ] DataDriver - idMap: add vertex_821
[2026-09-18 10:06:56.117] [INFO ] DataDriver - root.p_Vertices[822]: add new object
[2026-09-18 10:06:56.117] [INFO ] DataDriver - idMap: add vertex_822
[2026-09-18 10:06:56.117] [INFO ] DataDriver - root.p_Vertices[823]: add new object
[2026-09-18 10:06:56.117] [INFO ] DataDriver - idMap: add vertex_823
[2026-09-18 10:06:56.117] [INFO ] DataDriver - root.p_Vertices[824]: add new object
[2026-09-18 10:06:56.117] [INFO ] DataDriver - idMap: add vertex_824
[2026-09-18 10:06:56.117] [INFO ] DataDriver - root.p_Vertices[825]: add new object
[2026-09-18 10:06:56.118] [INFO ] DataDriver - idMap: add vertex_825
[2026-09-18 10:06:56.118] [INFO ] DataDriver - root.p_Vertices[826]: add new object
[2026-09-18 10:06:56.118] [INFO ] DataDriver - idMap: add vertex_826
[2026-09-18 10:06:56.118] [INFO ] DataDriver - root.p_Vertices[827]: add new object
[2026-09-18 10:06:56.118] [INFO ] DataDriver - idMap: add vertex_827
[2026-09-18 10:06:56.118] [INFO ] DataDriver - root.p_Vertices[828]: add new object
[2026-09-18 10:06:56.118] [INFO ] DataDriver - idMap: add vertex_828
[2026-09-18 10:06:56.118] [INFO ] DataDriver - root.p_Vertices[829]: add new object
[2026-09-18 10:06:56.118] [INFO ] DataDriver - idMap: add vertex_829
[2026-09-18 10:06:56.118] [INFO ] DataDriver - root.p_Vertices[830]: add new object
[2026-09-18 10:06:56.118] [INFO ] DataDriver - idMap: add vertex_830
[2026-09-18 10:06:56.118] [INFO ] DataDriver - root.p_Vertices[831]: add new object
[2026-09-18 10:06:56.118] [INFO ] DataDriver - idMap: add vertex_831
[2026-09-18 10:06:56.118] [INFO ] DataDriver - root.p_Vertices[832]: add new object
[2026-09-18 10:06:56.118] [INFO ] DataDriver - idMap: add vertex_832
[2026-09-18 10:06:56.118] [INFO ] DataDriver - root.p_Vertices[833]: add new object
[2026-09-18 10:06:56.118] [INFO ] DataDriver - idMap: add vertex_833
[2026-09-18 10:06:56.119] [INFO ] DataDriver - root.p_Vertices[834]: add new object
[2026-09-18 10:06:56.119] [INFO ] DataDriver - idMap: add vertex_834
[2026-09-18 10:06:56.119] [INFO ] DataDriver - root.p_Vertices[835]: add new object
[2026-09-18 10:06:56.119] [INFO ] DataDriver - idMap: add vertex_835
[2026-09-18 10:06:56.119] [INFO ] DataDriver - root.p_Vertices[836]: add new object
[2026-09-18 10:06:56.119] [INFO ] DataDriver - idMap: add vertex_836
[2026-09-18 10:06:56.119] [INFO ] DataDriver - root.p_Vertices[837]: add new object
[2026-09-18 10:06:56.119] [INFO ] DataDriver - idMap: add vertex_837
[2026-09-18 10:06:56.119] [INFO ] DataDriver - root.p_Vertices[838]: add new object
[2026-09-18 10:06:56.119] [INFO ] DataDriver - idMap: add vertex_838
[2026-09-18 10:06:56.119] [INFO ] DataDriver - root.p_Vertices[839]: add new object
[2026-09-18 10:06:56.119] [INFO ] DataDriver - idMap: add vertex_839
[2026-09-18 10:06:56.119] [INFO ] DataDriver - root.p_Vertices[840]: add new object
[2026-09-18 10:06:56.119] [INFO ] DataDriver - idMap: add vertex_840
[2026-09-18 10:06:56.119] [INFO ] DataDriver - root.p_Vertices[841]: add new object
[2026-09-18 10:06:56.119] [INFO ] DataDriver - idMap: add vertex_841
[2026-09-18 10:06:56.119] [INFO ] DataDriver - root.p_Vertices[842]: add new object
[2026-09-18 10:06:56.119] [INFO ] DataDriver - idMap: add vertex_842
[2026-09-18 10:06:56.119] [INFO ] DataDriver - root.p_Vertices[843]: add new object
[2026-09-18 10:06:56.119] [INFO ] DataDriver - idMap: add vertex_843
[2026-09-18 10:06:56.119] [INFO ] DataDriver - root.p_Vertices[844]: add new object
[2026-09-18 10:06:56.119] [INFO ] DataDriver - idMap: add vertex_844
[2026-09-18 10:06:56.119] [INFO ] DataDriver - root.p_Vertices[845]: add new object
[2026-09-18 10:06:56.119] [INFO ] DataDriver - idMap: add vertex_845
[2026-09-18 10:06:56.119] [INFO ] DataDriver - root.p_Vertices[846]: add new object
[2026-09-18 10:06:56.119] [INFO ] DataDriver - idMap: add vertex_846
[2026-09-18 10:06:56.120] [INFO ] DataDriver - root.p_Vertices[847]: add new object
[2026-09-18 10:06:56.120] [INFO ] DataDriver - idMap: add vertex_847
[2026-09-18 10:06:56.120] [INFO ] DataDriver - root.p_Vertices[848]: add new object
[2026-09-18 10:06:56.120] [INFO ] DataDriver - idMap: add vertex_848
[2026-09-18 10:06:56.120] [INFO ] DataDriver - root.p_Vertices[849]: add new object
[2026-09-18 10:06:56.120] [INFO ] DataDriver - idMap: add vertex_849
[2026-09-18 10:06:56.120] [INFO ] DataDriver - root.p_Vertices[850]: add new object
[2026-09-18 10:06:56.120] [INFO ] DataDriver - idMap: add vertex_850
[2026-09-18 10:06:56.120] [INFO ] DataDriver - root.p_Vertices[851]: add new object
[2026-09-18 10:06:56.120] [INFO ] DataDriver - idMap: add vertex_851
[2026-09-18 10:06:56.120] [INFO ] DataDriver - root.p_Vertices[852]: add new object
[2026-09-18 10:06:56.120] [INFO ] DataDriver - idMap: add vertex_852
[2026-09-18 10:06:56.120] [INFO ] DataDriver - root.p_Vertices[853]: add new object
[2026-09-18 10:06:56.120] [INFO ] DataDriver - idMap: add vertex_853
[2026-09-18 10:06:56.120] [INFO ] DataDriver - root.p_Vertices[854]: add new object
[2026-09-18 10:06:56.120] [INFO ] DataDriver - idMap: add vertex_854
[2026-09-18 10:06:56.120] [INFO ] DataDriver - root.p_Vertices[855]: add new object
[2026-09-18 10:06:56.120] [INFO ] DataDriver - idMap: add vertex_855
[2026-09-18 10:06:56.120] [INFO ] DataDriver - root.p_Vertices[856]: add new object
[2026-09-18 10:06:56.120] [INFO ] DataDriver - idMap: add vertex_856
[2026-09-18 10:06:56.120] [INFO ] DataDriver - root.p_Vertices[857]: add new object
[2026-09-18 10:06:56.120] [INFO ] DataDriver - idMap: add vertex_857
[2026-09-18 10:06:56.120] [INFO ] DataDriver - root.p_Vertices[858]: add new object
[2026-09-18 10:06:56.121] [INFO ] DataDriver - idMap: add vertex_858
[2026-09-18 10:06:56.121] [INFO ] DataDriver - root.p_Vertices[859]: add new object
[2026-09-18 10:06:56.121] [INFO ] DataDriver - idMap: add vertex_859
[2026-09-18 10:06:56.121] [INFO ] DataDriver - root.p_Vertices[860]: add new object
[2026-09-18 10:06:56.121] [INFO ] DataDriver - idMap: add vertex_860
[2026-09-18 10:06:56.121] [INFO ] DataDriver - root.p_Vertices[861]: add new object
[2026-09-18 10:06:56.121] [INFO ] DataDriver - idMap: add vertex_861
[2026-09-18 10:06:56.121] [INFO ] DataDriver - root.p_Vertices[862]: add new object
[2026-09-18 10:06:56.121] [INFO ] DataDriver - idMap: add vertex_862
[2026-09-18 10:06:56.121] [INFO ] DataDriver - root.p_Vertices[863]: add new object
[2026-09-18 10:06:56.121] [INFO ] DataDriver - idMap: add vertex_863
[2026-09-18 10:06:56.121] [INFO ] DataDriver - root.p_Vertices[864]: add new object
[2026-09-18 10:06:56.121] [INFO ] DataDriver - idMap: add vertex_864
[2026-09-18 10:06:56.121] [INFO ] DataDriver - root.p_Vertices[865]: add new object
[2026-09-18 10:06:56.121] [INFO ] DataDriver - idMap: add vertex_865
[2026-09-18 10:06:56.121] [INFO ] DataDriver - root.p_Vertices[866]: add new object
[2026-09-18 10:06:56.121] [INFO ] DataDriver - idMap: add vertex_866
[2026-09-18 10:06:56.121] [INFO ] DataDriver - root.p_Vertices[867]: add new object
[2026-09-18 10:06:56.121] [INFO ] DataDriver - idMap: add vertex_867
[2026-09-18 10:06:56.121] [INFO ] DataDriver - root.p_Vertices[868]: add new object
[2026-09-18 10:06:56.121] [INFO ] DataDriver - idMap: add vertex_868
[2026-09-18 10:06:56.122] [INFO ] DataDriver - root.p_Vertices[869]: add new object
[2026-09-18 10:06:56.122] [INFO ] DataDriver - idMap: add vertex_869
[2026-09-18 10:06:56.122] [INFO ] DataDriver - root.p_Vertices[870]: add new object
[2026-09-18 10:06:56.122] [INFO ] DataDriver - idMap: add vertex_870
[2026-09-18 10:06:56.122] [INFO ] DataDriver - root.p_Vertices[871]: add new object
[2026-09-18 10:06:56.122] [INFO ] DataDriver - idMap: add vertex_871
[2026-09-18 10:06:56.122] [INFO ] DataDriver - root.p_Vertices[872]: add new object
[2026-09-18 10:06:56.122] [INFO ] DataDriver - idMap: add vertex_872
[2026-09-18 10:06:56.122] [INFO ] DataDriver - root.p_Vertices[873]: add new object
[2026-09-18 10:06:56.122] [INFO ] DataDriver - idMap: add vertex_873
[2026-09-18 10:06:56.122] [INFO ] DataDriver - root.p_Vertices[874]: add new object
[2026-09-18 10:06:56.122] [INFO ] DataDriver - idMap: add vertex_874
[2026-09-18 10:06:56.122] [INFO ] DataDriver - root.p_Vertices[875]: add new object
[2026-09-18 10:06:56.122] [INFO ] DataDriver - idMap: add vertex_875
[2026-09-18 10:06:56.122] [INFO ] DataDriver - root.p_Vertices[876]: add new object
[2026-09-18 10:06:56.122] [INFO ] DataDriver - idMap: add vertex_876
[2026-09-18 10:06:56.122] [INFO ] DataDriver - root.p_Vertices[877]: add new object
[2026-09-18 10:06:56.122] [INFO ] DataDriver - idMap: add vertex_877
[2026-09-18 10:06:56.122] [INFO ] DataDriver - root.p_Vertices[878]: add new object
[2026-09-18 10:06:56.122] [INFO ] DataDriver - idMap: add vertex_878
[2026-09-18 10:06:56.122] [INFO ] DataDriver - root.p_Vertices[879]: add new object
[2026-09-18 10:06:56.122] [INFO ] DataDriver - idMap: add vertex_879
[2026-09-18 10:06:56.122] [INFO ] DataDriver - root.p_Vertices[880]: add new object
[2026-09-18 10:06:56.122] [INFO ] DataDriver - idMap: add vertex_880
[2026-09-18 10:06:56.122] [INFO ] DataDriver - root.p_Vertices[881]: add new object
[2026-09-18 10:06:56.122] [INFO ] DataDriver - idMap: add vertex_881
[2026-09-18 10:06:56.122] [INFO ] DataDriver - root.p_Vertices[882]: add new object
[2026-09-18 10:06:56.122] [INFO ] DataDriver - idMap: add vertex_882
[2026-09-18 10:06:56.122] [INFO ] DataDriver - root.p_Vertices[883]: add new object
[2026-09-18 10:06:56.122] [INFO ] DataDriver - idMap: add vertex_883
[2026-09-18 10:06:56.122] [INFO ] DataDriver - root.p_Vertices[884]: add new object
[2026-09-18 10:06:56.123] [INFO ] DataDriver - idMap: add vertex_884
[2026-09-18 10:06:56.123] [INFO ] DataDriver - root.p_Vertices[885]: add new object
[2026-09-18 10:06:56.123] [INFO ] DataDriver - idMap: add vertex_885
[2026-09-18 10:06:56.123] [INFO ] DataDriver - root.p_Vertices[886]: add new object
[2026-09-18 10:06:56.123] [INFO ] DataDriver - idMap: add vertex_886
[2026-09-18 10:06:56.123] [INFO ] DataDriver - root.p_Vertices[887]: add new object
[2026-09-18 10:06:56.123] [INFO ] DataDriver - idMap: add vertex_887
[2026-09-18 10:06:56.123] [INFO ] DataDriver - root.p_Vertices[888]: add new object
[2026-09-18 10:06:56.123] [INFO ] DataDriver - idMap: add vertex_888
[2026-09-18 10:06:56.123] [INFO ] DataDriver - root.p_Vertices[889]: add new object
[2026-09-18 10:06:56.123] [INFO ] DataDriver - idMap: add vertex_889
[2026-09-18 10:06:56.123] [INFO ] DataDriver - root.p_Vertices[890]: add new object
[2026-09-18 10:06:56.123] [INFO ] DataDriver - idMap: add vertex_890
[2026-09-18 10:06:56.123] [INFO ] DataDriver - root.p_Vertices[891]: add new object
[2026-09-18 10:06:56.123] [INFO ] DataDriver - idMap: add vertex_891
[2026-09-18 10:06:56.123] [INFO ] DataDriver - root.p_Vertices[892]: add new object
[2026-09-18 10:06:56.123] [INFO ] DataDriver - idMap: add vertex_892
[2026-09-18 10:06:56.123] [INFO ] DataDriver - root.p_Vertices[893]: add new object
[2026-09-18 10:06:56.123] [INFO ] DataDriver - idMap: add vertex_893
[2026-09-18 10:06:56.123] [INFO ] DataDriver - root.p_Vertices[894]: add new object
[2026-09-18 10:06:56.123] [INFO ] DataDriver - idMap: add vertex_894
[2026-09-18 10:06:56.123] [INFO ] DataDriver - root.p_Vertices[895]: add new object
[2026-09-18 10:06:56.123] [INFO ] DataDriver - idMap: add vertex_895
[2026-09-18 10:06:56.123] [INFO ] DataDriver - root.p_Vertices[896]: add new object
[2026-09-18 10:06:56.123] [INFO ] DataDriver - idMap: add vertex_896
[2026-09-18 10:06:56.123] [INFO ] DataDriver - root.p_Vertices[897]: add new object
[2026-09-18 10:06:56.123] [INFO ] DataDriver - idMap: add vertex_897
[2026-09-18 10:06:56.123] [INFO ] DataDriver - root.p_Vertices[898]: add new object
[2026-09-18 10:06:56.123] [INFO ] DataDriver - idMap: add vertex_898
[2026-09-18 10:06:56.123] [INFO ] DataDriver - root.p_Vertices[899]: add new object
[2026-09-18 10:06:56.123] [INFO ] DataDriver - idMap: add vertex_899
[2026-09-18 10:06:56.123] [INFO ] DataDriver - root.p_Vertices[900]: add new object
[2026-09-18 10:06:56.123] [INFO ] DataDriver - idMap: add vertex_900
[2026-09-18 10:06:56.123] [INFO ] DataDriver - root.p_Vertices[901]: add new object
[2026-09-18 10:06:56.123] [INFO ] DataDriver - idMap: add vertex_901
[2026-09-18 10:06:56.123] [INFO ] DataDriver - root.p_Vertices[902]: add new object
[2026-09-18 10:06:56.123] [INFO ] DataDriver - idMap: add vertex_902
[2026-09-18 10:06:56.123] [INFO ] DataDriver - root.p_Vertices[903]: add new object
[2026-09-18 10:06:56.123] [INFO ] DataDriver - idMap: add vertex_903
[2026-09-18 10:06:56.123] [INFO ] DataDriver - root.p_Vertices[904]: add new object
[2026-09-18 10:06:56.123] [INFO ] DataDriver - idMap: add vertex_904
[2026-09-18 10:06:56.123] [INFO ] DataDriver - root.p_Vertices[905]: add new object
[2026-09-18 10:06:56.123] [INFO ] DataDriver - idMap: add vertex_905
[2026-09-18 10:06:56.123] [INFO ] DataDriver - root.p_Vertices[906]: add new object
[2026-09-18 10:06:56.123] [INFO ] DataDriver - idMap: add vertex_906
[2026-09-18 10:06:56.123] [INFO ] DataDriver - root.p_Vertices[907]: add new object
[2026-09-18 10:06:56.123] [INFO ] DataDriver - idMap: add vertex_907
[2026-09-18 10:06:56.123] [INFO ] DataDriver - root.p_Vertices[908]: add new object
[2026-09-18 10:06:56.123] [INFO ] DataDriver - idMap: add vertex_908
[2026-09-18 10:06:56.123] [INFO ] DataDriver - root.p_Vertices[909]: add new object
[2026-09-18 10:06:56.123] [INFO ] DataDriver - idMap: add vertex_909
[2026-09-18 10:06:56.125] [INFO ] DataDriver - root.p_Vertices[910]: add new object
[2026-09-18 10:06:56.125] [INFO ] DataDriver - idMap: add vertex_910
[2026-09-18 10:06:56.125] [INFO ] DataDriver - root.p_Vertices[911]: add new object
[2026-09-18 10:06:56.125] [INFO ] DataDriver - idMap: add vertex_911
[2026-09-18 10:06:56.125] [INFO ] DataDriver - root.p_Vertices[912]: add new object
[2026-09-18 10:06:56.125] [INFO ] DataDriver - idMap: add vertex_912
[2026-09-18 10:06:56.125] [INFO ] DataDriver - root.p_Vertices[913]: add new object
[2026-09-18 10:06:56.125] [INFO ] DataDriver - idMap: add vertex_913
[2026-09-18 10:06:56.125] [INFO ] DataDriver - root.p_Vertices[914]: add new object
[2026-09-18 10:06:56.125] [INFO ] DataDriver - idMap: add vertex_914
[2026-09-18 10:06:56.125] [INFO ] DataDriver - root.p_Vertices[915]: add new object
[2026-09-18 10:06:56.125] [INFO ] DataDriver - idMap: add vertex_915
[2026-09-18 10:06:56.125] [INFO ] DataDriver - root.p_Vertices[916]: add new object
[2026-09-18 10:06:56.125] [INFO ] DataDriver - idMap: add vertex_916
[2026-09-18 10:06:56.125] [INFO ] DataDriver - root.p_Vertices[917]: add new object
[2026-09-18 10:06:56.125] [INFO ] DataDriver - idMap: add vertex_917
[2026-09-18 10:06:56.125] [INFO ] DataDriver - root.p_Vertices[918]: add new object
[2026-09-18 10:06:56.125] [INFO ] DataDriver - idMap: add vertex_918
[2026-09-18 10:06:56.125] [INFO ] DataDriver - root.p_Vertices[919]: add new object
[2026-09-18 10:06:56.125] [INFO ] DataDriver - idMap: add vertex_919
[2026-09-18 10:06:56.125] [INFO ] DataDriver - root.p_Vertices[920]: add new object
[2026-09-18 10:06:56.125] [INFO ] DataDriver - idMap: add vertex_920
[2026-09-18 10:06:56.125] [INFO ] DataDriver - root.p_Vertices[921]: add new object
[2026-09-18 10:06:56.125] [INFO ] DataDriver - idMap: add vertex_921
[2026-09-18 10:06:56.125] [INFO ] DataDriver - root.p_Vertices[922]: add new object
[2026-09-18 10:06:56.125] [INFO ] DataDriver - idMap: add vertex_922
[2026-09-18 10:06:56.125] [INFO ] DataDriver - root.p_Vertices[923]: add new object
[2026-09-18 10:06:56.125] [INFO ] DataDriver - idMap: add vertex_923
[2026-09-18 10:06:56.125] [INFO ] DataDriver - root.p_Vertices[924]: add new object
[2026-09-18 10:06:56.125] [INFO ] DataDriver - idMap: add vertex_924
[2026-09-18 10:06:56.125] [INFO ] DataDriver - root.p_Vertices[925]: add new object
[2026-09-18 10:06:56.125] [INFO ] DataDriver - idMap: add vertex_925
[2026-09-18 10:06:56.125] [INFO ] DataDriver - root.p_Vertices[926]: add new object
[2026-09-18 10:06:56.125] [INFO ] DataDriver - idMap: add vertex_926
[2026-09-18 10:06:56.125] [INFO ] DataDriver - root.p_Vertices[927]: add new object
[2026-09-18 10:06:56.125] [INFO ] DataDriver - idMap: add vertex_927
[2026-09-18 10:06:56.125] [INFO ] DataDriver - root.p_Vertices[928]: add new object
[2026-09-18 10:06:56.125] [INFO ] DataDriver - idMap: add vertex_928
[2026-09-18 10:06:56.125] [INFO ] DataDriver - root.p_Vertices[929]: add new object
[2026-09-18 10:06:56.125] [INFO ] DataDriver - idMap: add vertex_929
[2026-09-18 10:06:56.125] [INFO ] DataDriver - root.p_Vertices[930]: add new object
[2026-09-18 10:06:56.125] [INFO ] DataDriver - idMap: add vertex_930
[2026-09-18 10:06:56.125] [INFO ] DataDriver - root.p_Vertices[931]: add new object
[2026-09-18 10:06:56.125] [INFO ] DataDriver - idMap: add vertex_931
[2026-09-18 10:06:56.125] [INFO ] DataDriver - root.p_Vertices[932]: add new object
[2026-09-18 10:06:56.125] [INFO ] DataDriver - idMap: add vertex_932
[2026-09-18 10:06:56.125] [INFO ] DataDriver - root.p_Vertices[933]: add new object
[2026-09-18 10:06:56.125] [INFO ] DataDriver - idMap: add vertex_933
[2026-09-18 10:06:56.125] [INFO ] DataDriver - root.p_Vertices[934]: add new object
[2026-09-18 10:06:56.125] [INFO ] DataDriver - idMap: add vertex_934
[2026-09-18 10:06:56.125] [INFO ] DataDriver - root.p_Vertices[935]: add new object
[2026-09-18 10:06:56.125] [INFO ] DataDriver - idMap: add vertex_935
[2026-09-18 10:06:56.126] [INFO ] DataDriver - root.p_Vertices[936]: add new object
[2026-09-18 10:06:56.126] [INFO ] DataDriver - idMap: add vertex_936
[2026-09-18 10:06:56.126] [INFO ] DataDriver - root.p_Vertices[937]: add new object
[2026-09-18 10:06:56.126] [INFO ] DataDriver - idMap: add vertex_937
[2026-09-18 10:06:56.126] [INFO ] DataDriver - root.p_Vertices[938]: add new object
[2026-09-18 10:06:56.126] [INFO ] DataDriver - idMap: add vertex_938
[2026-09-18 10:06:56.126] [INFO ] DataDriver - root.p_Vertices[939]: add new object
[2026-09-18 10:06:56.126] [INFO ] DataDriver - idMap: add vertex_939
[2026-09-18 10:06:56.126] [INFO ] DataDriver - root.p_Vertices[940]: add new object
[2026-09-18 10:06:56.126] [INFO ] DataDriver - idMap: add vertex_940
[2026-09-18 10:06:56.126] [INFO ] DataDriver - root.p_Vertices[941]: add new object
[2026-09-18 10:06:56.126] [INFO ] DataDriver - idMap: add vertex_941
[2026-09-18 10:06:56.126] [INFO ] DataDriver - root.p_Vertices[942]: add new object
[2026-09-18 10:06:56.126] [INFO ] DataDriver - idMap: add vertex_942
[2026-09-18 10:06:56.126] [INFO ] DataDriver - root.p_Vertices[943]: add new object
[2026-09-18 10:06:56.126] [INFO ] DataDriver - idMap: add vertex_943
[2026-09-18 10:06:56.126] [INFO ] DataDriver - root.p_Vertices[944]: add new object
[2026-09-18 10:06:56.126] [INFO ] DataDriver - idMap: add vertex_944
[2026-09-18 10:06:56.126] [INFO ] DataDriver - root.p_Vertices[945]: add new object
[2026-09-18 10:06:56.126] [INFO ] DataDriver - idMap: add vertex_945
[2026-09-18 10:06:56.126] [INFO ] DataDriver - root.p_Vertices[946]: add new object
[2026-09-18 10:06:56.126] [INFO ] DataDriver - idMap: add vertex_946
[2026-09-18 10:06:56.126] [INFO ] DataDriver - root.p_Vertices[947]: add new object
[2026-09-18 10:06:56.126] [INFO ] DataDriver - idMap: add vertex_947
[2026-09-18 10:06:56.126] [INFO ] DataDriver - root.p_Vertices[948]: add new object
[2026-09-18 10:06:56.126] [INFO ] DataDriver - idMap: add vertex_948
[2026-09-18 10:06:56.126] [INFO ] DataDriver - root.p_Vertices[949]: add new object
[2026-09-18 10:06:56.126] [INFO ] DataDriver - idMap: add vertex_949
[2026-09-18 10:06:56.126] [INFO ] DataDriver - root.p_Vertices[950]: add new object
[2026-09-18 10:06:56.126] [INFO ] DataDriver - idMap: add vertex_950
[2026-09-18 10:06:56.126] [INFO ] DataDriver - root.p_Vertices[951]: add new object
[2026-09-18 10:06:56.126] [INFO ] DataDriver - idMap: add vertex_951
[2026-09-18 10:06:56.126] [INFO ] DataDriver - root.p_Vertices[952]: add new object
[2026-09-18 10:06:56.126] [INFO ] DataDriver - idMap: add vertex_952
[2026-09-18 10:06:56.126] [INFO ] DataDriver - root.p_Vertices[953]: add new object
[2026-09-18 10:06:56.126] [INFO ] DataDriver - idMap: add vertex_953
[2026-09-18 10:06:56.126] [INFO ] DataDriver - root.p_Vertices[954]: add new object
[2026-09-18 10:06:56.126] [INFO ] DataDriver - idMap: add vertex_954
[2026-09-18 10:06:56.126] [INFO ] DataDriver - root.p_Vertices[955]: add new object
[2026-09-18 10:06:56.126] [INFO ] DataDriver - idMap: add vertex_955
[2026-09-18 10:06:56.126] [INFO ] DataDriver - root.p_Vertices[956]: add new object
[2026-09-18 10:06:56.126] [INFO ] DataDriver - idMap: add vertex_956
[2026-09-18 10:06:56.126] [INFO ] DataDriver - root.p_Vertices[957]: add new object
[2026-09-18 10:06:56.126] [INFO ] DataDriver - idMap: add vertex_957
[2026-09-18 10:06:56.126] [INFO ] DataDriver - root.p_Vertices[958]: add new object
[2026-09-18 10:06:56.126] [INFO ] DataDriver - idMap: add vertex_958
[2026-09-18 10:06:56.126] [INFO ] DataDriver - root.p_Vertices[959]: add new object
[2026-09-18 10:06:56.126] [INFO ] DataDriver - idMap: add vertex_959
[2026-09-18 10:06:56.126] [INFO ] DataDriver - root.p_Vertices[960]: add new object
[2026-09-18 10:06:56.126] [INFO ] DataDriver - idMap: add vertex_960
[2026-09-18 10:06:56.126] [INFO ] DataDriver - root.p_Vertices[961]: add new object
[2026-09-18 10:06:56.126] [INFO ] DataDriver - idMap: add vertex_961
[2026-09-18 10:06:56.126] [INFO ] DataDriver - root.p_Vertices[962]: add new object
[2026-09-18 10:06:56.126] [INFO ] DataDriver - idMap: add vertex_962
[2026-09-18 10:06:56.126] [INFO ] DataDriver - root.p_Vertices[963]: add new object
[2026-09-18 10:06:56.126] [INFO ] DataDriver - idMap: add vertex_963
[2026-09-18 10:06:56.126] [INFO ] DataDriver - root.p_Vertices[964]: add new object
[2026-09-18 10:06:56.126] [INFO ] DataDriver - idMap: add vertex_964
[2026-09-18 10:06:56.126] [INFO ] DataDriver - root.p_Vertices[965]: add new object
[2026-09-18 10:06:56.126] [INFO ] DataDriver - idMap: add vertex_965
[2026-09-18 10:06:56.126] [INFO ] DataDriver - root.p_Vertices[966]: add new object
[2026-09-18 10:06:56.126] [INFO ] DataDriver - idMap: add vertex_966
[2026-09-18 10:06:56.126] [INFO ] DataDriver - root.p_Vertices[967]: add new object
[2026-09-18 10:06:56.126] [INFO ] DataDriver - idMap: add vertex_967
[2026-09-18 10:06:56.126] [INFO ] DataDriver - root.p_Vertices[968]: add new object
[2026-09-18 10:06:56.126] [INFO ] DataDriver - idMap: add vertex_968
[2026-09-18 10:06:56.126] [INFO ] DataDriver - root.p_Vertices[969]: add new object
[2026-09-18 10:06:56.126] [INFO ] DataDriver - idMap: add vertex_969
[2026-09-18 10:06:56.127] [INFO ] DataDriver - root.p_Vertices[970]: add new object
[2026-09-18 10:06:56.127] [INFO ] DataDriver - idMap: add vertex_970
[2026-09-18 10:06:56.127] [INFO ] DataDriver - root.p_Vertices[971]: add new object
[2026-09-18 10:06:56.127] [INFO ] DataDriver - idMap: add vertex_971
[2026-09-18 10:06:56.127] [INFO ] DataDriver - root.p_Vertices[972]: add new object
[2026-09-18 10:06:56.127] [INFO ] DataDriver - idMap: add vertex_972
[2026-09-18 10:06:56.127] [INFO ] DataDriver - root.p_Vertices[973]: add new object
[2026-09-18 10:06:56.127] [INFO ] DataDriver - idMap: add vertex_973
[2026-09-18 10:06:56.127] [INFO ] DataDriver - root.p_Vertices[974]: add new object
[2026-09-18 10:06:56.127] [INFO ] DataDriver - idMap: add vertex_974
[2026-09-18 10:06:56.127] [INFO ] DataDriver - root.p_Vertices[975]: add new object
[2026-09-18 10:06:56.127] [INFO ] DataDriver - idMap: add vertex_975
[2026-09-18 10:06:56.127] [INFO ] DataDriver - root.p_Vertices[976]: add new object
[2026-09-18 10:06:56.127] [INFO ] DataDriver - idMap: add vertex_976
[2026-09-18 10:06:56.127] [INFO ] DataDriver - root.p_Vertices[977]: add new object
[2026-09-18 10:06:56.127] [INFO ] DataDriver - idMap: add vertex_977
[2026-09-18 10:06:56.127] [INFO ] DataDriver - root.p_Vertices[978]: add new object
[2026-09-18 10:06:56.127] [INFO ] DataDriver - idMap: add vertex_978
[2026-09-18 10:06:56.127] [INFO ] DataDriver - root.p_Vertices[979]: add new object
[2026-09-18 10:06:56.127] [INFO ] DataDriver - idMap: add vertex_979
[2026-09-18 10:06:56.127] [INFO ] DataDriver - root.p_Vertices[980]: add new object
[2026-09-18 10:06:56.127] [INFO ] DataDriver - idMap: add vertex_980
[2026-09-18 10:06:56.127] [INFO ] DataDriver - root.p_Vertices[981]: add new object
[2026-09-18 10:06:56.127] [INFO ] DataDriver - idMap: add vertex_981
[2026-09-18 10:06:56.127] [INFO ] DataDriver - root.p_Vertices[982]: add new object
[2026-09-18 10:06:56.127] [INFO ] DataDriver - idMap: add vertex_982
[2026-09-18 10:06:56.127] [INFO ] DataDriver - root.p_Vertices[983]: add new object
[2026-09-18 10:06:56.127] [INFO ] DataDriver - idMap: add vertex_983
[2026-09-18 10:06:56.127] [INFO ] DataDriver - root.p_Vertices[984]: add new object
[2026-09-18 10:06:56.127] [INFO ] DataDriver - idMap: add vertex_984
[2026-09-18 10:06:56.127] [INFO ] DataDriver - root.p_Vertices[985]: add new object
[2026-09-18 10:06:56.127] [INFO ] DataDriver - idMap: add vertex_985
[2026-09-18 10:06:56.127] [INFO ] DataDriver - root.p_Vertices[986]: add new object
[2026-09-18 10:06:56.127] [INFO ] DataDriver - idMap: add vertex_986
[2026-09-18 10:06:56.127] [INFO ] DataDriver - root.p_Vertices[987]: add new object
[2026-09-18 10:06:56.127] [INFO ] DataDriver - idMap: add vertex_987
[2026-09-18 10:06:56.127] [INFO ] DataDriver - root.p_Vertices[988]: add new object
[2026-09-18 10:06:56.127] [INFO ] DataDriver - idMap: add vertex_988
[2026-09-18 10:06:56.127] [INFO ] DataDriver - root.p_Vertices[989]: add new object
[2026-09-18 10:06:56.127] [INFO ] DataDriver - idMap: add vertex_989
[2026-09-18 10:06:56.127] [INFO ] DataDriver - root.p_Vertices[990]: add new object
[2026-09-18 10:06:56.127] [INFO ] DataDriver - idMap: add vertex_990
[2026-09-18 10:06:56.127] [INFO ] DataDriver - *** Setting parameters ***
[2026-09-18 10:06:56.151] [INFO ] DataDriver - root.p_Nodes[0]: set id = "node_0"
[2026-09-18 10:06:56.154] [INFO ] DataDriver - root.p_Nodes[0]: set x = 2080.448792
[2026-09-18 10:06:56.154] [INFO ] DataDriver - root.p_Nodes[0]: set y = 1084.555969
[2026-09-18 10:06:56.154] [INFO ] DataDriver - root.p_Nodes[0]: set z = 0.0
[2026-09-18 10:06:56.154] [INFO ] DataDriver - root.p_Nodes[0]: set name = "Node 0"
[2026-09-18 10:06:56.154] [INFO ] DataDriver - root.p_Nodes[0]: set type = "STANDARD"
[2026-09-18 10:06:56.154] [INFO ] DataDriver - root.p_Nodes[1]: set id = "node_1"
[2026-09-18 10:06:56.154] [INFO ] DataDriver - root.p_Nodes[1]: set x = 2781.321289
[2026-09-18 10:06:56.154] [INFO ] DataDriver - root.p_Nodes[1]: set y = 1010.730865
[2026-09-18 10:06:56.154] [INFO ] DataDriver - root.p_Nodes[1]: set z = 0.0
[2026-09-18 10:06:56.154] [INFO ] DataDriver - root.p_Nodes[1]: set name = "Node 1"
[2026-09-18 10:06:56.154] [INFO ] DataDriver - root.p_Nodes[1]: set type = "STANDARD"
[2026-09-18 10:06:56.154] [INFO ] DataDriver - root.p_Nodes[2]: set id = "node_2"
[2026-09-18 10:06:56.154] [INFO ] DataDriver - root.p_Nodes[2]: set x = 2421.509277
[2026-09-18 10:06:56.154] [INFO ] DataDriver - root.p_Nodes[2]: set y = 1162.512665
[2026-09-18 10:06:56.154] [INFO ] DataDriver - root.p_Nodes[2]: set z = 8.0E-6
[2026-09-18 10:06:56.154] [INFO ] DataDriver - root.p_Nodes[2]: set name = "Node 2"
[2026-09-18 10:06:56.154] [INFO ] DataDriver - root.p_Nodes[2]: set type = "STANDARD"
[2026-09-18 10:06:56.154] [INFO ] DataDriver - root.p_Nodes[3]: set id = "node_3"
[2026-09-18 10:06:56.154] [INFO ] DataDriver - root.p_Nodes[3]: set x = 2776.1159669999997
[2026-09-18 10:06:56.154] [INFO ] DataDriver - root.p_Nodes[3]: set y = 1000.87085
[2026-09-18 10:06:56.154] [INFO ] DataDriver - root.p_Nodes[3]: set z = 0.0
[2026-09-18 10:06:56.154] [INFO ] DataDriver - root.p_Nodes[3]: set name = "Node 3"
[2026-09-18 10:06:56.154] [INFO ] DataDriver - root.p_Nodes[3]: set type = "STANDARD"
[2026-09-18 10:06:56.154] [INFO ] DataDriver - root.p_Nodes[4]: set id = "node_4"
[2026-09-18 10:06:56.154] [INFO ] DataDriver - root.p_Nodes[4]: set x = 1555.218018
[2026-09-18 10:06:56.154] [INFO ] DataDriver - root.p_Nodes[4]: set y = 1072.2771
[2026-09-18 10:06:56.154] [INFO ] DataDriver - root.p_Nodes[4]: set z = 0.0
[2026-09-18 10:06:56.154] [INFO ] DataDriver - root.p_Nodes[4]: set name = "Node 4"
[2026-09-18 10:06:56.154] [INFO ] DataDriver - root.p_Nodes[4]: set type = "STANDARD"
[2026-09-18 10:06:56.154] [INFO ] DataDriver - root.p_Nodes[5]: set id = "node_5"
[2026-09-18 10:06:56.154] [INFO ] DataDriver - root.p_Nodes[5]: set x = 1597.65509
[2026-09-18 10:06:56.154] [INFO ] DataDriver - root.p_Nodes[5]: set y = 1082.716492
[2026-09-18 10:06:56.155] [INFO ] DataDriver - root.p_Nodes[5]: set z = 8.0E-6
[2026-09-18 10:06:56.155] [INFO ] DataDriver - root.p_Nodes[5]: set name = "Node 5"
[2026-09-18 10:06:56.155] [INFO ] DataDriver - root.p_Nodes[5]: set type = "STANDARD"
[2026-09-18 10:06:56.155] [INFO ] DataDriver - root.p_Nodes[6]: set id = "node_6"
[2026-09-18 10:06:56.155] [INFO ] DataDriver - root.p_Nodes[6]: set x = 2786.8609619999997
[2026-09-18 10:06:56.155] [INFO ] DataDriver - root.p_Nodes[6]: set y = 1025.836258
[2026-09-18 10:06:56.155] [INFO ] DataDriver - root.p_Nodes[6]: set z = 0.0
[2026-09-18 10:06:56.155] [INFO ] DataDriver - root.p_Nodes[6]: set name = "Node 6"
[2026-09-18 10:06:56.155] [INFO ] DataDriver - root.p_Nodes[6]: set type = "STANDARD"
[2026-09-18 10:06:56.155] [INFO ] DataDriver - root.p_Nodes[7]: set id = "node_7"
[2026-09-18 10:06:56.155] [INFO ] DataDriver - root.p_Nodes[7]: set x = 183.66235400000005
[2026-09-18 10:06:56.155] [INFO ] DataDriver - root.p_Nodes[7]: set y = 1399.378479
[2026-09-18 10:06:56.155] [INFO ] DataDriver - root.p_Nodes[7]: set z = 1.0E-6
[2026-09-18 10:06:56.155] [INFO ] DataDriver - root.p_Nodes[7]: set name = "Node 7"
[2026-09-18 10:06:56.155] [INFO ] DataDriver - root.p_Nodes[7]: set type = "STANDARD"
[2026-09-18 10:06:56.155] [INFO ] DataDriver - root.p_Nodes[8]: set id = "node_8"
[2026-09-18 10:06:56.155] [INFO ] DataDriver - root.p_Nodes[8]: set x = 2790.008179
[2026-09-18 10:06:56.155] [INFO ] DataDriver - root.p_Nodes[8]: set y = 1039.390503
[2026-09-18 10:06:56.155] [INFO ] DataDriver - root.p_Nodes[8]: set z = 0.0
[2026-09-18 10:06:56.155] [INFO ] DataDriver - root.p_Nodes[8]: set name = "Node 8"
[2026-09-18 10:06:56.155] [INFO ] DataDriver - root.p_Nodes[8]: set type = "STANDARD"
[2026-09-18 10:06:56.155] [INFO ] DataDriver - root.p_Nodes[9]: set id = "node_9"
[2026-09-18 10:06:56.155] [INFO ] DataDriver - root.p_Nodes[9]: set x = 2375.628174
[2026-09-18 10:06:56.155] [INFO ] DataDriver - root.p_Nodes[9]: set y = 1190.523773
[2026-09-18 10:06:56.155] [INFO ] DataDriver - root.p_Nodes[9]: set z = 1.5E-5
[2026-09-18 10:06:56.155] [INFO ] DataDriver - root.p_Nodes[9]: set name = "Node 9"
[2026-09-18 10:06:56.155] [INFO ] DataDriver - root.p_Nodes[9]: set type = "STANDARD"
[2026-09-18 10:06:56.155] [INFO ] DataDriver - root.p_Nodes[10]: set id = "node_10"
[2026-09-18 10:06:56.155] [INFO ] DataDriver - root.p_Nodes[10]: set x = 2348.594482
[2026-09-18 10:06:56.155] [INFO ] DataDriver - root.p_Nodes[10]: set y = 1067.411011
[2026-09-18 10:06:56.155] [INFO ] DataDriver - root.p_Nodes[10]: set z = 0.0
[2026-09-18 10:06:56.155] [INFO ] DataDriver - root.p_Nodes[10]: set name = "Node 10"
[2026-09-18 10:06:56.155] [INFO ] DataDriver - root.p_Nodes[10]: set type = "STANDARD"
[2026-09-18 10:06:56.155] [INFO ] DataDriver - root.p_Nodes[11]: set id = "node_11"
[2026-09-18 10:06:56.155] [INFO ] DataDriver - root.p_Nodes[11]: set x = 2304.226196
[2026-09-18 10:06:56.155] [INFO ] DataDriver - root.p_Nodes[11]: set y = 1095.0707400000001
[2026-09-18 10:06:56.155] [INFO ] DataDriver - root.p_Nodes[11]: set z = 0.0
[2026-09-18 10:06:56.155] [INFO ] DataDriver - root.p_Nodes[11]: set name = "Node 11"
[2026-09-18 10:06:56.155] [INFO ] DataDriver - root.p_Nodes[11]: set type = "STANDARD"
[2026-09-18 10:06:56.155] [INFO ] DataDriver - root.p_Nodes[12]: set id = "node_12"
[2026-09-18 10:06:56.155] [INFO ] DataDriver - root.p_Nodes[12]: set x = 2480.378174
[2026-09-18 10:06:56.155] [INFO ] DataDriver - root.p_Nodes[12]: set y = 1049.25058
[2026-09-18 10:06:56.155] [INFO ] DataDriver - root.p_Nodes[12]: set z = 8.0E-6
[2026-09-18 10:06:56.156] [INFO ] DataDriver - root.p_Nodes[12]: set name = "Node 12"
[2026-09-18 10:06:56.156] [INFO ] DataDriver - root.p_Nodes[12]: set type = "STANDARD"
[2026-09-18 10:06:56.156] [INFO ] DataDriver - root.p_Nodes[13]: set id = "node_13"
[2026-09-18 10:06:56.156] [INFO ] DataDriver - root.p_Nodes[13]: set x = 722.0421140000001
[2026-09-18 10:06:56.156] [INFO ] DataDriver - root.p_Nodes[13]: set y = 804.330231
[2026-09-18 10:06:56.156] [INFO ] DataDriver - root.p_Nodes[13]: set z = 0.0
[2026-09-18 10:06:56.156] [INFO ] DataDriver - root.p_Nodes[13]: set name = "Node 13"
[2026-09-18 10:06:56.156] [INFO ] DataDriver - root.p_Nodes[13]: set type = "STANDARD"
[2026-09-18 10:06:56.156] [INFO ] DataDriver - root.p_Nodes[14]: set id = "node_14"
[2026-09-18 10:06:56.156] [INFO ] DataDriver - root.p_Nodes[14]: set x = 2150.674072
[2026-09-18 10:06:56.156] [INFO ] DataDriver - root.p_Nodes[14]: set y = 1145.360016
[2026-09-18 10:06:56.156] [INFO ] DataDriver - root.p_Nodes[14]: set z = 0.0
[2026-09-18 10:06:56.156] [INFO ] DataDriver - root.p_Nodes[14]: set name = "Node 14"
[2026-09-18 10:06:56.156] [INFO ] DataDriver - root.p_Nodes[14]: set type = "STANDARD"
[2026-09-18 10:06:56.156] [INFO ] DataDriver - root.p_Nodes[15]: set id = "node_15"
[2026-09-18 10:06:56.156] [INFO ] DataDriver - root.p_Nodes[15]: set x = 2852.4184569999998
[2026-09-18 10:06:56.156] [INFO ] DataDriver - root.p_Nodes[15]: set y = 1003.627441
[2026-09-18 10:06:56.156] [INFO ] DataDriver - root.p_Nodes[15]: set z = 1.5E-5
[2026-09-18 10:06:56.156] [INFO ] DataDriver - root.p_Nodes[15]: set name = "Node 15"
[2026-09-18 10:06:56.156] [INFO ] DataDriver - root.p_Nodes[15]: set type = "STANDARD"
[2026-09-18 10:06:56.156] [INFO ] DataDriver - root.p_Nodes[16]: set id = "node_16"
[2026-09-18 10:06:56.156] [INFO ] DataDriver - root.p_Nodes[16]: set x = 2326.442749
[2026-09-18 10:06:56.156] [INFO ] DataDriver - root.p_Nodes[16]: set y = 1207.06839
[2026-09-18 10:06:56.156] [INFO ] DataDriver - root.p_Nodes[16]: set z = 0.0
[2026-09-18 10:06:56.156] [INFO ] DataDriver - root.p_Nodes[16]: set name = "Node 16"
[2026-09-18 10:06:56.156] [INFO ] DataDriver - root.p_Nodes[16]: set type = "STANDARD"
[2026-09-18 10:06:56.156] [INFO ] DataDriver - root.p_Nodes[17]: set id = "node_17"
[2026-09-18 10:06:56.156] [INFO ] DataDriver - root.p_Nodes[17]: set x = 2459.854004
[2026-09-18 10:06:56.156] [INFO ] DataDriver - root.p_Nodes[17]: set y = 1062.270142
[2026-09-18 10:06:56.156] [INFO ] DataDriver - root.p_Nodes[17]: set z = 0.0
[2026-09-18 10:06:56.156] [INFO ] DataDriver - root.p_Nodes[17]: set name = "Node 17"
[2026-09-18 10:06:56.156] [INFO ] DataDriver - root.p_Nodes[17]: set type = "STANDARD"
[2026-09-18 10:06:56.156] [INFO ] DataDriver - root.p_Nodes[18]: set id = "node_18"
[2026-09-18 10:06:56.156] [INFO ] DataDriver - root.p_Nodes[18]: set x = 2138.435669
[2026-09-18 10:06:56.156] [INFO ] DataDriver - root.p_Nodes[18]: set y = 1088.856445
[2026-09-18 10:06:56.156] [INFO ] DataDriver - root.p_Nodes[18]: set z = 0.0
[2026-09-18 10:06:56.156] [INFO ] DataDriver - root.p_Nodes[18]: set name = "Node 18"
[2026-09-18 10:06:56.156] [INFO ] DataDriver - root.p_Nodes[18]: set type = "STANDARD"
[2026-09-18 10:06:56.156] [INFO ] DataDriver - root.p_Nodes[19]: set id = "node_19"
[2026-09-18 10:06:56.156] [INFO ] DataDriver - root.p_Nodes[19]: set x = 954.348022
[2026-09-18 10:06:56.156] [INFO ] DataDriver - root.p_Nodes[19]: set y = 462.985413
[2026-09-18 10:06:56.156] [INFO ] DataDriver - root.p_Nodes[19]: set z = 0.0
[2026-09-18 10:06:56.156] [INFO ] DataDriver - root.p_Nodes[19]: set name = "Node 19"
[2026-09-18 10:06:56.157] [INFO ] DataDriver - root.p_Nodes[19]: set type = "STANDARD"
[2026-09-18 10:06:56.157] [INFO ] DataDriver - root.p_Nodes[20]: set id = "node_20"
[2026-09-18 10:06:56.157] [INFO ] DataDriver - root.p_Nodes[20]: set x = 2143.437378
[2026-09-18 10:06:56.157] [INFO ] DataDriver - root.p_Nodes[20]: set y = 1078.800018
[2026-09-18 10:06:56.157] [INFO ] DataDriver - root.p_Nodes[20]: set z = 0.0
[2026-09-18 10:06:56.157] [INFO ] DataDriver - root.p_Nodes[20]: set name = "Node 20"
[2026-09-18 10:06:56.157] [INFO ] DataDriver - root.p_Nodes[20]: set type = "STANDARD"
[2026-09-18 10:06:56.157] [INFO ] DataDriver - root.p_Nodes[21]: set id = "node_21"
[2026-09-18 10:06:56.157] [INFO ] DataDriver - root.p_Nodes[21]: set x = 1953.617798
[2026-09-18 10:06:56.157] [INFO ] DataDriver - root.p_Nodes[21]: set y = 1276.754639
[2026-09-18 10:06:56.157] [INFO ] DataDriver - root.p_Nodes[21]: set z = 8.0E-6
[2026-09-18 10:06:56.157] [INFO ] DataDriver - root.p_Nodes[21]: set name = "Node 21"
[2026-09-18 10:06:56.157] [INFO ] DataDriver - root.p_Nodes[21]: set type = "STANDARD"
[2026-09-18 10:06:56.157] [INFO ] DataDriver - root.p_Nodes[22]: set id = "node_22"
[2026-09-18 10:06:56.157] [INFO ] DataDriver - root.p_Nodes[22]: set x = 89.82788100000005
[2026-09-18 10:06:56.157] [INFO ] DataDriver - root.p_Nodes[22]: set y = 899.695541
[2026-09-18 10:06:56.157] [INFO ] DataDriver - root.p_Nodes[22]: set z = 0.0
[2026-09-18 10:06:56.157] [INFO ] DataDriver - root.p_Nodes[22]: set name = "Node 22"
[2026-09-18 10:06:56.157] [INFO ] DataDriver - root.p_Nodes[22]: set type = "STANDARD"
[2026-09-18 10:06:56.157] [INFO ] DataDriver - root.p_Nodes[23]: set id = "node_23"
[2026-09-18 10:06:56.157] [INFO ] DataDriver - root.p_Nodes[23]: set x = 2372.8890380000003
[2026-09-18 10:06:56.157] [INFO ] DataDriver - root.p_Nodes[23]: set y = 1117.477173
[2026-09-18 10:06:56.157] [INFO ] DataDriver - root.p_Nodes[23]: set z = 8.0E-6
[2026-09-18 10:06:56.157] [INFO ] DataDriver - root.p_Nodes[23]: set name = "Node 23"
[2026-09-18 10:06:56.157] [INFO ] DataDriver - root.p_Nodes[23]: set type = "STANDARD"
[2026-09-18 10:06:56.157] [INFO ] DataDriver - root.p_Nodes[24]: set id = "node_24"
[2026-09-18 10:06:56.157] [INFO ] DataDriver - root.p_Nodes[24]: set x = 2854.068359
[2026-09-18 10:06:56.157] [INFO ] DataDriver - root.p_Nodes[24]: set y = 1010.677429
[2026-09-18 10:06:56.157] [INFO ] DataDriver - root.p_Nodes[24]: set z = 1.5E-5
[2026-09-18 10:06:56.157] [INFO ] DataDriver - root.p_Nodes[24]: set name = "Node 24"
[2026-09-18 10:06:56.157] [INFO ] DataDriver - root.p_Nodes[24]: set type = "STANDARD"
[2026-09-18 10:06:56.157] [INFO ] DataDriver - root.p_Nodes[25]: set id = "node_25"
[2026-09-18 10:06:56.157] [INFO ] DataDriver - root.p_Nodes[25]: set x = 2824.265625
[2026-09-18 10:06:56.157] [INFO ] DataDriver - root.p_Nodes[25]: set y = 1015.186554
[2026-09-18 10:06:56.157] [INFO ] DataDriver - root.p_Nodes[25]: set z = 0.0
[2026-09-18 10:06:56.157] [INFO ] DataDriver - root.p_Nodes[25]: set name = "Node 25"
[2026-09-18 10:06:56.157] [INFO ] DataDriver - root.p_Nodes[25]: set type = "STANDARD"
[2026-09-18 10:06:56.157] [INFO ] DataDriver - root.p_Nodes[26]: set id = "node_26"
[2026-09-18 10:06:56.157] [INFO ] DataDriver - root.p_Nodes[26]: set x = 2417.8901370000003
[2026-09-18 10:06:56.157] [INFO ] DataDriver - root.p_Nodes[26]: set y = 1089.575073
[2026-09-18 10:06:56.157] [INFO ] DataDriver - root.p_Nodes[26]: set z = 8.0E-6
[2026-09-18 10:06:56.157] [INFO ] DataDriver - root.p_Nodes[26]: set name = "Node 26"
[2026-09-18 10:06:56.157] [INFO ] DataDriver - root.p_Nodes[26]: set type = "STANDARD"
[2026-09-18 10:06:56.157] [INFO ] DataDriver - root.p_Nodes[27]: set id = "node_27"
[2026-09-18 10:06:56.157] [INFO ] DataDriver - root.p_Nodes[27]: set x = 2437.296631
[2026-09-18 10:06:56.158] [INFO ] DataDriver - root.p_Nodes[27]: set y = 1077.142731
[2026-09-18 10:06:56.158] [INFO ] DataDriver - root.p_Nodes[27]: set z = -8.0E-6
[2026-09-18 10:06:56.158] [INFO ] DataDriver - root.p_Nodes[27]: set name = "Node 27"
[2026-09-18 10:06:56.158] [INFO ] DataDriver - root.p_Nodes[27]: set type = "STANDARD"
[2026-09-18 10:06:56.158] [INFO ] DataDriver - root.p_Nodes[28]: set id = "node_28"
[2026-09-18 10:06:56.158] [INFO ] DataDriver - root.p_Nodes[28]: set x = 2807.7902830000003
[2026-09-18 10:06:56.158] [INFO ] DataDriver - root.p_Nodes[28]: set y = 1016.486115
[2026-09-18 10:06:56.158] [INFO ] DataDriver - root.p_Nodes[28]: set z = 0.0
[2026-09-18 10:06:56.158] [INFO ] DataDriver - root.p_Nodes[28]: set name = "Node 28"
[2026-09-18 10:06:56.158] [INFO ] DataDriver - root.p_Nodes[28]: set type = "STANDARD"
[2026-09-18 10:06:56.158] [INFO ] DataDriver - root.p_Nodes[29]: set id = "node_29"
[2026-09-18 10:06:56.158] [INFO ] DataDriver - root.p_Nodes[29]: set x = 2395.026489
[2026-09-18 10:06:56.158] [INFO ] DataDriver - root.p_Nodes[29]: set y = 1103.840942
[2026-09-18 10:06:56.158] [INFO ] DataDriver - root.p_Nodes[29]: set z = 0.0
[2026-09-18 10:06:56.158] [INFO ] DataDriver - root.p_Nodes[29]: set name = "Node 29"
[2026-09-18 10:06:56.158] [INFO ] DataDriver - root.p_Nodes[29]: set type = "STANDARD"
[2026-09-18 10:06:56.158] [INFO ] DataDriver - root.p_Nodes[30]: set id = "node_30"
[2026-09-18 10:06:56.158] [INFO ] DataDriver - root.p_Nodes[30]: set x = 1578.01062
[2026-09-18 10:06:56.158] [INFO ] DataDriver - root.p_Nodes[30]: set y = 1085.328979
[2026-09-18 10:06:56.158] [INFO ] DataDriver - root.p_Nodes[30]: set z = 0.0
[2026-09-18 10:06:56.158] [INFO ] DataDriver - root.p_Nodes[30]: set name = "Node 30"
[2026-09-18 10:06:56.158] [INFO ] DataDriver - root.p_Nodes[30]: set type = "STANDARD"
[2026-09-18 10:06:56.158] [INFO ] DataDriver - root.p_Nodes[31]: set id = "node_31"
[2026-09-18 10:06:56.158] [INFO ] DataDriver - root.p_Nodes[31]: set x = 1594.459045
[2026-09-18 10:06:56.158] [INFO ] DataDriver - root.p_Nodes[31]: set y = 1068.928162
[2026-09-18 10:06:56.158] [INFO ] DataDriver - root.p_Nodes[31]: set z = 0.0
[2026-09-18 10:06:56.158] [INFO ] DataDriver - root.p_Nodes[31]: set name = "Node 31"
[2026-09-18 10:06:56.158] [INFO ] DataDriver - root.p_Nodes[31]: set type = "STANDARD"
[2026-09-18 10:06:56.158] [INFO ] DataDriver - root.p_Nodes[32]: set id = "node_32"
[2026-09-18 10:06:56.158] [INFO ] DataDriver - root.p_Nodes[32]: set x = 183.66101100000003
[2026-09-18 10:06:56.158] [INFO ] DataDriver - root.p_Nodes[32]: set y = 1432.424072
[2026-09-18 10:06:56.158] [INFO ] DataDriver - root.p_Nodes[32]: set z = 0.0
[2026-09-18 10:06:56.158] [INFO ] DataDriver - root.p_Nodes[32]: set name = "Node 32"
[2026-09-18 10:06:56.158] [INFO ] DataDriver - root.p_Nodes[32]: set type = "STANDARD"
[2026-09-18 10:06:56.158] [INFO ] DataDriver - root.p_Nodes[33]: set id = "node_33"
[2026-09-18 10:06:56.158] [INFO ] DataDriver - root.p_Nodes[33]: set x = 69.73290999999995
[2026-09-18 10:06:56.158] [INFO ] DataDriver - root.p_Nodes[33]: set y = 899.690613
[2026-09-18 10:06:56.158] [INFO ] DataDriver - root.p_Nodes[33]: set z = 0.0
[2026-09-18 10:06:56.158] [INFO ] DataDriver - root.p_Nodes[33]: set name = "Node 33"
[2026-09-18 10:06:56.158] [INFO ] DataDriver - root.p_Nodes[33]: set type = "STANDARD"
[2026-09-18 10:06:56.158] [INFO ] DataDriver - root.p_Nodes[34]: set id = "node_34"
[2026-09-18 10:06:56.158] [INFO ] DataDriver - root.p_Nodes[34]: set x = 938.724609
[2026-09-18 10:06:56.158] [INFO ] DataDriver - root.p_Nodes[34]: set y = 462.98407
[2026-09-18 10:06:56.158] [INFO ] DataDriver - root.p_Nodes[34]: set z = 0.0
[2026-09-18 10:06:56.158] [INFO ] DataDriver - root.p_Nodes[34]: set name = "Node 34"
[2026-09-18 10:06:56.158] [INFO ] DataDriver - root.p_Nodes[34]: set type = "STANDARD"
[2026-09-18 10:06:56.158] [INFO ] DataDriver - root.p_Nodes[35]: set id = "node_35"
[2026-09-18 10:06:56.158] [INFO ] DataDriver - root.p_Nodes[35]: set x = 2331.280151
[2026-09-18 10:06:56.159] [INFO ] DataDriver - root.p_Nodes[35]: set y = 1215.66803
[2026-09-18 10:06:56.159] [INFO ] DataDriver - root.p_Nodes[35]: set z = 1.5E-5
[2026-09-18 10:06:56.159] [INFO ] DataDriver - root.p_Nodes[35]: set name = "Node 35"
[2026-09-18 10:06:56.159] [INFO ] DataDriver - root.p_Nodes[35]: set type = "STANDARD"
[2026-09-18 10:06:56.159] [INFO ] DataDriver - root.p_Nodes[36]: set id = "node_36"
[2026-09-18 10:06:56.159] [INFO ] DataDriver - root.p_Nodes[36]: set x = 1981.154358
[2026-09-18 10:06:56.159] [INFO ] DataDriver - root.p_Nodes[36]: set y = 1276.757935
[2026-09-18 10:06:56.159] [INFO ] DataDriver - root.p_Nodes[36]: set z = 0.0
[2026-09-18 10:06:56.159] [INFO ] DataDriver - root.p_Nodes[36]: set name = "Node 36"
[2026-09-18 10:06:56.159] [INFO ] DataDriver - root.p_Nodes[36]: set type = "STANDARD"
[2026-09-18 10:06:56.159] [INFO ] DataDriver - root.p_Nodes[37]: set id = "node_37"
[2026-09-18 10:06:56.159] [INFO ] DataDriver - root.p_Nodes[37]: set x = 1553.662628
[2026-09-18 10:06:56.159] [INFO ] DataDriver - root.p_Nodes[37]: set y = 1085.074921
[2026-09-18 10:06:56.159] [INFO ] DataDriver - root.p_Nodes[37]: set z = 0.0
[2026-09-18 10:06:56.159] [INFO ] DataDriver - root.p_Nodes[37]: set name = "Node 37"
[2026-09-18 10:06:56.159] [INFO ] DataDriver - root.p_Nodes[37]: set type = "STANDARD"
[2026-09-18 10:06:56.159] [INFO ] DataDriver - root.p_Nodes[38]: set id = "node_38"
[2026-09-18 10:06:56.159] [INFO ] DataDriver - root.p_Nodes[38]: set x = 2812.3745120000003
[2026-09-18 10:06:56.159] [INFO ] DataDriver - root.p_Nodes[38]: set y = 1008.777496
[2026-09-18 10:06:56.159] [INFO ] DataDriver - root.p_Nodes[38]: set z = 0.0
[2026-09-18 10:06:56.159] [INFO ] DataDriver - root.p_Nodes[38]: set name = "Node 38"
[2026-09-18 10:06:56.159] [INFO ] DataDriver - root.p_Nodes[38]: set type = "STANDARD"
[2026-09-18 10:06:56.159] [INFO ] DataDriver - root.p_Nodes[39]: set id = "node_39"
[2026-09-18 10:06:56.159] [INFO ] DataDriver - root.p_Nodes[39]: set x = 2169.072876
[2026-09-18 10:06:56.159] [INFO ] DataDriver - root.p_Nodes[39]: set y = 1075.765015
[2026-09-18 10:06:56.159] [INFO ] DataDriver - root.p_Nodes[39]: set z = 8.0E-6
[2026-09-18 10:06:56.159] [INFO ] DataDriver - root.p_Nodes[39]: set name = "Node 39"
[2026-09-18 10:06:56.159] [INFO ] DataDriver - root.p_Nodes[39]: set type = "STANDARD"
[2026-09-18 10:06:56.159] [INFO ] DataDriver - root.p_Nodes[40]: set id = "node_40"
[2026-09-18 10:06:56.159] [INFO ] DataDriver - root.p_Nodes[40]: set x = 1535.805573
[2026-09-18 10:06:56.159] [INFO ] DataDriver - root.p_Nodes[40]: set y = 1079.200043
[2026-09-18 10:06:56.159] [INFO ] DataDriver - root.p_Nodes[40]: set z = 0.0
[2026-09-18 10:06:56.159] [INFO ] DataDriver - root.p_Nodes[40]: set name = "Node 40"
[2026-09-18 10:06:56.159] [INFO ] DataDriver - root.p_Nodes[40]: set type = "STANDARD"
[2026-09-18 10:06:56.159] [INFO ] DataDriver - root.p_Nodes[41]: set id = "node_41"
[2026-09-18 10:06:56.159] [INFO ] DataDriver - root.p_Nodes[41]: set x = 2807.1684569999998
[2026-09-18 10:06:56.159] [INFO ] DataDriver - root.p_Nodes[41]: set y = 998.918167
[2026-09-18 10:06:56.159] [INFO ] DataDriver - root.p_Nodes[41]: set z = 0.0
[2026-09-18 10:06:56.159] [INFO ] DataDriver - root.p_Nodes[41]: set name = "Node 41"
[2026-09-18 10:06:56.159] [INFO ] DataDriver - root.p_Nodes[41]: set type = "STANDARD"
[2026-09-18 10:06:56.159] [INFO ] DataDriver - root.p_Nodes[42]: set id = "node_42"
[2026-09-18 10:06:56.159] [INFO ] DataDriver - root.p_Nodes[42]: set x = 2817.9122310000002
[2026-09-18 10:06:56.159] [INFO ] DataDriver - root.p_Nodes[42]: set y = 1023.884796
[2026-09-18 10:06:56.159] [INFO ] DataDriver - root.p_Nodes[42]: set z = 1.5E-5
[2026-09-18 10:06:56.159] [INFO ] DataDriver - root.p_Nodes[42]: set name = "Node 42"
[2026-09-18 10:06:56.159] [INFO ] DataDriver - root.p_Nodes[42]: set type = "STANDARD"
[2026-09-18 10:06:56.159] [INFO ] DataDriver - root.p_Nodes[43]: set id = "node_43"
[2026-09-18 10:06:56.159] [INFO ] DataDriver - root.p_Nodes[43]: set x = 2821.059204
[2026-09-18 10:06:56.160] [INFO ] DataDriver - root.p_Nodes[43]: set y = 1037.439392
[2026-09-18 10:06:56.160] [INFO ] DataDriver - root.p_Nodes[43]: set z = 0.0
[2026-09-18 10:06:56.160] [INFO ] DataDriver - root.p_Nodes[43]: set name = "Node 43"
[2026-09-18 10:06:56.160] [INFO ] DataDriver - root.p_Nodes[43]: set type = "STANDARD"
[2026-09-18 10:06:56.160] [INFO ] DataDriver - root.p_Nodes[44]: set id = "node_44"
[2026-09-18 10:06:56.160] [INFO ] DataDriver - root.p_Nodes[44]: set x = 709.962891
[2026-09-18 10:06:56.160] [INFO ] DataDriver - root.p_Nodes[44]: set y = 795.873154
[2026-09-18 10:06:56.160] [INFO ] DataDriver - root.p_Nodes[44]: set z = 8.0E-6
[2026-09-18 10:06:56.160] [INFO ] DataDriver - root.p_Nodes[44]: set name = "Node 44"
[2026-09-18 10:06:56.160] [INFO ] DataDriver - root.p_Nodes[44]: set type = "STANDARD"
[2026-09-18 10:06:56.160] [INFO ] DataDriver - root.p_Nodes[45]: set id = "node_45"
[2026-09-18 10:06:56.160] [INFO ] DataDriver - root.p_Nodes[45]: set x = 2793.19873
[2026-09-18 10:06:56.160] [INFO ] DataDriver - root.p_Nodes[45]: set y = 1017.153534
[2026-09-18 10:06:56.160] [INFO ] DataDriver - root.p_Nodes[45]: set z = 0.0
[2026-09-18 10:06:56.160] [INFO ] DataDriver - root.p_Nodes[45]: set name = "Node 45"
[2026-09-18 10:06:56.160] [INFO ] DataDriver - root.p_Nodes[45]: set type = "STANDARD"
[2026-09-18 10:06:56.160] [INFO ] DataDriver - root.p_Nodes[46]: set id = "node_46"
[2026-09-18 10:06:56.160] [INFO ] DataDriver - root.p_Nodes[46]: set x = 722.673584
[2026-09-18 10:06:56.160] [INFO ] DataDriver - root.p_Nodes[46]: set y = 796.49411
[2026-09-18 10:06:56.160] [INFO ] DataDriver - root.p_Nodes[46]: set z = 8.0E-6
[2026-09-18 10:06:56.160] [INFO ] DataDriver - root.p_Nodes[46]: set name = "Node 46"
[2026-09-18 10:06:56.160] [INFO ] DataDriver - root.p_Nodes[46]: set type = "STANDARD"
[2026-09-18 10:06:56.160] [INFO ] DataDriver - root.p_Nodes[47]: set id = "node_47"
[2026-09-18 10:06:56.160] [INFO ] DataDriver - root.p_Nodes[47]: set x = 2776.733521
[2026-09-18 10:06:56.160] [INFO ] DataDriver - root.p_Nodes[47]: set y = 1017.843109
[2026-09-18 10:06:56.160] [INFO ] DataDriver - root.p_Nodes[47]: set z = 0.0
[2026-09-18 10:06:56.160] [INFO ] DataDriver - root.p_Nodes[47]: set name = "Node 47"
[2026-09-18 10:06:56.160] [INFO ] DataDriver - root.p_Nodes[47]: set type = "STANDARD"
[2026-09-18 10:06:56.163] [INFO ] DataDriver - root.p_Edges[0]: set id = "edge_0"
[2026-09-18 10:06:56.163] [INFO ] DataDriver - root.p_Edges[0]: set startNodeId = "node_45"
[2026-09-18 10:06:56.163] [INFO ] DataDriver - root.p_Edges[0]: set endNodeId = "node_1"
[2026-09-18 10:06:56.163] [INFO ] DataDriver - root.p_Edges[0]: set bidirectional = false
[2026-09-18 10:06:56.163] [INFO ] DataDriver - root.p_Edges[0]: set type = "STANDARD"
[2026-09-18 10:06:56.163] [INFO ] DataDriver - root.p_Edges[1]: set id = "edge_1"
[2026-09-18 10:06:56.163] [INFO ] DataDriver - root.p_Edges[1]: set startNodeId = "node_30"
[2026-09-18 10:06:56.163] [INFO ] DataDriver - root.p_Edges[1]: set endNodeId = "node_31"
[2026-09-18 10:06:56.163] [INFO ] DataDriver - root.p_Edges[1]: set bidirectional = false
[2026-09-18 10:06:56.163] [INFO ] DataDriver - root.p_Edges[1]: set type = "STANDARD"
[2026-09-18 10:06:56.163] [INFO ] DataDriver - root.p_Edges[2]: set id = "edge_2"
[2026-09-18 10:06:56.163] [INFO ] DataDriver - root.p_Edges[2]: set startNodeId = "node_45"
[2026-09-18 10:06:56.163] [INFO ] DataDriver - root.p_Edges[2]: set endNodeId = "node_47"
[2026-09-18 10:06:56.163] [INFO ] DataDriver - root.p_Edges[2]: set bidirectional = false
[2026-09-18 10:06:56.163] [INFO ] DataDriver - root.p_Edges[2]: set type = "STANDARD"
[2026-09-18 10:06:56.163] [INFO ] DataDriver - root.p_Edges[3]: set id = "edge_3"
[2026-09-18 10:06:56.163] [INFO ] DataDriver - root.p_Edges[3]: set startNodeId = "node_39"
[2026-09-18 10:06:56.163] [INFO ] DataDriver - root.p_Edges[3]: set endNodeId = "node_11"
[2026-09-18 10:06:56.163] [INFO ] DataDriver - root.p_Edges[3]: set bidirectional = false
[2026-09-18 10:06:56.163] [INFO ] DataDriver - root.p_Edges[3]: set type = "STANDARD"
[2026-09-18 10:06:56.163] [INFO ] DataDriver - root.p_Edges[4]: set id = "edge_4"
[2026-09-18 10:06:56.163] [INFO ] DataDriver - root.p_Edges[4]: set startNodeId = "node_14"
[2026-09-18 10:06:56.163] [INFO ] DataDriver - root.p_Edges[4]: set endNodeId = "node_18"
[2026-09-18 10:06:56.163] [INFO ] DataDriver - root.p_Edges[4]: set bidirectional = false
[2026-09-18 10:06:56.163] [INFO ] DataDriver - root.p_Edges[4]: set type = "STANDARD"
[2026-09-18 10:06:56.163] [INFO ] DataDriver - root.p_Edges[5]: set id = "edge_5"
[2026-09-18 10:06:56.163] [INFO ] DataDriver - root.p_Edges[5]: set startNodeId = "node_47"
[2026-09-18 10:06:56.163] [INFO ] DataDriver - root.p_Edges[5]: set endNodeId = "node_39"
[2026-09-18 10:06:56.164] [INFO ] DataDriver - root.p_Edges[5]: set bidirectional = false
[2026-09-18 10:06:56.164] [INFO ] DataDriver - root.p_Edges[5]: set type = "STANDARD"
[2026-09-18 10:06:56.164] [INFO ] DataDriver - root.p_Edges[6]: set id = "edge_6"
[2026-09-18 10:06:56.164] [INFO ] DataDriver - root.p_Edges[6]: set startNodeId = "node_40"
[2026-09-18 10:06:56.164] [INFO ] DataDriver - root.p_Edges[6]: set endNodeId = "node_4"
[2026-09-18 10:06:56.164] [INFO ] DataDriver - root.p_Edges[6]: set bidirectional = false
[2026-09-18 10:06:56.164] [INFO ] DataDriver - root.p_Edges[6]: set type = "STANDARD"
[2026-09-18 10:06:56.164] [INFO ] DataDriver - root.p_Edges[7]: set id = "edge_7"
[2026-09-18 10:06:56.164] [INFO ] DataDriver - root.p_Edges[7]: set startNodeId = "node_37"
[2026-09-18 10:06:56.164] [INFO ] DataDriver - root.p_Edges[7]: set endNodeId = "node_40"
[2026-09-18 10:06:56.164] [INFO ] DataDriver - root.p_Edges[7]: set bidirectional = false
[2026-09-18 10:06:56.164] [INFO ] DataDriver - root.p_Edges[7]: set type = "STANDARD"
[2026-09-18 10:06:56.164] [INFO ] DataDriver - root.p_Edges[8]: set id = "edge_8"
[2026-09-18 10:06:56.164] [INFO ] DataDriver - root.p_Edges[8]: set startNodeId = "node_14"
[2026-09-18 10:06:56.164] [INFO ] DataDriver - root.p_Edges[8]: set endNodeId = "node_0"
[2026-09-18 10:06:56.164] [INFO ] DataDriver - root.p_Edges[8]: set bidirectional = false
[2026-09-18 10:06:56.164] [INFO ] DataDriver - root.p_Edges[8]: set type = "STANDARD"
[2026-09-18 10:06:56.164] [INFO ] DataDriver - root.p_Edges[9]: set id = "edge_9"
[2026-09-18 10:06:56.164] [INFO ] DataDriver - root.p_Edges[9]: set startNodeId = "node_28"
[2026-09-18 10:06:56.164] [INFO ] DataDriver - root.p_Edges[9]: set endNodeId = "node_45"
[2026-09-18 10:06:56.164] [INFO ] DataDriver - root.p_Edges[9]: set bidirectional = false
[2026-09-18 10:06:56.164] [INFO ] DataDriver - root.p_Edges[9]: set type = "STANDARD"
[2026-09-18 10:06:56.164] [INFO ] DataDriver - root.p_Edges[10]: set id = "edge_10"
[2026-09-18 10:06:56.164] [INFO ] DataDriver - root.p_Edges[10]: set startNodeId = "node_9"
[2026-09-18 10:06:56.164] [INFO ] DataDriver - root.p_Edges[10]: set endNodeId = "node_35"
[2026-09-18 10:06:56.164] [INFO ] DataDriver - root.p_Edges[10]: set bidirectional = false
[2026-09-18 10:06:56.164] [INFO ] DataDriver - root.p_Edges[10]: set type = "STANDARD"
[2026-09-18 10:06:56.164] [INFO ] DataDriver - root.p_Edges[11]: set id = "edge_11"
[2026-09-18 10:06:56.164] [INFO ] DataDriver - root.p_Edges[11]: set startNodeId = "node_39"
[2026-09-18 10:06:56.164] [INFO ] DataDriver - root.p_Edges[11]: set endNodeId = "node_18"
[2026-09-18 10:06:56.164] [INFO ] DataDriver - root.p_Edges[11]: set bidirectional = false
[2026-09-18 10:06:56.164] [INFO ] DataDriver - root.p_Edges[11]: set type = "STANDARD"
[2026-09-18 10:06:56.164] [INFO ] DataDriver - root.p_Edges[12]: set id = "edge_12"
[2026-09-18 10:06:56.164] [INFO ] DataDriver - root.p_Edges[12]: set startNodeId = "node_6"
[2026-09-18 10:06:56.164] [INFO ] DataDriver - root.p_Edges[12]: set endNodeId = "node_8"
[2026-09-18 10:06:56.164] [INFO ] DataDriver - root.p_Edges[12]: set bidirectional = true
[2026-09-18 10:06:56.164] [INFO ] DataDriver - root.p_Edges[12]: set type = "STANDARD"
[2026-09-18 10:06:56.164] [INFO ] DataDriver - root.p_Edges[13]: set id = "edge_13"
[2026-09-18 10:06:56.164] [INFO ] DataDriver - root.p_Edges[13]: set startNodeId = "node_17"
[2026-09-18 10:06:56.164] [INFO ] DataDriver - root.p_Edges[13]: set endNodeId = "node_2"
[2026-09-18 10:06:56.164] [INFO ] DataDriver - root.p_Edges[13]: set bidirectional = false
[2026-09-18 10:06:56.164] [INFO ] DataDriver - root.p_Edges[13]: set type = "STANDARD"
[2026-09-18 10:06:56.164] [INFO ] DataDriver - root.p_Edges[14]: set id = "edge_14"
[2026-09-18 10:06:56.164] [INFO ] DataDriver - root.p_Edges[14]: set startNodeId = "node_35"
[2026-09-18 10:06:56.164] [INFO ] DataDriver - root.p_Edges[14]: set endNodeId = "node_14"
[2026-09-18 10:06:56.164] [INFO ] DataDriver - root.p_Edges[14]: set bidirectional = false
[2026-09-18 10:06:56.164] [INFO ] DataDriver - root.p_Edges[14]: set type = "STANDARD"
[2026-09-18 10:06:56.165] [INFO ] DataDriver - root.p_Edges[15]: set id = "edge_15"
[2026-09-18 10:06:56.165] [INFO ] DataDriver - root.p_Edges[15]: set startNodeId = "node_44"
[2026-09-18 10:06:56.165] [INFO ] DataDriver - root.p_Edges[15]: set endNodeId = "node_22"
[2026-09-18 10:06:56.165] [INFO ] DataDriver - root.p_Edges[15]: set bidirectional = false
[2026-09-18 10:06:56.165] [INFO ] DataDriver - root.p_Edges[15]: set type = "STANDARD"
[2026-09-18 10:06:56.165] [INFO ] DataDriver - root.p_Edges[16]: set id = "edge_16"
[2026-09-18 10:06:56.165] [INFO ] DataDriver - root.p_Edges[16]: set startNodeId = "node_30"
[2026-09-18 10:06:56.165] [INFO ] DataDriver - root.p_Edges[16]: set endNodeId = "node_37"
[2026-09-18 10:06:56.165] [INFO ] DataDriver - root.p_Edges[16]: set bidirectional = false
[2026-09-18 10:06:56.165] [INFO ] DataDriver - root.p_Edges[16]: set type = "STANDARD"
[2026-09-18 10:06:56.165] [INFO ] DataDriver - root.p_Edges[17]: set id = "edge_17"
[2026-09-18 10:06:56.165] [INFO ] DataDriver - root.p_Edges[17]: set startNodeId = "node_7"
[2026-09-18 10:06:56.165] [INFO ] DataDriver - root.p_Edges[17]: set endNodeId = "node_32"
[2026-09-18 10:06:56.165] [INFO ] DataDriver - root.p_Edges[17]: set bidirectional = true
[2026-09-18 10:06:56.165] [INFO ] DataDriver - root.p_Edges[17]: set type = "STANDARD"
[2026-09-18 10:06:56.165] [INFO ] DataDriver - root.p_Edges[18]: set id = "edge_18"
[2026-09-18 10:06:56.165] [INFO ] DataDriver - root.p_Edges[18]: set startNodeId = "node_6"
[2026-09-18 10:06:56.165] [INFO ] DataDriver - root.p_Edges[18]: set endNodeId = "node_47"
[2026-09-18 10:06:56.165] [INFO ] DataDriver - root.p_Edges[18]: set bidirectional = false
[2026-09-18 10:06:56.165] [INFO ] DataDriver - root.p_Edges[18]: set type = "STANDARD"
[2026-09-18 10:06:56.165] [INFO ] DataDriver - root.p_Edges[19]: set id = "edge_19"
[2026-09-18 10:06:56.165] [INFO ] DataDriver - root.p_Edges[19]: set startNodeId = "node_22"
[2026-09-18 10:06:56.165] [INFO ] DataDriver - root.p_Edges[19]: set endNodeId = "node_33"
[2026-09-18 10:06:56.165] [INFO ] DataDriver - root.p_Edges[19]: set bidirectional = true
[2026-09-18 10:06:56.165] [INFO ] DataDriver - root.p_Edges[19]: set type = "STANDARD"
[2026-09-18 10:06:56.165] [INFO ] DataDriver - root.p_Edges[20]: set id = "edge_20"
[2026-09-18 10:06:56.165] [INFO ] DataDriver - root.p_Edges[20]: set startNodeId = "node_4"
[2026-09-18 10:06:56.165] [INFO ] DataDriver - root.p_Edges[20]: set endNodeId = "node_31"
[2026-09-18 10:06:56.165] [INFO ] DataDriver - root.p_Edges[20]: set bidirectional = false
[2026-09-18 10:06:56.165] [INFO ] DataDriver - root.p_Edges[20]: set type = "STANDARD"
[2026-09-18 10:06:56.165] [INFO ] DataDriver - root.p_Edges[21]: set id = "edge_21"
[2026-09-18 10:06:56.165] [INFO ] DataDriver - root.p_Edges[21]: set startNodeId = "node_10"
[2026-09-18 10:06:56.165] [INFO ] DataDriver - root.p_Edges[21]: set endNodeId = "node_11"
[2026-09-18 10:06:56.165] [INFO ] DataDriver - root.p_Edges[21]: set bidirectional = false
[2026-09-18 10:06:56.165] [INFO ] DataDriver - root.p_Edges[21]: set type = "STANDARD"
[2026-09-18 10:06:56.165] [INFO ] DataDriver - root.p_Edges[22]: set id = "edge_22"
[2026-09-18 10:06:56.165] [INFO ] DataDriver - root.p_Edges[22]: set startNodeId = "node_5"
[2026-09-18 10:06:56.165] [INFO ] DataDriver - root.p_Edges[22]: set endNodeId = "node_30"
[2026-09-18 10:06:56.165] [INFO ] DataDriver - root.p_Edges[22]: set bidirectional = false
[2026-09-18 10:06:56.165] [INFO ] DataDriver - root.p_Edges[22]: set type = "STANDARD"
[2026-09-18 10:06:56.165] [INFO ] DataDriver - root.p_Edges[23]: set id = "edge_23"
[2026-09-18 10:06:56.165] [INFO ] DataDriver - root.p_Edges[23]: set startNodeId = "node_23"
[2026-09-18 10:06:56.165] [INFO ] DataDriver - root.p_Edges[23]: set endNodeId = "node_9"
[2026-09-18 10:06:56.165] [INFO ] DataDriver - root.p_Edges[23]: set bidirectional = false
[2026-09-18 10:06:56.165] [INFO ] DataDriver - root.p_Edges[23]: set type = "STANDARD"
[2026-09-18 10:06:56.165] [INFO ] DataDriver - root.p_Edges[24]: set id = "edge_24"
[2026-09-18 10:06:56.165] [INFO ] DataDriver - root.p_Edges[24]: set startNodeId = "node_31"
[2026-09-18 10:06:56.165] [INFO ] DataDriver - root.p_Edges[24]: set endNodeId = "node_20"
[2026-09-18 10:06:56.165] [INFO ] DataDriver - root.p_Edges[24]: set bidirectional = false
[2026-09-18 10:06:56.165] [INFO ] DataDriver - root.p_Edges[24]: set type = "STANDARD"
[2026-09-18 10:06:56.165] [INFO ] DataDriver - root.p_Edges[25]: set id = "edge_25"
[2026-09-18 10:06:56.165] [INFO ] DataDriver - root.p_Edges[25]: set startNodeId = "node_22"
[2026-09-18 10:06:56.165] [INFO ] DataDriver - root.p_Edges[25]: set endNodeId = "node_46"
[2026-09-18 10:06:56.165] [INFO ] DataDriver - root.p_Edges[25]: set bidirectional = false
[2026-09-18 10:06:56.166] [INFO ] DataDriver - root.p_Edges[25]: set type = "STANDARD"
[2026-09-18 10:06:56.166] [INFO ] DataDriver - root.p_Edges[26]: set id = "edge_26"
[2026-09-18 10:06:56.166] [INFO ] DataDriver - root.p_Edges[26]: set startNodeId = "node_10"
[2026-09-18 10:06:56.166] [INFO ] DataDriver - root.p_Edges[26]: set endNodeId = "node_26"
[2026-09-18 10:06:56.166] [INFO ] DataDriver - root.p_Edges[26]: set bidirectional = false
[2026-09-18 10:06:56.166] [INFO ] DataDriver - root.p_Edges[26]: set type = "STANDARD"
[2026-09-18 10:06:56.166] [INFO ] DataDriver - root.p_Edges[27]: set id = "edge_27"
[2026-09-18 10:06:56.166] [INFO ] DataDriver - root.p_Edges[27]: set startNodeId = "node_18"
[2026-09-18 10:06:56.166] [INFO ] DataDriver - root.p_Edges[27]: set endNodeId = "node_20"
[2026-09-18 10:06:56.166] [INFO ] DataDriver - root.p_Edges[27]: set bidirectional = false
[2026-09-18 10:06:56.166] [INFO ] DataDriver - root.p_Edges[27]: set type = "STANDARD"
[2026-09-18 10:06:56.166] [INFO ] DataDriver - root.p_Edges[28]: set id = "edge_28"
[2026-09-18 10:06:56.166] [INFO ] DataDriver - root.p_Edges[28]: set startNodeId = "node_29"
[2026-09-18 10:06:56.166] [INFO ] DataDriver - root.p_Edges[28]: set endNodeId = "node_23"
[2026-09-18 10:06:56.166] [INFO ] DataDriver - root.p_Edges[28]: set bidirectional = true
[2026-09-18 10:06:56.166] [INFO ] DataDriver - root.p_Edges[28]: set type = "STANDARD"
[2026-09-18 10:06:56.166] [INFO ] DataDriver - root.p_Edges[29]: set id = "edge_29"
[2026-09-18 10:06:56.166] [INFO ] DataDriver - root.p_Edges[29]: set startNodeId = "node_20"
[2026-09-18 10:06:56.166] [INFO ] DataDriver - root.p_Edges[29]: set endNodeId = "node_24"
[2026-09-18 10:06:56.166] [INFO ] DataDriver - root.p_Edges[29]: set bidirectional = false
[2026-09-18 10:06:56.166] [INFO ] DataDriver - root.p_Edges[29]: set type = "STANDARD"
[2026-09-18 10:06:56.166] [INFO ] DataDriver - root.p_Edges[30]: set id = "edge_30"
[2026-09-18 10:06:56.166] [INFO ] DataDriver - root.p_Edges[30]: set startNodeId = "node_13"
[2026-09-18 10:06:56.166] [INFO ] DataDriver - root.p_Edges[30]: set endNodeId = "node_44"
[2026-09-18 10:06:56.166] [INFO ] DataDriver - root.p_Edges[30]: set bidirectional = false
[2026-09-18 10:06:56.166] [INFO ] DataDriver - root.p_Edges[30]: set type = "STANDARD"
[2026-09-18 10:06:56.166] [INFO ] DataDriver - root.p_Edges[31]: set id = "edge_31"
[2026-09-18 10:06:56.166] [INFO ] DataDriver - root.p_Edges[31]: set startNodeId = "node_44"
[2026-09-18 10:06:56.166] [INFO ] DataDriver - root.p_Edges[31]: set endNodeId = "node_46"
[2026-09-18 10:06:56.166] [INFO ] DataDriver - root.p_Edges[31]: set bidirectional = false
[2026-09-18 10:06:56.166] [INFO ] DataDriver - root.p_Edges[31]: set type = "STANDARD"
[2026-09-18 10:06:56.166] [INFO ] DataDriver - root.p_Edges[32]: set id = "edge_32"
[2026-09-18 10:06:56.166] [INFO ] DataDriver - root.p_Edges[32]: set startNodeId = "node_17"
[2026-09-18 10:06:56.166] [INFO ] DataDriver - root.p_Edges[32]: set endNodeId = "node_12"
[2026-09-18 10:06:56.166] [INFO ] DataDriver - root.p_Edges[32]: set bidirectional = true
[2026-09-18 10:06:56.166] [INFO ] DataDriver - root.p_Edges[32]: set type = "STANDARD"
[2026-09-18 10:06:56.166] [INFO ] DataDriver - root.p_Edges[33]: set id = "edge_33"
[2026-09-18 10:06:56.166] [INFO ] DataDriver - root.p_Edges[33]: set startNodeId = "node_38"
[2026-09-18 10:06:56.166] [INFO ] DataDriver - root.p_Edges[33]: set endNodeId = "node_42"
[2026-09-18 10:06:56.166] [INFO ] DataDriver - root.p_Edges[33]: set bidirectional = true
[2026-09-18 10:06:56.166] [INFO ] DataDriver - root.p_Edges[33]: set type = "STANDARD"
[2026-09-18 10:06:56.166] [INFO ] DataDriver - root.p_Edges[34]: set id = "edge_34"
[2026-09-18 10:06:56.166] [INFO ] DataDriver - root.p_Edges[34]: set startNodeId = "node_19"
[2026-09-18 10:06:56.166] [INFO ] DataDriver - root.p_Edges[34]: set endNodeId = "node_34"
[2026-09-18 10:06:56.166] [INFO ] DataDriver - root.p_Edges[34]: set bidirectional = true
[2026-09-18 10:06:56.166] [INFO ] DataDriver - root.p_Edges[34]: set type = "STANDARD"
[2026-09-18 10:06:56.166] [INFO ] DataDriver - root.p_Edges[35]: set id = "edge_35"
[2026-09-18 10:06:56.166] [INFO ] DataDriver - root.p_Edges[35]: set startNodeId = "node_42"
[2026-09-18 10:06:56.166] [INFO ] DataDriver - root.p_Edges[35]: set endNodeId = "node_43"
[2026-09-18 10:06:56.166] [INFO ] DataDriver - root.p_Edges[35]: set bidirectional = true
[2026-09-18 10:06:56.166] [INFO ] DataDriver - root.p_Edges[35]: set type = "STANDARD"
[2026-09-18 10:06:56.166] [INFO ] DataDriver - root.p_Edges[36]: set id = "edge_36"
[2026-09-18 10:06:56.167] [INFO ] DataDriver - root.p_Edges[36]: set startNodeId = "node_38"
[2026-09-18 10:06:56.167] [INFO ] DataDriver - root.p_Edges[36]: set endNodeId = "node_41"
[2026-09-18 10:06:56.167] [INFO ] DataDriver - root.p_Edges[36]: set bidirectional = true
[2026-09-18 10:06:56.167] [INFO ] DataDriver - root.p_Edges[36]: set type = "STANDARD"
[2026-09-18 10:06:56.167] [INFO ] DataDriver - root.p_Edges[37]: set id = "edge_37"
[2026-09-18 10:06:56.167] [INFO ] DataDriver - root.p_Edges[37]: set startNodeId = "node_18"
[2026-09-18 10:06:56.167] [INFO ] DataDriver - root.p_Edges[37]: set endNodeId = "node_0"
[2026-09-18 10:06:56.167] [INFO ] DataDriver - root.p_Edges[37]: set bidirectional = false
[2026-09-18 10:06:56.167] [INFO ] DataDriver - root.p_Edges[37]: set type = "STANDARD"
[2026-09-18 10:06:56.167] [INFO ] DataDriver - root.p_Edges[38]: set id = "edge_38"
[2026-09-18 10:06:56.167] [INFO ] DataDriver - root.p_Edges[38]: set startNodeId = "node_11"
[2026-09-18 10:06:56.167] [INFO ] DataDriver - root.p_Edges[38]: set endNodeId = "node_23"
[2026-09-18 10:06:56.167] [INFO ] DataDriver - root.p_Edges[38]: set bidirectional = false
[2026-09-18 10:06:56.167] [INFO ] DataDriver - root.p_Edges[38]: set type = "STANDARD"
[2026-09-18 10:06:56.167] [INFO ] DataDriver - root.p_Edges[39]: set id = "edge_39"
[2026-09-18 10:06:56.167] [INFO ] DataDriver - root.p_Edges[39]: set startNodeId = "node_42"
[2026-09-18 10:06:56.167] [INFO ] DataDriver - root.p_Edges[39]: set endNodeId = "node_28"
[2026-09-18 10:06:56.167] [INFO ] DataDriver - root.p_Edges[39]: set bidirectional = false
[2026-09-18 10:06:56.167] [INFO ] DataDriver - root.p_Edges[39]: set type = "STANDARD"
[2026-09-18 10:06:56.167] [INFO ] DataDriver - root.p_Edges[40]: set id = "edge_40"
[2026-09-18 10:06:56.167] [INFO ] DataDriver - root.p_Edges[40]: set startNodeId = "node_5"
[2026-09-18 10:06:56.167] [INFO ] DataDriver - root.p_Edges[40]: set endNodeId = "node_21"
[2026-09-18 10:06:56.167] [INFO ] DataDriver - root.p_Edges[40]: set bidirectional = false
[2026-09-18 10:06:56.167] [INFO ] DataDriver - root.p_Edges[40]: set type = "STANDARD"
[2026-09-18 10:06:56.167] [INFO ] DataDriver - root.p_Edges[41]: set id = "edge_41"
[2026-09-18 10:06:56.167] [INFO ] DataDriver - root.p_Edges[41]: set startNodeId = "node_21"
[2026-09-18 10:06:56.167] [INFO ] DataDriver - root.p_Edges[41]: set endNodeId = "node_30"
[2026-09-18 10:06:56.167] [INFO ] DataDriver - root.p_Edges[41]: set bidirectional = false
[2026-09-18 10:06:56.167] [INFO ] DataDriver - root.p_Edges[41]: set type = "STANDARD"
[2026-09-18 10:06:56.167] [INFO ] DataDriver - root.p_Edges[42]: set id = "edge_42"
[2026-09-18 10:06:56.167] [INFO ] DataDriver - root.p_Edges[42]: set startNodeId = "node_46"
[2026-09-18 10:06:56.167] [INFO ] DataDriver - root.p_Edges[42]: set endNodeId = "node_40"
[2026-09-18 10:06:56.167] [INFO ] DataDriver - root.p_Edges[42]: set bidirectional = false
[2026-09-18 10:06:56.167] [INFO ] DataDriver - root.p_Edges[42]: set type = "STANDARD"
[2026-09-18 10:06:56.167] [INFO ] DataDriver - root.p_Edges[43]: set id = "edge_43"
[2026-09-18 10:06:56.167] [INFO ] DataDriver - root.p_Edges[43]: set startNodeId = "node_25"
[2026-09-18 10:06:56.167] [INFO ] DataDriver - root.p_Edges[43]: set endNodeId = "node_28"
[2026-09-18 10:06:56.167] [INFO ] DataDriver - root.p_Edges[43]: set bidirectional = false
[2026-09-18 10:06:56.167] [INFO ] DataDriver - root.p_Edges[43]: set type = "STANDARD"
[2026-09-18 10:06:56.167] [INFO ] DataDriver - root.p_Edges[44]: set id = "edge_44"
[2026-09-18 10:06:56.167] [INFO ] DataDriver - root.p_Edges[44]: set startNodeId = "node_25"
[2026-09-18 10:06:56.167] [INFO ] DataDriver - root.p_Edges[44]: set endNodeId = "node_38"
[2026-09-18 10:06:56.167] [INFO ] DataDriver - root.p_Edges[44]: set bidirectional = false
[2026-09-18 10:06:56.167] [INFO ] DataDriver - root.p_Edges[44]: set type = "STANDARD"
[2026-09-18 10:06:56.167] [INFO ] DataDriver - root.p_Edges[45]: set id = "edge_45"
[2026-09-18 10:06:56.167] [INFO ] DataDriver - root.p_Edges[45]: set startNodeId = "node_1"
[2026-09-18 10:06:56.168] [INFO ] DataDriver - root.p_Edges[45]: set endNodeId = "node_6"
[2026-09-18 10:06:56.168] [INFO ] DataDriver - root.p_Edges[45]: set bidirectional = true
[2026-09-18 10:06:56.168] [INFO ] DataDriver - root.p_Edges[45]: set type = "STANDARD"
[2026-09-18 10:06:56.168] [INFO ] DataDriver - root.p_Edges[46]: set id = "edge_46"
[2026-09-18 10:06:56.168] [INFO ] DataDriver - root.p_Edges[46]: set startNodeId = "node_35"
[2026-09-18 10:06:56.168] [INFO ] DataDriver - root.p_Edges[46]: set endNodeId = "node_16"
[2026-09-18 10:06:56.168] [INFO ] DataDriver - root.p_Edges[46]: set bidirectional = true
[2026-09-18 10:06:56.168] [INFO ] DataDriver - root.p_Edges[46]: set type = "STANDARD"
[2026-09-18 10:06:56.168] [INFO ] DataDriver - root.p_Edges[47]: set id = "edge_47"
[2026-09-18 10:06:56.168] [INFO ] DataDriver - root.p_Edges[47]: set startNodeId = "node_1"
[2026-09-18 10:06:56.168] [INFO ] DataDriver - root.p_Edges[47]: set endNodeId = "node_3"
[2026-09-18 10:06:56.168] [INFO ] DataDriver - root.p_Edges[47]: set bidirectional = true
[2026-09-18 10:06:56.168] [INFO ] DataDriver - root.p_Edges[47]: set type = "STANDARD"
[2026-09-18 10:06:56.168] [INFO ] DataDriver - root.p_Edges[48]: set id = "edge_48"
[2026-09-18 10:06:56.168] [INFO ] DataDriver - root.p_Edges[48]: set startNodeId = "node_26"
[2026-09-18 10:06:56.168] [INFO ] DataDriver - root.p_Edges[48]: set endNodeId = "node_2"
[2026-09-18 10:06:56.168] [INFO ] DataDriver - root.p_Edges[48]: set bidirectional = false
[2026-09-18 10:06:56.168] [INFO ] DataDriver - root.p_Edges[48]: set type = "STANDARD"
[2026-09-18 10:06:56.168] [INFO ] DataDriver - root.p_Edges[49]: set id = "edge_49"
[2026-09-18 10:06:56.168] [INFO ] DataDriver - root.p_Edges[49]: set startNodeId = "node_27"
[2026-09-18 10:06:56.168] [INFO ] DataDriver - root.p_Edges[49]: set endNodeId = "node_26"
[2026-09-18 10:06:56.168] [INFO ] DataDriver - root.p_Edges[49]: set bidirectional = true
[2026-09-18 10:06:56.168] [INFO ] DataDriver - root.p_Edges[49]: set type = "STANDARD"
[2026-09-18 10:06:56.168] [INFO ] DataDriver - root.p_Edges[50]: set id = "edge_50"
[2026-09-18 10:06:56.168] [INFO ] DataDriver - root.p_Edges[50]: set startNodeId = "node_21"
[2026-09-18 10:06:56.168] [INFO ] DataDriver - root.p_Edges[50]: set endNodeId = "node_36"
[2026-09-18 10:06:56.168] [INFO ] DataDriver - root.p_Edges[50]: set bidirectional = true
[2026-09-18 10:06:56.168] [INFO ] DataDriver - root.p_Edges[50]: set type = "STANDARD"
[2026-09-18 10:06:56.168] [INFO ] DataDriver - root.p_Edges[51]: set id = "edge_51"
[2026-09-18 10:06:56.168] [INFO ] DataDriver - root.p_Edges[51]: set startNodeId = "node_40"
[2026-09-18 10:06:56.168] [INFO ] DataDriver - root.p_Edges[51]: set endNodeId = "node_19"
[2026-09-18 10:06:56.168] [INFO ] DataDriver - root.p_Edges[51]: set bidirectional = false
[2026-09-18 10:06:56.168] [INFO ] DataDriver - root.p_Edges[51]: set type = "STANDARD"
[2026-09-18 10:06:56.168] [INFO ] DataDriver - root.p_Edges[52]: set id = "edge_52"
[2026-09-18 10:06:56.168] [INFO ] DataDriver - root.p_Edges[52]: set startNodeId = "node_2"
[2026-09-18 10:06:56.168] [INFO ] DataDriver - root.p_Edges[52]: set endNodeId = "node_9"
[2026-09-18 10:06:56.168] [INFO ] DataDriver - root.p_Edges[52]: set bidirectional = false
[2026-09-18 10:06:56.168] [INFO ] DataDriver - root.p_Edges[52]: set type = "STANDARD"
[2026-09-18 10:06:56.168] [INFO ] DataDriver - root.p_Edges[53]: set id = "edge_53"
[2026-09-18 10:06:56.168] [INFO ] DataDriver - root.p_Edges[53]: set startNodeId = "node_24"
[2026-09-18 10:06:56.168] [INFO ] DataDriver - root.p_Edges[53]: set endNodeId = "node_15"
[2026-09-18 10:06:56.168] [INFO ] DataDriver - root.p_Edges[53]: set bidirectional = true
[2026-09-18 10:06:56.168] [INFO ] DataDriver - root.p_Edges[53]: set type = "STANDARD"
[2026-09-18 10:06:56.168] [INFO ] DataDriver - root.p_Edges[54]: set id = "edge_54"
[2026-09-18 10:06:56.168] [INFO ] DataDriver - root.p_Edges[54]: set startNodeId = "node_13"
[2026-09-18 10:06:56.168] [INFO ] DataDriver - root.p_Edges[54]: set endNodeId = "node_7"
[2026-09-18 10:06:56.168] [INFO ] DataDriver - root.p_Edges[54]: set bidirectional = false
[2026-09-18 10:06:56.168] [INFO ] DataDriver - root.p_Edges[54]: set type = "STANDARD"
[2026-09-18 10:06:56.168] [INFO ] DataDriver - root.p_Edges[55]: set id = "edge_55"
[2026-09-18 10:06:56.168] [INFO ] DataDriver - root.p_Edges[55]: set startNodeId = "node_24"
[2026-09-18 10:06:56.168] [INFO ] DataDriver - root.p_Edges[55]: set endNodeId = "node_25"
[2026-09-18 10:06:56.169] [INFO ] DataDriver - root.p_Edges[55]: set bidirectional = false
[2026-09-18 10:06:56.169] [INFO ] DataDriver - root.p_Edges[55]: set type = "STANDARD"
[2026-09-18 10:06:56.169] [INFO ] DataDriver - root.p_Edges[56]: set id = "edge_56"
[2026-09-18 10:06:56.169] [INFO ] DataDriver - root.p_Edges[56]: set startNodeId = "node_10"
[2026-09-18 10:06:56.169] [INFO ] DataDriver - root.p_Edges[56]: set endNodeId = "node_17"
[2026-09-18 10:06:56.169] [INFO ] DataDriver - root.p_Edges[56]: set bidirectional = false
[2026-09-18 10:06:56.169] [INFO ] DataDriver - root.p_Edges[56]: set type = "STANDARD"
[2026-09-18 10:06:56.169] [INFO ] DataDriver - root.p_Edges[57]: set id = "edge_57"
[2026-09-18 10:06:56.169] [INFO ] DataDriver - root.p_Edges[57]: set startNodeId = "node_37"
[2026-09-18 10:06:56.169] [INFO ] DataDriver - root.p_Edges[57]: set endNodeId = "node_13"
[2026-09-18 10:06:56.169] [INFO ] DataDriver - root.p_Edges[57]: set bidirectional = false
[2026-09-18 10:06:56.169] [INFO ] DataDriver - root.p_Edges[57]: set type = "STANDARD"
[2026-09-18 10:06:56.169] [INFO ] DataDriver - root.p_Edges[58]: set id = "edge_58"
[2026-09-18 10:06:56.169] [INFO ] DataDriver - root.p_Edges[58]: set startNodeId = "node_0"
[2026-09-18 10:06:56.169] [INFO ] DataDriver - root.p_Edges[58]: set endNodeId = "node_5"
[2026-09-18 10:06:56.169] [INFO ] DataDriver - root.p_Edges[58]: set bidirectional = false
[2026-09-18 10:06:56.169] [INFO ] DataDriver - root.p_Edges[58]: set type = "STANDARD"
[2026-09-18 10:06:56.169] [INFO ] DataDriver - root.p_Edges[59]: set id = "edge_59"
[2026-09-18 10:06:56.169] [INFO ] DataDriver - root.p_Edges[59]: set startNodeId = "node_19"
[2026-09-18 10:06:56.169] [INFO ] DataDriver - root.p_Edges[59]: set endNodeId = "node_4"
[2026-09-18 10:06:56.169] [INFO ] DataDriver - root.p_Edges[59]: set bidirectional = false
[2026-09-18 10:06:56.169] [INFO ] DataDriver - root.p_Edges[59]: set type = "STANDARD"
[2026-09-18 10:06:56.169] [INFO ] DataDriver - root.p_Edges[60]: set id = "edge_60"
[2026-09-18 10:06:56.169] [INFO ] DataDriver - root.p_Edges[60]: set startNodeId = "node_7"
[2026-09-18 10:06:56.169] [INFO ] DataDriver - root.p_Edges[60]: set endNodeId = "node_44"
[2026-09-18 10:06:56.169] [INFO ] DataDriver - root.p_Edges[60]: set bidirectional = false
[2026-09-18 10:06:56.169] [INFO ] DataDriver - root.p_Edges[60]: set type = "STANDARD"
[2026-09-18 10:06:56.169] [INFO ] DataDriver - root.p_Vertices[0]: set id = "vertex_0"
[2026-09-18 10:06:56.169] [INFO ] DataDriver - root.p_Vertices[0]: set edge_id = "edge_0"
[2026-09-18 10:06:56.169] [INFO ] DataDriver - root.p_Vertices[0]: set edge_index = 0
[2026-09-18 10:06:56.169] [INFO ] DataDriver - root.p_Vertices[0]: set x = 2788.355591
[2026-09-18 10:06:56.170] [INFO ] DataDriver - root.p_Vertices[0]: set y = 1015.632278
[2026-09-18 10:06:56.170] [INFO ] DataDriver - root.p_Vertices[0]: set z = 0.0
[2026-09-18 10:06:56.170] [INFO ] DataDriver - root.p_Vertices[1]: set id = "vertex_1"
[2026-09-18 10:06:56.170] [INFO ] DataDriver - root.p_Vertices[1]: set edge_id = "edge_0"
[2026-09-18 10:06:56.170] [INFO ] DataDriver - root.p_Vertices[1]: set edge_index = 1
[2026-09-18 10:06:56.170] [INFO ] DataDriver - root.p_Vertices[1]: set x = 2784.701172
[2026-09-18 10:06:56.170] [INFO ] DataDriver - root.p_Vertices[1]: set y = 1013.600739
[2026-09-18 10:06:56.170] [INFO ] DataDriver - root.p_Vertices[1]: set z = 0.0
[2026-09-18 10:06:56.170] [INFO ] DataDriver - root.p_Vertices[2]: set id = "vertex_2"
[2026-09-18 10:06:56.170] [INFO ] DataDriver - root.p_Vertices[2]: set edge_id = "edge_3"
[2026-09-18 10:06:56.170] [INFO ] DataDriver - root.p_Vertices[2]: set edge_index = 0
[2026-09-18 10:06:56.170] [INFO ] DataDriver - root.p_Vertices[2]: set x = 2165.674561
[2026-09-18 10:06:56.170] [INFO ] DataDriver - root.p_Vertices[2]: set y = 1079.188782
[2026-09-18 10:06:56.170] [INFO ] DataDriver - root.p_Vertices[2]: set z = 1.5E-5
[2026-09-18 10:06:56.170] [INFO ] DataDriver - root.p_Vertices[3]: set id = "vertex_3"
[2026-09-18 10:06:56.170] [INFO ] DataDriver - root.p_Vertices[3]: set edge_id = "edge_3"
[2026-09-18 10:06:56.170] [INFO ] DataDriver - root.p_Vertices[3]: set edge_index = 1
[2026-09-18 10:06:56.170] [INFO ] DataDriver - root.p_Vertices[3]: set x = 2163.631714
[2026-09-18 10:06:56.170] [INFO ] DataDriver - root.p_Vertices[3]: set y = 1081.807556
[2026-09-18 10:06:56.170] [INFO ] DataDriver - root.p_Vertices[3]: set z = 0.0
[2026-09-18 10:06:56.170] [INFO ] DataDriver - root.p_Vertices[4]: set id = "vertex_4"
[2026-09-18 10:06:56.170] [INFO ] DataDriver - root.p_Vertices[4]: set edge_id = "edge_3"
[2026-09-18 10:06:56.170] [INFO ] DataDriver - root.p_Vertices[4]: set edge_index = 2
[2026-09-18 10:06:56.170] [INFO ] DataDriver - root.p_Vertices[4]: set x = 2162.184326
[2026-09-18 10:06:56.170] [INFO ] DataDriver - root.p_Vertices[4]: set y = 1084.127991
[2026-09-18 10:06:56.170] [INFO ] DataDriver - root.p_Vertices[4]: set z = 8.0E-6
[2026-09-18 10:06:56.170] [INFO ] DataDriver - root.p_Vertices[5]: set id = "vertex_5"
[2026-09-18 10:06:56.170] [INFO ] DataDriver - root.p_Vertices[5]: set edge_id = "edge_3"
[2026-09-18 10:06:56.170] [INFO ] DataDriver - root.p_Vertices[5]: set edge_index = 3
[2026-09-18 10:06:56.170] [INFO ] DataDriver - root.p_Vertices[5]: set x = 2160.9858400000003
[2026-09-18 10:06:56.170] [INFO ] DataDriver - root.p_Vertices[5]: set y = 1086.443634
[2026-09-18 10:06:56.170] [INFO ] DataDriver - root.p_Vertices[5]: set z = 1.5E-5
[2026-09-18 10:06:56.170] [INFO ] DataDriver - root.p_Vertices[6]: set id = "vertex_6"
[2026-09-18 10:06:56.170] [INFO ] DataDriver - root.p_Vertices[6]: set edge_id = "edge_3"
[2026-09-18 10:06:56.170] [INFO ] DataDriver - root.p_Vertices[6]: set edge_index = 4
[2026-09-18 10:06:56.170] [INFO ] DataDriver - root.p_Vertices[6]: set x = 2159.1190189999998
[2026-09-18 10:06:56.170] [INFO ] DataDriver - root.p_Vertices[6]: set y = 1091.344116
[2026-09-18 10:06:56.170] [INFO ] DataDriver - root.p_Vertices[6]: set z = 1.5E-5
[2026-09-18 10:06:56.170] [INFO ] DataDriver - root.p_Vertices[7]: set id = "vertex_7"
[2026-09-18 10:06:56.170] [INFO ] DataDriver - root.p_Vertices[7]: set edge_id = "edge_3"
[2026-09-18 10:06:56.170] [INFO ] DataDriver - root.p_Vertices[7]: set edge_index = 5
[2026-09-18 10:06:56.170] [INFO ] DataDriver - root.p_Vertices[7]: set x = 2158.4777830000003
[2026-09-18 10:06:56.170] [INFO ] DataDriver - root.p_Vertices[7]: set y = 1093.914398
[2026-09-18 10:06:56.170] [INFO ] DataDriver - root.p_Vertices[7]: set z = 0.0
[2026-09-18 10:06:56.170] [INFO ] DataDriver - root.p_Vertices[8]: set id = "vertex_8"
[2026-09-18 10:06:56.170] [INFO ] DataDriver - root.p_Vertices[8]: set edge_id = "edge_3"
[2026-09-18 10:06:56.170] [INFO ] DataDriver - root.p_Vertices[8]: set edge_index = 6
[2026-09-18 10:06:56.170] [INFO ] DataDriver - root.p_Vertices[8]: set x = 2158.249268
[2026-09-18 10:06:56.170] [INFO ] DataDriver - root.p_Vertices[8]: set y = 1096.608521
[2026-09-18 10:06:56.170] [INFO ] DataDriver - root.p_Vertices[8]: set z = 1.5E-5
[2026-09-18 10:06:56.170] [INFO ] DataDriver - root.p_Vertices[9]: set id = "vertex_9"
[2026-09-18 10:06:56.170] [INFO ] DataDriver - root.p_Vertices[9]: set edge_id = "edge_3"
[2026-09-18 10:06:56.171] [INFO ] DataDriver - root.p_Vertices[9]: set edge_index = 7
[2026-09-18 10:06:56.171] [INFO ] DataDriver - root.p_Vertices[9]: set x = 2158.580688
[2026-09-18 10:06:56.171] [INFO ] DataDriver - root.p_Vertices[9]: set y = 1099.466949
[2026-09-18 10:06:56.171] [INFO ] DataDriver - root.p_Vertices[9]: set z = 0.0
[2026-09-18 10:06:56.171] [INFO ] DataDriver - root.p_Vertices[10]: set id = "vertex_10"
[2026-09-18 10:06:56.171] [INFO ] DataDriver - root.p_Vertices[10]: set edge_id = "edge_3"
[2026-09-18 10:06:56.171] [INFO ] DataDriver - root.p_Vertices[10]: set edge_index = 8
[2026-09-18 10:06:56.171] [INFO ] DataDriver - root.p_Vertices[10]: set x = 2159.328735
[2026-09-18 10:06:56.171] [INFO ] DataDriver - root.p_Vertices[10]: set y = 1102.452759
[2026-09-18 10:06:56.171] [INFO ] DataDriver - root.p_Vertices[10]: set z = -8.0E-6
[2026-09-18 10:06:56.171] [INFO ] DataDriver - root.p_Vertices[11]: set id = "vertex_11"
[2026-09-18 10:06:56.171] [INFO ] DataDriver - root.p_Vertices[11]: set edge_id = "edge_3"
[2026-09-18 10:06:56.171] [INFO ] DataDriver - root.p_Vertices[11]: set edge_index = 9
[2026-09-18 10:06:56.171] [INFO ] DataDriver - root.p_Vertices[11]: set x = 2161.461792
[2026-09-18 10:06:56.171] [INFO ] DataDriver - root.p_Vertices[11]: set y = 1108.739349
[2026-09-18 10:06:56.171] [INFO ] DataDriver - root.p_Vertices[11]: set z = 0.0
[2026-09-18 10:06:56.171] [INFO ] DataDriver - root.p_Vertices[12]: set id = "vertex_12"
[2026-09-18 10:06:56.171] [INFO ] DataDriver - root.p_Vertices[12]: set edge_id = "edge_3"
[2026-09-18 10:06:56.171] [INFO ] DataDriver - root.p_Vertices[12]: set edge_index = 10
[2026-09-18 10:06:56.171] [INFO ] DataDriver - root.p_Vertices[12]: set x = 2165.9797360000002
[2026-09-18 10:06:56.171] [INFO ] DataDriver - root.p_Vertices[12]: set y = 1118.870972
[2026-09-18 10:06:56.171] [INFO ] DataDriver - root.p_Vertices[12]: set z = 1.5E-5
[2026-09-18 10:06:56.171] [INFO ] DataDriver - root.p_Vertices[13]: set id = "vertex_13"
[2026-09-18 10:06:56.171] [INFO ] DataDriver - root.p_Vertices[13]: set edge_id = "edge_3"
[2026-09-18 10:06:56.171] [INFO ] DataDriver - root.p_Vertices[13]: set edge_index = 11
[2026-09-18 10:06:56.171] [INFO ] DataDriver - root.p_Vertices[13]: set x = 2167.743286
[2026-09-18 10:06:56.171] [INFO ] DataDriver - root.p_Vertices[13]: set y = 1121.836792
[2026-09-18 10:06:56.171] [INFO ] DataDriver - root.p_Vertices[13]: set z = 1.5E-5
[2026-09-18 10:06:56.171] [INFO ] DataDriver - root.p_Vertices[14]: set id = "vertex_14"
[2026-09-18 10:06:56.171] [INFO ] DataDriver - root.p_Vertices[14]: set edge_id = "edge_3"
[2026-09-18 10:06:56.171] [INFO ] DataDriver - root.p_Vertices[14]: set edge_index = 12
[2026-09-18 10:06:56.171] [INFO ] DataDriver - root.p_Vertices[14]: set x = 2169.6759030000003
[2026-09-18 10:06:56.171] [INFO ] DataDriver - root.p_Vertices[14]: set y = 1124.28009
[2026-09-18 10:06:56.171] [INFO ] DataDriver - root.p_Vertices[14]: set z = 0.0
[2026-09-18 10:06:56.171] [INFO ] DataDriver - root.p_Vertices[15]: set id = "vertex_15"
[2026-09-18 10:06:56.171] [INFO ] DataDriver - root.p_Vertices[15]: set edge_id = "edge_3"
[2026-09-18 10:06:56.171] [INFO ] DataDriver - root.p_Vertices[15]: set edge_index = 13
[2026-09-18 10:06:56.171] [INFO ] DataDriver - root.p_Vertices[15]: set x = 2171.7515869999997
[2026-09-18 10:06:56.171] [INFO ] DataDriver - root.p_Vertices[15]: set y = 1126.327271
[2026-09-18 10:06:56.171] [INFO ] DataDriver - root.p_Vertices[15]: set z = 0.0
[2026-09-18 10:06:56.171] [INFO ] DataDriver - root.p_Vertices[16]: set id = "vertex_16"
[2026-09-18 10:06:56.171] [INFO ] DataDriver - root.p_Vertices[16]: set edge_id = "edge_3"
[2026-09-18 10:06:56.171] [INFO ] DataDriver - root.p_Vertices[16]: set edge_index = 14
[2026-09-18 10:06:56.171] [INFO ] DataDriver - root.p_Vertices[16]: set x = 2173.979614
[2026-09-18 10:06:56.171] [INFO ] DataDriver - root.p_Vertices[16]: set y = 1128.135284
[2026-09-18 10:06:56.171] [INFO ] DataDriver - root.p_Vertices[16]: set z = -8.0E-6
[2026-09-18 10:06:56.171] [INFO ] DataDriver - root.p_Vertices[17]: set id = "vertex_17"
[2026-09-18 10:06:56.171] [INFO ] DataDriver - root.p_Vertices[17]: set edge_id = "edge_3"
[2026-09-18 10:06:56.171] [INFO ] DataDriver - root.p_Vertices[17]: set edge_index = 15
[2026-09-18 10:06:56.171] [INFO ] DataDriver - root.p_Vertices[17]: set x = 2176.475098
[2026-09-18 10:06:56.171] [INFO ] DataDriver - root.p_Vertices[17]: set y = 1129.696228
[2026-09-18 10:06:56.171] [INFO ] DataDriver - root.p_Vertices[17]: set z = -1.5E-5
[2026-09-18 10:06:56.171] [INFO ] DataDriver - root.p_Vertices[18]: set id = "vertex_18"
[2026-09-18 10:06:56.171] [INFO ] DataDriver - root.p_Vertices[18]: set edge_id = "edge_3"
[2026-09-18 10:06:56.172] [INFO ] DataDriver - root.p_Vertices[18]: set edge_index = 16
[2026-09-18 10:06:56.172] [INFO ] DataDriver - root.p_Vertices[18]: set x = 2179.337646
[2026-09-18 10:06:56.172] [INFO ] DataDriver - root.p_Vertices[18]: set y = 1130.958069
[2026-09-18 10:06:56.172] [INFO ] DataDriver - root.p_Vertices[18]: set z = 0.0
[2026-09-18 10:06:56.172] [INFO ] DataDriver - root.p_Vertices[19]: set id = "vertex_19"
[2026-09-18 10:06:56.172] [INFO ] DataDriver - root.p_Vertices[19]: set edge_id = "edge_3"
[2026-09-18 10:06:56.172] [INFO ] DataDriver - root.p_Vertices[19]: set edge_index = 17
[2026-09-18 10:06:56.172] [INFO ] DataDriver - root.p_Vertices[19]: set x = 2182.525146
[2026-09-18 10:06:56.172] [INFO ] DataDriver - root.p_Vertices[19]: set y = 1131.985718
[2026-09-18 10:06:56.172] [INFO ] DataDriver - root.p_Vertices[19]: set z = 1.5E-5
[2026-09-18 10:06:56.172] [INFO ] DataDriver - root.p_Vertices[20]: set id = "vertex_20"
[2026-09-18 10:06:56.172] [INFO ] DataDriver - root.p_Vertices[20]: set edge_id = "edge_3"
[2026-09-18 10:06:56.172] [INFO ] DataDriver - root.p_Vertices[20]: set edge_index = 18
[2026-09-18 10:06:56.172] [INFO ] DataDriver - root.p_Vertices[20]: set x = 2186.096191
[2026-09-18 10:06:56.172] [INFO ] DataDriver - root.p_Vertices[20]: set y = 1132.823456
[2026-09-18 10:06:56.172] [INFO ] DataDriver - root.p_Vertices[20]: set z = -8.0E-6
[2026-09-18 10:06:56.172] [INFO ] DataDriver - root.p_Vertices[21]: set id = "vertex_21"
[2026-09-18 10:06:56.172] [INFO ] DataDriver - root.p_Vertices[21]: set edge_id = "edge_3"
[2026-09-18 10:06:56.172] [INFO ] DataDriver - root.p_Vertices[21]: set edge_index = 19
[2026-09-18 10:06:56.172] [INFO ] DataDriver - root.p_Vertices[21]: set x = 2190.374146
[2026-09-18 10:06:56.172] [INFO ] DataDriver - root.p_Vertices[21]: set y = 1133.382294
[2026-09-18 10:06:56.172] [INFO ] DataDriver - root.p_Vertices[21]: set z = 0.0
[2026-09-18 10:06:56.172] [INFO ] DataDriver - root.p_Vertices[22]: set id = "vertex_22"
[2026-09-18 10:06:56.172] [INFO ] DataDriver - root.p_Vertices[22]: set edge_id = "edge_3"
[2026-09-18 10:06:56.172] [INFO ] DataDriver - root.p_Vertices[22]: set edge_index = 20
[2026-09-18 10:06:56.172] [INFO ] DataDriver - root.p_Vertices[22]: set x = 2195.606445
[2026-09-18 10:06:56.172] [INFO ] DataDriver - root.p_Vertices[22]: set y = 1133.5738529999999
[2026-09-18 10:06:56.172] [INFO ] DataDriver - root.p_Vertices[22]: set z = 0.0
[2026-09-18 10:06:56.172] [INFO ] DataDriver - root.p_Vertices[23]: set id = "vertex_23"
[2026-09-18 10:06:56.172] [INFO ] DataDriver - root.p_Vertices[23]: set edge_id = "edge_3"
[2026-09-18 10:06:56.172] [INFO ] DataDriver - root.p_Vertices[23]: set edge_index = 21
[2026-09-18 10:06:56.172] [INFO ] DataDriver - root.p_Vertices[23]: set x = 2207.8961179999997
[2026-09-18 10:06:56.172] [INFO ] DataDriver - root.p_Vertices[23]: set y = 1133.151855
[2026-09-18 10:06:56.172] [INFO ] DataDriver - root.p_Vertices[23]: set z = 0.0
[2026-09-18 10:06:56.172] [INFO ] DataDriver - root.p_Vertices[24]: set id = "vertex_24"
[2026-09-18 10:06:56.172] [INFO ] DataDriver - root.p_Vertices[24]: set edge_id = "edge_3"
[2026-09-18 10:06:56.172] [INFO ] DataDriver - root.p_Vertices[24]: set edge_index = 22
[2026-09-18 10:06:56.172] [INFO ] DataDriver - root.p_Vertices[24]: set x = 2221.685181
[2026-09-18 10:06:56.172] [INFO ] DataDriver - root.p_Vertices[24]: set y = 1131.487183
[2026-09-18 10:06:56.172] [INFO ] DataDriver - root.p_Vertices[24]: set z = 8.0E-6
[2026-09-18 10:06:56.172] [INFO ] DataDriver - root.p_Vertices[25]: set id = "vertex_25"
[2026-09-18 10:06:56.172] [INFO ] DataDriver - root.p_Vertices[25]: set edge_id = "edge_3"
[2026-09-18 10:06:56.172] [INFO ] DataDriver - root.p_Vertices[25]: set edge_index = 23
[2026-09-18 10:06:56.172] [INFO ] DataDriver - root.p_Vertices[25]: set x = 2242.831055
[2026-09-18 10:06:56.172] [INFO ] DataDriver - root.p_Vertices[25]: set y = 1127.118134
[2026-09-18 10:06:56.172] [INFO ] DataDriver - root.p_Vertices[25]: set z = -8.0E-6
[2026-09-18 10:06:56.172] [INFO ] DataDriver - root.p_Vertices[26]: set id = "vertex_26"
[2026-09-18 10:06:56.172] [INFO ] DataDriver - root.p_Vertices[26]: set edge_id = "edge_3"
[2026-09-18 10:06:56.172] [INFO ] DataDriver - root.p_Vertices[26]: set edge_index = 24
[2026-09-18 10:06:56.172] [INFO ] DataDriver - root.p_Vertices[26]: set x = 2254.058594
[2026-09-18 10:06:56.172] [INFO ] DataDriver - root.p_Vertices[26]: set y = 1123.553009
[2026-09-18 10:06:56.172] [INFO ] DataDriver - root.p_Vertices[26]: set z = 0.0
[2026-09-18 10:06:56.172] [INFO ] DataDriver - root.p_Vertices[27]: set id = "vertex_27"
[2026-09-18 10:06:56.172] [INFO ] DataDriver - root.p_Vertices[27]: set edge_id = "edge_3"
[2026-09-18 10:06:56.172] [INFO ] DataDriver - root.p_Vertices[27]: set edge_index = 25
[2026-09-18 10:06:56.172] [INFO ] DataDriver - root.p_Vertices[27]: set x = 2258.6440430000002
[2026-09-18 10:06:56.172] [INFO ] DataDriver - root.p_Vertices[27]: set y = 1122.023315
[2026-09-18 10:06:56.172] [INFO ] DataDriver - root.p_Vertices[27]: set z = 0.0
[2026-09-18 10:06:56.172] [INFO ] DataDriver - root.p_Vertices[28]: set id = "vertex_28"
[2026-09-18 10:06:56.173] [INFO ] DataDriver - root.p_Vertices[28]: set edge_id = "edge_4"
[2026-09-18 10:06:56.173] [INFO ] DataDriver - root.p_Vertices[28]: set edge_index = 0
[2026-09-18 10:06:56.173] [INFO ] DataDriver - root.p_Vertices[28]: set x = 2139.397827
[2026-09-18 10:06:56.173] [INFO ] DataDriver - root.p_Vertices[28]: set y = 1119.132446
[2026-09-18 10:06:56.173] [INFO ] DataDriver - root.p_Vertices[28]: set z = 0.0
[2026-09-18 10:06:56.173] [INFO ] DataDriver - root.p_Vertices[29]: set id = "vertex_29"
[2026-09-18 10:06:56.173] [INFO ] DataDriver - root.p_Vertices[29]: set edge_id = "edge_4"
[2026-09-18 10:06:56.173] [INFO ] DataDriver - root.p_Vertices[29]: set edge_index = 1
[2026-09-18 10:06:56.173] [INFO ] DataDriver - root.p_Vertices[29]: set x = 2137.641968
[2026-09-18 10:06:56.173] [INFO ] DataDriver - root.p_Vertices[29]: set y = 1113.486298
[2026-09-18 10:06:56.173] [INFO ] DataDriver - root.p_Vertices[29]: set z = 0.0
[2026-09-18 10:06:56.173] [INFO ] DataDriver - root.p_Vertices[30]: set id = "vertex_30"
[2026-09-18 10:06:56.173] [INFO ] DataDriver - root.p_Vertices[30]: set edge_id = "edge_4"
[2026-09-18 10:06:56.173] [INFO ] DataDriver - root.p_Vertices[30]: set edge_index = 2
[2026-09-18 10:06:56.173] [INFO ] DataDriver - root.p_Vertices[30]: set x = 2135.8134769999997
[2026-09-18 10:06:56.173] [INFO ] DataDriver - root.p_Vertices[30]: set y = 1103.851868
[2026-09-18 10:06:56.173] [INFO ] DataDriver - root.p_Vertices[30]: set z = 8.0E-6
[2026-09-18 10:06:56.173] [INFO ] DataDriver - root.p_Vertices[31]: set id = "vertex_31"
[2026-09-18 10:06:56.173] [INFO ] DataDriver - root.p_Vertices[31]: set edge_id = "edge_4"
[2026-09-18 10:06:56.173] [INFO ] DataDriver - root.p_Vertices[31]: set edge_index = 3
[2026-09-18 10:06:56.173] [INFO ] DataDriver - root.p_Vertices[31]: set x = 2135.552979
[2026-09-18 10:06:56.173] [INFO ] DataDriver - root.p_Vertices[31]: set y = 1099.843506
[2026-09-18 10:06:56.173] [INFO ] DataDriver - root.p_Vertices[31]: set z = 0.0
[2026-09-18 10:06:56.173] [INFO ] DataDriver - root.p_Vertices[32]: set id = "vertex_32"
[2026-09-18 10:06:56.173] [INFO ] DataDriver - root.p_Vertices[32]: set edge_id = "edge_4"
[2026-09-18 10:06:56.173] [INFO ] DataDriver - root.p_Vertices[32]: set edge_index = 4
[2026-09-18 10:06:56.173] [INFO ] DataDriver - root.p_Vertices[32]: set x = 2135.832031
[2026-09-18 10:06:56.173] [INFO ] DataDriver - root.p_Vertices[32]: set y = 1096.587097
[2026-09-18 10:06:56.173] [INFO ] DataDriver - root.p_Vertices[32]: set z = 8.0E-6
[2026-09-18 10:06:56.173] [INFO ] DataDriver - root.p_Vertices[33]: set id = "vertex_33"
[2026-09-18 10:06:56.173] [INFO ] DataDriver - root.p_Vertices[33]: set edge_id = "edge_4"
[2026-09-18 10:06:56.173] [INFO ] DataDriver - root.p_Vertices[33]: set edge_index = 5
[2026-09-18 10:06:56.173] [INFO ] DataDriver - root.p_Vertices[33]: set x = 2136.503174
[2026-09-18 10:06:56.173] [INFO ] DataDriver - root.p_Vertices[33]: set y = 1093.866333
[2026-09-18 10:06:56.173] [INFO ] DataDriver - root.p_Vertices[33]: set z = -8.0E-6
[2026-09-18 10:06:56.173] [INFO ] DataDriver - root.p_Vertices[34]: set id = "vertex_34"
[2026-09-18 10:06:56.173] [INFO ] DataDriver - root.p_Vertices[34]: set edge_id = "edge_5"
[2026-09-18 10:06:56.173] [INFO ] DataDriver - root.p_Vertices[34]: set edge_index = 36
[2026-09-18 10:06:56.173] [INFO ] DataDriver - root.p_Vertices[34]: set x = 2195.103638
[2026-09-18 10:06:56.173] [INFO ] DataDriver - root.p_Vertices[34]: set y = 1052.272369
[2026-09-18 10:06:56.173] [INFO ] DataDriver - root.p_Vertices[34]: set z = 0.0
[2026-09-18 10:06:56.173] [INFO ] DataDriver - root.p_Vertices[35]: set id = "vertex_35"
[2026-09-18 10:06:56.173] [INFO ] DataDriver - root.p_Vertices[35]: set edge_id = "edge_5"
[2026-09-18 10:06:56.173] [INFO ] DataDriver - root.p_Vertices[35]: set edge_index = 35
[2026-09-18 10:06:56.173] [INFO ] DataDriver - root.p_Vertices[35]: set x = 2243.414185
[2026-09-18 10:06:56.173] [INFO ] DataDriver - root.p_Vertices[35]: set y = 1004.381805
[2026-09-18 10:06:56.173] [INFO ] DataDriver - root.p_Vertices[35]: set z = 0.0
[2026-09-18 10:06:56.173] [INFO ] DataDriver - root.p_Vertices[36]: set id = "vertex_36"
[2026-09-18 10:06:56.173] [INFO ] DataDriver - root.p_Vertices[36]: set edge_id = "edge_5"
[2026-09-18 10:06:56.173] [INFO ] DataDriver - root.p_Vertices[36]: set edge_index = 34
[2026-09-18 10:06:56.173] [INFO ] DataDriver - root.p_Vertices[36]: set x = 2249.190796
[2026-09-18 10:06:56.173] [INFO ] DataDriver - root.p_Vertices[36]: set y = 996.571533
[2026-09-18 10:06:56.173] [INFO ] DataDriver - root.p_Vertices[36]: set z = 2.3E-5
[2026-09-18 10:06:56.173] [INFO ] DataDriver - root.p_Vertices[37]: set id = "vertex_37"
[2026-09-18 10:06:56.173] [INFO ] DataDriver - root.p_Vertices[37]: set edge_id = "edge_5"
[2026-09-18 10:06:56.173] [INFO ] DataDriver - root.p_Vertices[37]: set edge_index = 33
[2026-09-18 10:06:56.173] [INFO ] DataDriver - root.p_Vertices[37]: set x = 2254.126953
[2026-09-18 10:06:56.173] [INFO ] DataDriver - root.p_Vertices[37]: set y = 988.347351
[2026-09-18 10:06:56.173] [INFO ] DataDriver - root.p_Vertices[37]: set z = 1.5E-5
[2026-09-18 10:06:56.173] [INFO ] DataDriver - root.p_Vertices[38]: set id = "vertex_38"
[2026-09-18 10:06:56.173] [INFO ] DataDriver - root.p_Vertices[38]: set edge_id = "edge_5"
[2026-09-18 10:06:56.173] [INFO ] DataDriver - root.p_Vertices[38]: set edge_index = 32
[2026-09-18 10:06:56.174] [INFO ] DataDriver - root.p_Vertices[38]: set x = 2265.828247
[2026-09-18 10:06:56.174] [INFO ] DataDriver - root.p_Vertices[38]: set y = 963.011536
[2026-09-18 10:06:56.174] [INFO ] DataDriver - root.p_Vertices[38]: set z = 0.0
[2026-09-18 10:06:56.174] [INFO ] DataDriver - root.p_Vertices[39]: set id = "vertex_39"
[2026-09-18 10:06:56.174] [INFO ] DataDriver - root.p_Vertices[39]: set edge_id = "edge_5"
[2026-09-18 10:06:56.174] [INFO ] DataDriver - root.p_Vertices[39]: set edge_index = 31
[2026-09-18 10:06:56.174] [INFO ] DataDriver - root.p_Vertices[39]: set x = 2284.042114
[2026-09-18 10:06:56.174] [INFO ] DataDriver - root.p_Vertices[39]: set y = 911.017593
[2026-09-18 10:06:56.174] [INFO ] DataDriver - root.p_Vertices[39]: set z = -1.5E-5
[2026-09-18 10:06:56.174] [INFO ] DataDriver - root.p_Vertices[40]: set id = "vertex_40"
[2026-09-18 10:06:56.174] [INFO ] DataDriver - root.p_Vertices[40]: set edge_id = "edge_5"
[2026-09-18 10:06:56.174] [INFO ] DataDriver - root.p_Vertices[40]: set edge_index = 30
[2026-09-18 10:06:56.174] [INFO ] DataDriver - root.p_Vertices[40]: set x = 2290.026855
[2026-09-18 10:06:56.174] [INFO ] DataDriver - root.p_Vertices[40]: set y = 898.643982
[2026-09-18 10:06:56.174] [INFO ] DataDriver - root.p_Vertices[40]: set z = 1.5E-5
[2026-09-18 10:06:56.174] [INFO ] DataDriver - root.p_Vertices[41]: set id = "vertex_41"
[2026-09-18 10:06:56.174] [INFO ] DataDriver - root.p_Vertices[41]: set edge_id = "edge_5"
[2026-09-18 10:06:56.174] [INFO ] DataDriver - root.p_Vertices[41]: set edge_index = 29
[2026-09-18 10:06:56.174] [INFO ] DataDriver - root.p_Vertices[41]: set x = 2296.6209719999997
[2026-09-18 10:06:56.174] [INFO ] DataDriver - root.p_Vertices[41]: set y = 888.438004
[2026-09-18 10:06:56.174] [INFO ] DataDriver - root.p_Vertices[41]: set z = 8.0E-6
[2026-09-18 10:06:56.174] [INFO ] DataDriver - root.p_Vertices[42]: set id = "vertex_42"
[2026-09-18 10:06:56.174] [INFO ] DataDriver - root.p_Vertices[42]: set edge_id = "edge_5"
[2026-09-18 10:06:56.174] [INFO ] DataDriver - root.p_Vertices[42]: set edge_index = 28
[2026-09-18 10:06:56.174] [INFO ] DataDriver - root.p_Vertices[42]: set x = 2299.781372
[2026-09-18 10:06:56.174] [INFO ] DataDriver - root.p_Vertices[42]: set y = 884.342735
[2026-09-18 10:06:56.174] [INFO ] DataDriver - root.p_Vertices[42]: set z = -8.0E-6
[2026-09-18 10:06:56.174] [INFO ] DataDriver - root.p_Vertices[43]: set id = "vertex_43"
[2026-09-18 10:06:56.174] [INFO ] DataDriver - root.p_Vertices[43]: set edge_id = "edge_5"
[2026-09-18 10:06:56.174] [INFO ] DataDriver - root.p_Vertices[43]: set edge_index = 27
[2026-09-18 10:06:56.174] [INFO ] DataDriver - root.p_Vertices[43]: set x = 2302.6989750000002
[2026-09-18 10:06:56.174] [INFO ] DataDriver - root.p_Vertices[43]: set y = 881.280396
[2026-09-18 10:06:56.174] [INFO ] DataDriver - root.p_Vertices[43]: set z = 0.0
[2026-09-18 10:06:56.174] [INFO ] DataDriver - root.p_Vertices[44]: set id = "vertex_44"
[2026-09-18 10:06:56.174] [INFO ] DataDriver - root.p_Vertices[44]: set edge_id = "edge_5"
[2026-09-18 10:06:56.174] [INFO ] DataDriver - root.p_Vertices[44]: set edge_index = 26
[2026-09-18 10:06:56.174] [INFO ] DataDriver - root.p_Vertices[44]: set x = 2305.468384
[2026-09-18 10:06:56.174] [INFO ] DataDriver - root.p_Vertices[44]: set y = 878.95787
[2026-09-18 10:06:56.174] [INFO ] DataDriver - root.p_Vertices[44]: set z = 0.0
[2026-09-18 10:06:56.174] [INFO ] DataDriver - root.p_Vertices[45]: set id = "vertex_45"
[2026-09-18 10:06:56.174] [INFO ] DataDriver - root.p_Vertices[45]: set edge_id = "edge_5"
[2026-09-18 10:06:56.174] [INFO ] DataDriver - root.p_Vertices[45]: set edge_index = 25
[2026-09-18 10:06:56.174] [INFO ] DataDriver - root.p_Vertices[45]: set x = 2311.3529049999997
[2026-09-18 10:06:56.174] [INFO ] DataDriver - root.p_Vertices[45]: set y = 875.064957
[2026-09-18 10:06:56.174] [INFO ] DataDriver - root.p_Vertices[45]: set z = 8.0E-6
[2026-09-18 10:06:56.174] [INFO ] DataDriver - root.p_Vertices[46]: set id = "vertex_46"
[2026-09-18 10:06:56.174] [INFO ] DataDriver - root.p_Vertices[46]: set edge_id = "edge_5"
[2026-09-18 10:06:56.174] [INFO ] DataDriver - root.p_Vertices[46]: set edge_index = 24
[2026-09-18 10:06:56.174] [INFO ] DataDriver - root.p_Vertices[46]: set x = 2326.335938
[2026-09-18 10:06:56.174] [INFO ] DataDriver - root.p_Vertices[46]: set y = 868.21228
[2026-09-18 10:06:56.174] [INFO ] DataDriver - root.p_Vertices[46]: set z = 0.0
[2026-09-18 10:06:56.174] [INFO ] DataDriver - root.p_Vertices[47]: set id = "vertex_47"
[2026-09-18 10:06:56.174] [INFO ] DataDriver - root.p_Vertices[47]: set edge_id = "edge_5"
[2026-09-18 10:06:56.174] [INFO ] DataDriver - root.p_Vertices[47]: set edge_index = 23
[2026-09-18 10:06:56.174] [INFO ] DataDriver - root.p_Vertices[47]: set x = 2349.412109
[2026-09-18 10:06:56.174] [INFO ] DataDriver - root.p_Vertices[47]: set y = 860.983475
[2026-09-18 10:06:56.174] [INFO ] DataDriver - root.p_Vertices[47]: set z = 8.0E-6
[2026-09-18 10:06:56.174] [INFO ] DataDriver - root.p_Vertices[48]: set id = "vertex_48"
[2026-09-18 10:06:56.174] [INFO ] DataDriver - root.p_Vertices[48]: set edge_id = "edge_5"
[2026-09-18 10:06:56.174] [INFO ] DataDriver - root.p_Vertices[48]: set edge_index = 22
[2026-09-18 10:06:56.174] [INFO ] DataDriver - root.p_Vertices[48]: set x = 2393.161255
[2026-09-18 10:06:56.175] [INFO ] DataDriver - root.p_Vertices[48]: set y = 853.529556
[2026-09-18 10:06:56.175] [INFO ] DataDriver - root.p_Vertices[48]: set z = 1.5E-5
[2026-09-18 10:06:56.175] [INFO ] DataDriver - root.p_Vertices[49]: set id = "vertex_49"
[2026-09-18 10:06:56.175] [INFO ] DataDriver - root.p_Vertices[49]: set edge_id = "edge_5"
[2026-09-18 10:06:56.175] [INFO ] DataDriver - root.p_Vertices[49]: set edge_index = 21
[2026-09-18 10:06:56.175] [INFO ] DataDriver - root.p_Vertices[49]: set x = 2410.268921
[2026-09-18 10:06:56.175] [INFO ] DataDriver - root.p_Vertices[49]: set y = 852.334686
[2026-09-18 10:06:56.175] [INFO ] DataDriver - root.p_Vertices[49]: set z = 0.0
[2026-09-18 10:06:56.175] [INFO ] DataDriver - root.p_Vertices[50]: set id = "vertex_50"
[2026-09-18 10:06:56.175] [INFO ] DataDriver - root.p_Vertices[50]: set edge_id = "edge_5"
[2026-09-18 10:06:56.175] [INFO ] DataDriver - root.p_Vertices[50]: set edge_index = 20
[2026-09-18 10:06:56.175] [INFO ] DataDriver - root.p_Vertices[50]: set x = 2426.975464
[2026-09-18 10:06:56.175] [INFO ] DataDriver - root.p_Vertices[50]: set y = 852.597946
[2026-09-18 10:06:56.175] [INFO ] DataDriver - root.p_Vertices[50]: set z = 0.0
[2026-09-18 10:06:56.175] [INFO ] DataDriver - root.p_Vertices[51]: set id = "vertex_51"
[2026-09-18 10:06:56.175] [INFO ] DataDriver - root.p_Vertices[51]: set edge_id = "edge_5"
[2026-09-18 10:06:56.175] [INFO ] DataDriver - root.p_Vertices[51]: set edge_index = 19
[2026-09-18 10:06:56.175] [INFO ] DataDriver - root.p_Vertices[51]: set x = 2464.064331
[2026-09-18 10:06:56.175] [INFO ] DataDriver - root.p_Vertices[51]: set y = 855.760513
[2026-09-18 10:06:56.175] [INFO ] DataDriver - root.p_Vertices[51]: set z = 0.0
[2026-09-18 10:06:56.175] [INFO ] DataDriver - root.p_Vertices[52]: set id = "vertex_52"
[2026-09-18 10:06:56.175] [INFO ] DataDriver - root.p_Vertices[52]: set edge_id = "edge_5"
[2026-09-18 10:06:56.175] [INFO ] DataDriver - root.p_Vertices[52]: set edge_index = 18
[2026-09-18 10:06:56.175] [INFO ] DataDriver - root.p_Vertices[52]: set x = 2483.9329829999997
[2026-09-18 10:06:56.175] [INFO ] DataDriver - root.p_Vertices[52]: set y = 858.394501
[2026-09-18 10:06:56.175] [INFO ] DataDriver - root.p_Vertices[52]: set z = 0.0
[2026-09-18 10:06:56.175] [INFO ] DataDriver - root.p_Vertices[53]: set id = "vertex_53"
[2026-09-18 10:06:56.175] [INFO ] DataDriver - root.p_Vertices[53]: set edge_id = "edge_5"
[2026-09-18 10:06:56.175] [INFO ] DataDriver - root.p_Vertices[53]: set edge_index = 17
[2026-09-18 10:06:56.175] [INFO ] DataDriver - root.p_Vertices[53]: set x = 2512.6971439999998
[2026-09-18 10:06:56.175] [INFO ] DataDriver - root.p_Vertices[53]: set y = 863.031693
[2026-09-18 10:06:56.175] [INFO ] DataDriver - root.p_Vertices[53]: set z = 1.5E-5
[2026-09-18 10:06:56.175] [INFO ] DataDriver - root.p_Vertices[54]: set id = "vertex_54"
[2026-09-18 10:06:56.175] [INFO ] DataDriver - root.p_Vertices[54]: set edge_id = "edge_5"
[2026-09-18 10:06:56.175] [INFO ] DataDriver - root.p_Vertices[54]: set edge_index = 16
[2026-09-18 10:06:56.175] [INFO ] DataDriver - root.p_Vertices[54]: set x = 2533.0272219999997
[2026-09-18 10:06:56.175] [INFO ] DataDriver - root.p_Vertices[54]: set y = 868.081924
[2026-09-18 10:06:56.175] [INFO ] DataDriver - root.p_Vertices[54]: set z = 1.5E-5
[2026-09-18 10:06:56.175] [INFO ] DataDriver - root.p_Vertices[55]: set id = "vertex_55"
[2026-09-18 10:06:56.175] [INFO ] DataDriver - root.p_Vertices[55]: set edge_id = "edge_5"
[2026-09-18 10:06:56.175] [INFO ] DataDriver - root.p_Vertices[55]: set edge_index = 15
[2026-09-18 10:06:56.175] [INFO ] DataDriver - root.p_Vertices[55]: set x = 2538.556274
[2026-09-18 10:06:56.175] [INFO ] DataDriver - root.p_Vertices[55]: set y = 870.151688
[2026-09-18 10:06:56.175] [INFO ] DataDriver - root.p_Vertices[55]: set z = 1.5E-5
[2026-09-18 10:06:56.175] [INFO ] DataDriver - root.p_Vertices[56]: set id = "vertex_56"
[2026-09-18 10:06:56.175] [INFO ] DataDriver - root.p_Vertices[56]: set edge_id = "edge_5"
[2026-09-18 10:06:56.175] [INFO ] DataDriver - root.p_Vertices[56]: set edge_index = 14
[2026-09-18 10:06:56.175] [INFO ] DataDriver - root.p_Vertices[56]: set x = 2543.46936
[2026-09-18 10:06:56.175] [INFO ] DataDriver - root.p_Vertices[56]: set y = 872.601151
[2026-09-18 10:06:56.175] [INFO ] DataDriver - root.p_Vertices[56]: set z = 1.5E-5
[2026-09-18 10:06:56.175] [INFO ] DataDriver - root.p_Vertices[57]: set id = "vertex_57"
[2026-09-18 10:06:56.175] [INFO ] DataDriver - root.p_Vertices[57]: set edge_id = "edge_5"
[2026-09-18 10:06:56.175] [INFO ] DataDriver - root.p_Vertices[57]: set edge_index = 13
[2026-09-18 10:06:56.175] [INFO ] DataDriver - root.p_Vertices[57]: set x = 2552.458252
[2026-09-18 10:06:56.175] [INFO ] DataDriver - root.p_Vertices[57]: set y = 878.4315799999999
[2026-09-18 10:06:56.175] [INFO ] DataDriver - root.p_Vertices[57]: set z = 0.0
[2026-09-18 10:06:56.175] [INFO ] DataDriver - root.p_Vertices[58]: set id = "vertex_58"
[2026-09-18 10:06:56.175] [INFO ] DataDriver - root.p_Vertices[58]: set edge_id = "edge_5"
[2026-09-18 10:06:56.175] [INFO ] DataDriver - root.p_Vertices[58]: set edge_index = 12
[2026-09-18 10:06:56.175] [INFO ] DataDriver - root.p_Vertices[58]: set x = 2562.466919
[2026-09-18 10:06:56.175] [INFO ] DataDriver - root.p_Vertices[58]: set y = 886.24881
[2026-09-18 10:06:56.175] [INFO ] DataDriver - root.p_Vertices[58]: set z = 0.0
[2026-09-18 10:06:56.176] [INFO ] DataDriver - root.p_Vertices[59]: set id = "vertex_59"
[2026-09-18 10:06:56.176] [INFO ] DataDriver - root.p_Vertices[59]: set edge_id = "edge_5"
[2026-09-18 10:06:56.176] [INFO ] DataDriver - root.p_Vertices[59]: set edge_index = 11
[2026-09-18 10:06:56.176] [INFO ] DataDriver - root.p_Vertices[59]: set x = 2614.5302730000003
[2026-09-18 10:06:56.176] [INFO ] DataDriver - root.p_Vertices[59]: set y = 935.757751
[2026-09-18 10:06:56.176] [INFO ] DataDriver - root.p_Vertices[59]: set z = 0.0
[2026-09-18 10:06:56.176] [INFO ] DataDriver - root.p_Vertices[60]: set id = "vertex_60"
[2026-09-18 10:06:56.176] [INFO ] DataDriver - root.p_Vertices[60]: set edge_id = "edge_5"
[2026-09-18 10:06:56.176] [INFO ] DataDriver - root.p_Vertices[60]: set edge_index = 10
[2026-09-18 10:06:56.176] [INFO ] DataDriver - root.p_Vertices[60]: set x = 2646.748901
[2026-09-18 10:06:56.176] [INFO ] DataDriver - root.p_Vertices[60]: set y = 972.080719
[2026-09-18 10:06:56.176] [INFO ] DataDriver - root.p_Vertices[60]: set z = 0.0
[2026-09-18 10:06:56.176] [INFO ] DataDriver - root.p_Vertices[61]: set id = "vertex_61"
[2026-09-18 10:06:56.176] [INFO ] DataDriver - root.p_Vertices[61]: set edge_id = "edge_5"
[2026-09-18 10:06:56.176] [INFO ] DataDriver - root.p_Vertices[61]: set edge_index = 9
[2026-09-18 10:06:56.176] [INFO ] DataDriver - root.p_Vertices[61]: set x = 2654.630249
[2026-09-18 10:06:56.176] [INFO ] DataDriver - root.p_Vertices[61]: set y = 979.26152
[2026-09-18 10:06:56.176] [INFO ] DataDriver - root.p_Vertices[61]: set z = 1.5E-5
[2026-09-18 10:06:56.176] [INFO ] DataDriver - root.p_Vertices[62]: set id = "vertex_62"
[2026-09-18 10:06:56.176] [INFO ] DataDriver - root.p_Vertices[62]: set edge_id = "edge_5"
[2026-09-18 10:06:56.176] [INFO ] DataDriver - root.p_Vertices[62]: set edge_index = 8
[2026-09-18 10:06:56.176] [INFO ] DataDriver - root.p_Vertices[62]: set x = 2670.3927000000003
[2026-09-18 10:06:56.176] [INFO ] DataDriver - root.p_Vertices[62]: set y = 991.207993
[2026-09-18 10:06:56.176] [INFO ] DataDriver - root.p_Vertices[62]: set z = -1.5E-5
[2026-09-18 10:06:56.176] [INFO ] DataDriver - root.p_Vertices[63]: set id = "vertex_63"
[2026-09-18 10:06:56.176] [INFO ] DataDriver - root.p_Vertices[63]: set edge_id = "edge_5"
[2026-09-18 10:06:56.176] [INFO ] DataDriver - root.p_Vertices[63]: set edge_index = 7
[2026-09-18 10:06:56.176] [INFO ] DataDriver - root.p_Vertices[63]: set x = 2678.32251
[2026-09-18 10:06:56.176] [INFO ] DataDriver - root.p_Vertices[63]: set y = 996.2880250000001
[2026-09-18 10:06:56.176] [INFO ] DataDriver - root.p_Vertices[63]: set z = 0.0
[2026-09-18 10:06:56.176] [INFO ] DataDriver - root.p_Vertices[64]: set id = "vertex_64"
[2026-09-18 10:06:56.176] [INFO ] DataDriver - root.p_Vertices[64]: set edge_id = "edge_5"
[2026-09-18 10:06:56.176] [INFO ] DataDriver - root.p_Vertices[64]: set edge_index = 6
[2026-09-18 10:06:56.176] [INFO ] DataDriver - root.p_Vertices[64]: set x = 2686.299072
[2026-09-18 10:06:56.176] [INFO ] DataDriver - root.p_Vertices[64]: set y = 1000.646774
[2026-09-18 10:06:56.176] [INFO ] DataDriver - root.p_Vertices[64]: set z = 0.0
[2026-09-18 10:06:56.176] [INFO ] DataDriver - root.p_Vertices[65]: set id = "vertex_65"
[2026-09-18 10:06:56.176] [INFO ] DataDriver - root.p_Vertices[65]: set edge_id = "edge_5"
[2026-09-18 10:06:56.176] [INFO ] DataDriver - root.p_Vertices[65]: set edge_index = 5
[2026-09-18 10:06:56.176] [INFO ] DataDriver - root.p_Vertices[65]: set x = 2702.4489750000002
[2026-09-18 10:06:56.176] [INFO ] DataDriver - root.p_Vertices[65]: set y = 1007.917282
[2026-09-18 10:06:56.176] [INFO ] DataDriver - root.p_Vertices[65]: set z = 1.5E-5
[2026-09-18 10:06:56.176] [INFO ] DataDriver - root.p_Vertices[66]: set id = "vertex_66"
[2026-09-18 10:06:56.176] [INFO ] DataDriver - root.p_Vertices[66]: set edge_id = "edge_5"
[2026-09-18 10:06:56.176] [INFO ] DataDriver - root.p_Vertices[66]: set edge_index = 4
[2026-09-18 10:06:56.176] [INFO ] DataDriver - root.p_Vertices[66]: set x = 2710.810303
[2026-09-18 10:06:56.176] [INFO ] DataDriver - root.p_Vertices[66]: set y = 1010.9137880000001
[2026-09-18 10:06:56.176] [INFO ] DataDriver - root.p_Vertices[66]: set z = 0.0
[2026-09-18 10:06:56.176] [INFO ] DataDriver - root.p_Vertices[67]: set id = "vertex_67"
[2026-09-18 10:06:56.176] [INFO ] DataDriver - root.p_Vertices[67]: set edge_id = "edge_5"
[2026-09-18 10:06:56.176] [INFO ] DataDriver - root.p_Vertices[67]: set edge_index = 3
[2026-09-18 10:06:56.176] [INFO ] DataDriver - root.p_Vertices[67]: set x = 2719.498047
[2026-09-18 10:06:56.176] [INFO ] DataDriver - root.p_Vertices[67]: set y = 1013.327911
[2026-09-18 10:06:56.176] [INFO ] DataDriver - root.p_Vertices[67]: set z = 0.0
[2026-09-18 10:06:56.176] [INFO ] DataDriver - root.p_Vertices[68]: set id = "vertex_68"
[2026-09-18 10:06:56.176] [INFO ] DataDriver - root.p_Vertices[68]: set edge_id = "edge_5"
[2026-09-18 10:06:56.176] [INFO ] DataDriver - root.p_Vertices[68]: set edge_index = 2
[2026-09-18 10:06:56.176] [INFO ] DataDriver - root.p_Vertices[68]: set x = 2745.722656
[2026-09-18 10:06:56.177] [INFO ] DataDriver - root.p_Vertices[68]: set y = 1018.006882
[2026-09-18 10:06:56.177] [INFO ] DataDriver - root.p_Vertices[68]: set z = 1.5E-5
[2026-09-18 10:06:56.177] [INFO ] DataDriver - root.p_Vertices[69]: set id = "vertex_69"
[2026-09-18 10:06:56.177] [INFO ] DataDriver - root.p_Vertices[69]: set edge_id = "edge_5"
[2026-09-18 10:06:56.177] [INFO ] DataDriver - root.p_Vertices[69]: set edge_index = 1
[2026-09-18 10:06:56.177] [INFO ] DataDriver - root.p_Vertices[69]: set x = 2753.710938
[2026-09-18 10:06:56.177] [INFO ] DataDriver - root.p_Vertices[69]: set y = 1018.518555
[2026-09-18 10:06:56.177] [INFO ] DataDriver - root.p_Vertices[69]: set z = 0.0
[2026-09-18 10:06:56.177] [INFO ] DataDriver - root.p_Vertices[70]: set id = "vertex_70"
[2026-09-18 10:06:56.177] [INFO ] DataDriver - root.p_Vertices[70]: set edge_id = "edge_5"
[2026-09-18 10:06:56.177] [INFO ] DataDriver - root.p_Vertices[70]: set edge_index = 0
[2026-09-18 10:06:56.177] [INFO ] DataDriver - root.p_Vertices[70]: set x = 2769.400146
[2026-09-18 10:06:56.177] [INFO ] DataDriver - root.p_Vertices[70]: set y = 1018.417633
[2026-09-18 10:06:56.177] [INFO ] DataDriver - root.p_Vertices[70]: set z = 0.0
[2026-09-18 10:06:56.177] [INFO ] DataDriver - root.p_Vertices[71]: set id = "vertex_71"
[2026-09-18 10:06:56.177] [INFO ] DataDriver - root.p_Vertices[71]: set edge_id = "edge_6"
[2026-09-18 10:06:56.177] [INFO ] DataDriver - root.p_Vertices[71]: set edge_index = 0
[2026-09-18 10:06:56.177] [INFO ] DataDriver - root.p_Vertices[71]: set x = 1551.200928
[2026-09-18 10:06:56.177] [INFO ] DataDriver - root.p_Vertices[71]: set y = 1073.985596
[2026-09-18 10:06:56.177] [INFO ] DataDriver - root.p_Vertices[71]: set z = 0.0
[2026-09-18 10:06:56.177] [INFO ] DataDriver - root.p_Vertices[72]: set id = "vertex_72"
[2026-09-18 10:06:56.177] [INFO ] DataDriver - root.p_Vertices[72]: set edge_id = "edge_8"
[2026-09-18 10:06:56.177] [INFO ] DataDriver - root.p_Vertices[72]: set edge_index = 0
[2026-09-18 10:06:56.177] [INFO ] DataDriver - root.p_Vertices[72]: set x = 2102.467468
[2026-09-18 10:06:56.177] [INFO ] DataDriver - root.p_Vertices[72]: set y = 1098.4838260000001
[2026-09-18 10:06:56.177] [INFO ] DataDriver - root.p_Vertices[72]: set z = 0.0
[2026-09-18 10:06:56.177] [INFO ] DataDriver - root.p_Vertices[73]: set id = "vertex_73"
[2026-09-18 10:06:56.177] [INFO ] DataDriver - root.p_Vertices[73]: set edge_id = "edge_8"
[2026-09-18 10:06:56.177] [INFO ] DataDriver - root.p_Vertices[73]: set edge_index = 1
[2026-09-18 10:06:56.177] [INFO ] DataDriver - root.p_Vertices[73]: set x = 2097.070251
[2026-09-18 10:06:56.177] [INFO ] DataDriver - root.p_Vertices[73]: set y = 1094.408142
[2026-09-18 10:06:56.177] [INFO ] DataDriver - root.p_Vertices[73]: set z = 0.0
[2026-09-18 10:06:56.177] [INFO ] DataDriver - root.p_Vertices[74]: set id = "vertex_74"
[2026-09-18 10:06:56.177] [INFO ] DataDriver - root.p_Vertices[74]: set edge_id = "edge_8"
[2026-09-18 10:06:56.177] [INFO ] DataDriver - root.p_Vertices[74]: set edge_index = 2
[2026-09-18 10:06:56.177] [INFO ] DataDriver - root.p_Vertices[74]: set x = 2086.141968
[2026-09-18 10:06:56.177] [INFO ] DataDriver - root.p_Vertices[74]: set y = 1087.5040589999999
[2026-09-18 10:06:56.177] [INFO ] DataDriver - root.p_Vertices[74]: set z = 0.0
[2026-09-18 10:06:56.177] [INFO ] DataDriver - root.p_Vertices[75]: set id = "vertex_75"
[2026-09-18 10:06:56.177] [INFO ] DataDriver - root.p_Vertices[75]: set edge_id = "edge_11"
[2026-09-18 10:06:56.177] [INFO ] DataDriver - root.p_Vertices[75]: set edge_index = 1
[2026-09-18 10:06:56.177] [INFO ] DataDriver - root.p_Vertices[75]: set x = 2149.595581
[2026-09-18 10:06:56.177] [INFO ] DataDriver - root.p_Vertices[75]: set y = 1086.516418
[2026-09-18 10:06:56.177] [INFO ] DataDriver - root.p_Vertices[75]: set z = 8.0E-6
[2026-09-18 10:06:56.177] [INFO ] DataDriver - root.p_Vertices[76]: set id = "vertex_76"
[2026-09-18 10:06:56.177] [INFO ] DataDriver - root.p_Vertices[76]: set edge_id = "edge_11"
[2026-09-18 10:06:56.177] [INFO ] DataDriver - root.p_Vertices[76]: set edge_index = 0
[2026-09-18 10:06:56.177] [INFO ] DataDriver - root.p_Vertices[76]: set x = 2159.495605
[2026-09-18 10:06:56.177] [INFO ] DataDriver - root.p_Vertices[76]: set y = 1082.196442
[2026-09-18 10:06:56.177] [INFO ] DataDriver - root.p_Vertices[76]: set z = 8.0E-6
[2026-09-18 10:06:56.177] [INFO ] DataDriver - root.p_Vertices[77]: set id = "vertex_77"
[2026-09-18 10:06:56.177] [INFO ] DataDriver - root.p_Vertices[77]: set edge_id = "edge_13"
[2026-09-18 10:06:56.177] [INFO ] DataDriver - root.p_Vertices[77]: set edge_index = 13
[2026-09-18 10:06:56.177] [INFO ] DataDriver - root.p_Vertices[77]: set x = 2458.824951
[2026-09-18 10:06:56.177] [INFO ] DataDriver - root.p_Vertices[77]: set y = 1138.281128
[2026-09-18 10:06:56.177] [INFO ] DataDriver - root.p_Vertices[77]: set z = 8.0E-6
[2026-09-18 10:06:56.177] [INFO ] DataDriver - root.p_Vertices[78]: set id = "vertex_78"
[2026-09-18 10:06:56.177] [INFO ] DataDriver - root.p_Vertices[78]: set edge_id = "edge_13"
[2026-09-18 10:06:56.177] [INFO ] DataDriver - root.p_Vertices[78]: set edge_index = 12
[2026-09-18 10:06:56.177] [INFO ] DataDriver - root.p_Vertices[78]: set x = 2463.353149
[2026-09-18 10:06:56.177] [INFO ] DataDriver - root.p_Vertices[78]: set y = 1134.807587
[2026-09-18 10:06:56.177] [INFO ] DataDriver - root.p_Vertices[78]: set z = -8.0E-6
[2026-09-18 10:06:56.177] [INFO ] DataDriver - root.p_Vertices[79]: set id = "vertex_79"
[2026-09-18 10:06:56.177] [INFO ] DataDriver - root.p_Vertices[79]: set edge_id = "edge_13"
[2026-09-18 10:06:56.177] [INFO ] DataDriver - root.p_Vertices[79]: set edge_index = 11
[2026-09-18 10:06:56.177] [INFO ] DataDriver - root.p_Vertices[79]: set x = 2465.8472899999997
[2026-09-18 10:06:56.177] [INFO ] DataDriver - root.p_Vertices[79]: set y = 1132.461517
[2026-09-18 10:06:56.177] [INFO ] DataDriver - root.p_Vertices[79]: set z = 0.0
[2026-09-18 10:06:56.178] [INFO ] DataDriver - root.p_Vertices[80]: set id = "vertex_80"
[2026-09-18 10:06:56.178] [INFO ] DataDriver - root.p_Vertices[80]: set edge_id = "edge_13"
[2026-09-18 10:06:56.178] [INFO ] DataDriver - root.p_Vertices[80]: set edge_index = 10
[2026-09-18 10:06:56.178] [INFO ] DataDriver - root.p_Vertices[80]: set x = 2467.473511
[2026-09-18 10:06:56.178] [INFO ] DataDriver - root.p_Vertices[80]: set y = 1130.558075
[2026-09-18 10:06:56.178] [INFO ] DataDriver - root.p_Vertices[80]: set z = 8.0E-6
[2026-09-18 10:06:56.178] [INFO ] DataDriver - root.p_Vertices[81]: set id = "vertex_81"
[2026-09-18 10:06:56.178] [INFO ] DataDriver - root.p_Vertices[81]: set edge_id = "edge_13"
[2026-09-18 10:06:56.178] [INFO ] DataDriver - root.p_Vertices[81]: set edge_index = 9
[2026-09-18 10:06:56.178] [INFO ] DataDriver - root.p_Vertices[81]: set x = 2468.8089600000003
[2026-09-18 10:06:56.178] [INFO ] DataDriver - root.p_Vertices[81]: set y = 1128.713898
[2026-09-18 10:06:56.178] [INFO ] DataDriver - root.p_Vertices[81]: set z = 0.0
[2026-09-18 10:06:56.178] [INFO ] DataDriver - root.p_Vertices[82]: set id = "vertex_82"
[2026-09-18 10:06:56.178] [INFO ] DataDriver - root.p_Vertices[82]: set edge_id = "edge_13"
[2026-09-18 10:06:56.178] [INFO ] DataDriver - root.p_Vertices[82]: set edge_index = 8
[2026-09-18 10:06:56.178] [INFO ] DataDriver - root.p_Vertices[82]: set x = 2472.128662
[2026-09-18 10:06:56.178] [INFO ] DataDriver - root.p_Vertices[82]: set y = 1122.827271
[2026-09-18 10:06:56.178] [INFO ] DataDriver - root.p_Vertices[82]: set z = 0.0
[2026-09-18 10:06:56.178] [INFO ] DataDriver - root.p_Vertices[83]: set id = "vertex_83"
[2026-09-18 10:06:56.178] [INFO ] DataDriver - root.p_Vertices[83]: set edge_id = "edge_13"
[2026-09-18 10:06:56.178] [INFO ] DataDriver - root.p_Vertices[83]: set edge_index = 7
[2026-09-18 10:06:56.178] [INFO ] DataDriver - root.p_Vertices[83]: set x = 2473.864502
[2026-09-18 10:06:56.178] [INFO ] DataDriver - root.p_Vertices[83]: set y = 1118.657318
[2026-09-18 10:06:56.178] [INFO ] DataDriver - root.p_Vertices[83]: set z = -8.0E-6
[2026-09-18 10:06:56.178] [INFO ] DataDriver - root.p_Vertices[84]: set id = "vertex_84"
[2026-09-18 10:06:56.178] [INFO ] DataDriver - root.p_Vertices[84]: set edge_id = "edge_13"
[2026-09-18 10:06:56.178] [INFO ] DataDriver - root.p_Vertices[84]: set edge_index = 6
[2026-09-18 10:06:56.178] [INFO ] DataDriver - root.p_Vertices[84]: set x = 2475.1921389999998
[2026-09-18 10:06:56.178] [INFO ] DataDriver - root.p_Vertices[84]: set y = 1114.324707
[2026-09-18 10:06:56.178] [INFO ] DataDriver - root.p_Vertices[84]: set z = 0.0
[2026-09-18 10:06:56.178] [INFO ] DataDriver - root.p_Vertices[85]: set id = "vertex_85"
[2026-09-18 10:06:56.178] [INFO ] DataDriver - root.p_Vertices[85]: set edge_id = "edge_13"
[2026-09-18 10:06:56.178] [INFO ] DataDriver - root.p_Vertices[85]: set edge_index = 5
[2026-09-18 10:06:56.178] [INFO ] DataDriver - root.p_Vertices[85]: set x = 2476.093018
[2026-09-18 10:06:56.178] [INFO ] DataDriver - root.p_Vertices[85]: set y = 1109.89032
[2026-09-18 10:06:56.178] [INFO ] DataDriver - root.p_Vertices[85]: set z = 0.0
[2026-09-18 10:06:56.178] [INFO ] DataDriver - root.p_Vertices[86]: set id = "vertex_86"
[2026-09-18 10:06:56.178] [INFO ] DataDriver - root.p_Vertices[86]: set edge_id = "edge_13"
[2026-09-18 10:06:56.178] [INFO ] DataDriver - root.p_Vertices[86]: set edge_index = 4
[2026-09-18 10:06:56.178] [INFO ] DataDriver - root.p_Vertices[86]: set x = 2476.5639650000003
[2026-09-18 10:06:56.178] [INFO ] DataDriver - root.p_Vertices[86]: set y = 1105.37619
[2026-09-18 10:06:56.178] [INFO ] DataDriver - root.p_Vertices[86]: set z = 0.0
[2026-09-18 10:06:56.178] [INFO ] DataDriver - root.p_Vertices[87]: set id = "vertex_87"
[2026-09-18 10:06:56.178] [INFO ] DataDriver - root.p_Vertices[87]: set edge_id = "edge_13"
[2026-09-18 10:06:56.178] [INFO ] DataDriver - root.p_Vertices[87]: set edge_index = 3
[2026-09-18 10:06:56.178] [INFO ] DataDriver - root.p_Vertices[87]: set x = 2476.598877
[2026-09-18 10:06:56.178] [INFO ] DataDriver - root.p_Vertices[87]: set y = 1100.844147
[2026-09-18 10:06:56.178] [INFO ] DataDriver - root.p_Vertices[87]: set z = 0.0
[2026-09-18 10:06:56.178] [INFO ] DataDriver - root.p_Vertices[88]: set id = "vertex_88"
[2026-09-18 10:06:56.178] [INFO ] DataDriver - root.p_Vertices[88]: set edge_id = "edge_13"
[2026-09-18 10:06:56.178] [INFO ] DataDriver - root.p_Vertices[88]: set edge_index = 2
[2026-09-18 10:06:56.179] [INFO ] DataDriver - root.p_Vertices[88]: set x = 2475.846313
[2026-09-18 10:06:56.179] [INFO ] DataDriver - root.p_Vertices[88]: set y = 1094.076904
[2026-09-18 10:06:56.179] [INFO ] DataDriver - root.p_Vertices[88]: set z = 1.5E-5
[2026-09-18 10:06:56.179] [INFO ] DataDriver - root.p_Vertices[89]: set id = "vertex_89"
[2026-09-18 10:06:56.179] [INFO ] DataDriver - root.p_Vertices[89]: set edge_id = "edge_13"
[2026-09-18 10:06:56.179] [INFO ] DataDriver - root.p_Vertices[89]: set edge_index = 1
[2026-09-18 10:06:56.179] [INFO ] DataDriver - root.p_Vertices[89]: set x = 2474.637451
[2026-09-18 10:06:56.179] [INFO ] DataDriver - root.p_Vertices[89]: set y = 1089.49823
[2026-09-18 10:06:56.179] [INFO ] DataDriver - root.p_Vertices[89]: set z = 0.0
[2026-09-18 10:06:56.179] [INFO ] DataDriver - root.p_Vertices[90]: set id = "vertex_90"
[2026-09-18 10:06:56.179] [INFO ] DataDriver - root.p_Vertices[90]: set edge_id = "edge_13"
[2026-09-18 10:06:56.179] [INFO ] DataDriver - root.p_Vertices[90]: set edge_index = 0
[2026-09-18 10:06:56.179] [INFO ] DataDriver - root.p_Vertices[90]: set x = 2473.513794
[2026-09-18 10:06:56.179] [INFO ] DataDriver - root.p_Vertices[90]: set y = 1086.627319
[2026-09-18 10:06:56.179] [INFO ] DataDriver - root.p_Vertices[90]: set z = 0.0
[2026-09-18 10:06:56.179] [INFO ] DataDriver - root.p_Vertices[91]: set id = "vertex_91"
[2026-09-18 10:06:56.179] [INFO ] DataDriver - root.p_Vertices[91]: set edge_id = "edge_14"
[2026-09-18 10:06:56.179] [INFO ] DataDriver - root.p_Vertices[91]: set edge_index = 12
[2026-09-18 10:06:56.179] [INFO ] DataDriver - root.p_Vertices[91]: set x = 2178.1138920000003
[2026-09-18 10:06:56.179] [INFO ] DataDriver - root.p_Vertices[91]: set y = 1182.629517
[2026-09-18 10:06:56.179] [INFO ] DataDriver - root.p_Vertices[91]: set z = 1.5E-5
[2026-09-18 10:06:56.179] [INFO ] DataDriver - root.p_Vertices[92]: set id = "vertex_92"
[2026-09-18 10:06:56.179] [INFO ] DataDriver - root.p_Vertices[92]: set edge_id = "edge_14"
[2026-09-18 10:06:56.179] [INFO ] DataDriver - root.p_Vertices[92]: set edge_index = 11
[2026-09-18 10:06:56.179] [INFO ] DataDriver - root.p_Vertices[92]: set x = 2185.271729
[2026-09-18 10:06:56.179] [INFO ] DataDriver - root.p_Vertices[92]: set y = 1190.487854
[2026-09-18 10:06:56.179] [INFO ] DataDriver - root.p_Vertices[92]: set z = 8.0E-6
[2026-09-18 10:06:56.179] [INFO ] DataDriver - root.p_Vertices[93]: set id = "vertex_93"
[2026-09-18 10:06:56.179] [INFO ] DataDriver - root.p_Vertices[93]: set edge_id = "edge_14"
[2026-09-18 10:06:56.179] [INFO ] DataDriver - root.p_Vertices[93]: set edge_index = 10
[2026-09-18 10:06:56.179] [INFO ] DataDriver - root.p_Vertices[93]: set x = 2200.490112
[2026-09-18 10:06:56.179] [INFO ] DataDriver - root.p_Vertices[93]: set y = 1204.812469
[2026-09-18 10:06:56.179] [INFO ] DataDriver - root.p_Vertices[93]: set z = 8.0E-6
[2026-09-18 10:06:56.179] [INFO ] DataDriver - root.p_Vertices[94]: set id = "vertex_94"
[2026-09-18 10:06:56.179] [INFO ] DataDriver - root.p_Vertices[94]: set edge_id = "edge_14"
[2026-09-18 10:06:56.179] [INFO ] DataDriver - root.p_Vertices[94]: set edge_index = 9
[2026-09-18 10:06:56.179] [INFO ] DataDriver - root.p_Vertices[94]: set x = 2208.692505
[2026-09-18 10:06:56.179] [INFO ] DataDriver - root.p_Vertices[94]: set y = 1211.158875
[2026-09-18 10:06:56.179] [INFO ] DataDriver - root.p_Vertices[94]: set z = 0.0
[2026-09-18 10:06:56.179] [INFO ] DataDriver - root.p_Vertices[95]: set id = "vertex_95"
[2026-09-18 10:06:56.179] [INFO ] DataDriver - root.p_Vertices[95]: set edge_id = "edge_14"
[2026-09-18 10:06:56.179] [INFO ] DataDriver - root.p_Vertices[95]: set edge_index = 8
[2026-09-18 10:06:56.179] [INFO ] DataDriver - root.p_Vertices[95]: set x = 2217.487671
[2026-09-18 10:06:56.179] [INFO ] DataDriver - root.p_Vertices[95]: set y = 1216.699768
[2026-09-18 10:06:56.179] [INFO ] DataDriver - root.p_Vertices[95]: set z = 8.0E-6
[2026-09-18 10:06:56.179] [INFO ] DataDriver - root.p_Vertices[96]: set id = "vertex_96"
[2026-09-18 10:06:56.179] [INFO ] DataDriver - root.p_Vertices[96]: set edge_id = "edge_14"
[2026-09-18 10:06:56.179] [INFO ] DataDriver - root.p_Vertices[96]: set edge_index = 7
[2026-09-18 10:06:56.179] [INFO ] DataDriver - root.p_Vertices[96]: set x = 2226.726562
[2026-09-18 10:06:56.179] [INFO ] DataDriver - root.p_Vertices[96]: set y = 1221.562195
[2026-09-18 10:06:56.179] [INFO ] DataDriver - root.p_Vertices[96]: set z = 0.0
[2026-09-18 10:06:56.179] [INFO ] DataDriver - root.p_Vertices[97]: set id = "vertex_97"
[2026-09-18 10:06:56.179] [INFO ] DataDriver - root.p_Vertices[97]: set edge_id = "edge_14"
[2026-09-18 10:06:56.179] [INFO ] DataDriver - root.p_Vertices[97]: set edge_index = 6
[2026-09-18 10:06:56.179] [INFO ] DataDriver - root.p_Vertices[97]: set x = 2236.233765
[2026-09-18 10:06:56.179] [INFO ] DataDriver - root.p_Vertices[97]: set y = 1225.7299189999999
[2026-09-18 10:06:56.179] [INFO ] DataDriver - root.p_Vertices[97]: set z = 1.5E-5
[2026-09-18 10:06:56.179] [INFO ] DataDriver - root.p_Vertices[98]: set id = "vertex_98"
[2026-09-18 10:06:56.179] [INFO ] DataDriver - root.p_Vertices[98]: set edge_id = "edge_14"
[2026-09-18 10:06:56.179] [INFO ] DataDriver - root.p_Vertices[98]: set edge_index = 5
[2026-09-18 10:06:56.179] [INFO ] DataDriver - root.p_Vertices[98]: set x = 2246.015503
[2026-09-18 10:06:56.179] [INFO ] DataDriver - root.p_Vertices[98]: set y = 1228.714111
[2026-09-18 10:06:56.179] [INFO ] DataDriver - root.p_Vertices[98]: set z = 0.0
[2026-09-18 10:06:56.180] [INFO ] DataDriver - root.p_Vertices[99]: set id = "vertex_99"
[2026-09-18 10:06:56.180] [INFO ] DataDriver - root.p_Vertices[99]: set edge_id = "edge_14"
[2026-09-18 10:06:56.180] [INFO ] DataDriver - root.p_Vertices[99]: set edge_index = 4
[2026-09-18 10:06:56.180] [INFO ] DataDriver - root.p_Vertices[99]: set x = 2256.115234
[2026-09-18 10:06:56.180] [INFO ] DataDriver - root.p_Vertices[99]: set y = 1230.12146
[2026-09-18 10:06:56.180] [INFO ] DataDriver - root.p_Vertices[99]: set z = 0.0
[2026-09-18 10:06:56.180] [INFO ] DataDriver - root.p_Vertices[100]: set id = "vertex_100"
[2026-09-18 10:06:56.180] [INFO ] DataDriver - root.p_Vertices[100]: set edge_id = "edge_14"
[2026-09-18 10:06:56.180] [INFO ] DataDriver - root.p_Vertices[100]: set edge_index = 3
[2026-09-18 10:06:56.180] [INFO ] DataDriver - root.p_Vertices[100]: set x = 2266.367554
[2026-09-18 10:06:56.180] [INFO ] DataDriver - root.p_Vertices[100]: set y = 1230.368225
[2026-09-18 10:06:56.180] [INFO ] DataDriver - root.p_Vertices[100]: set z = 0.0
[2026-09-18 10:06:56.180] [INFO ] DataDriver - root.p_Vertices[101]: set id = "vertex_101"
[2026-09-18 10:06:56.180] [INFO ] DataDriver - root.p_Vertices[101]: set edge_id = "edge_14"
[2026-09-18 10:06:56.180] [INFO ] DataDriver - root.p_Vertices[101]: set edge_index = 2
[2026-09-18 10:06:56.180] [INFO ] DataDriver - root.p_Vertices[101]: set x = 2285.6754149999997
[2026-09-18 10:06:56.180] [INFO ] DataDriver - root.p_Vertices[101]: set y = 1229.2128910000001
[2026-09-18 10:06:56.180] [INFO ] DataDriver - root.p_Vertices[101]: set z = 8.0E-6
[2026-09-18 10:06:56.180] [INFO ] DataDriver - root.p_Vertices[102]: set id = "vertex_102"
[2026-09-18 10:06:56.180] [INFO ] DataDriver - root.p_Vertices[102]: set edge_id = "edge_14"
[2026-09-18 10:06:56.180] [INFO ] DataDriver - root.p_Vertices[102]: set edge_index = 1
[2026-09-18 10:06:56.180] [INFO ] DataDriver - root.p_Vertices[102]: set x = 2293.876953
[2026-09-18 10:06:56.180] [INFO ] DataDriver - root.p_Vertices[102]: set y = 1227.9330439999999
[2026-09-18 10:06:56.180] [INFO ] DataDriver - root.p_Vertices[102]: set z = 8.0E-6
[2026-09-18 10:06:56.180] [INFO ] DataDriver - root.p_Vertices[103]: set id = "vertex_103"
[2026-09-18 10:06:56.180] [INFO ] DataDriver - root.p_Vertices[103]: set edge_id = "edge_14"
[2026-09-18 10:06:56.180] [INFO ] DataDriver - root.p_Vertices[103]: set edge_index = 0
[2026-09-18 10:06:56.180] [INFO ] DataDriver - root.p_Vertices[103]: set x = 2314.490234
[2026-09-18 10:06:56.180] [INFO ] DataDriver - root.p_Vertices[103]: set y = 1222.588684
[2026-09-18 10:06:56.180] [INFO ] DataDriver - root.p_Vertices[103]: set z = 8.0E-6
[2026-09-18 10:06:56.180] [INFO ] DataDriver - root.p_Vertices[104]: set id = "vertex_104"
[2026-09-18 10:06:56.180] [INFO ] DataDriver - root.p_Vertices[104]: set edge_id = "edge_15"
[2026-09-18 10:06:56.180] [INFO ] DataDriver - root.p_Vertices[104]: set edge_index = 0
[2026-09-18 10:06:56.180] [INFO ] DataDriver - root.p_Vertices[104]: set x = 649.628418
[2026-09-18 10:06:56.180] [INFO ] DataDriver - root.p_Vertices[104]: set y = 755.408997
[2026-09-18 10:06:56.180] [INFO ] DataDriver - root.p_Vertices[104]: set z = 0.0
[2026-09-18 10:06:56.180] [INFO ] DataDriver - root.p_Vertices[105]: set id = "vertex_105"
[2026-09-18 10:06:56.180] [INFO ] DataDriver - root.p_Vertices[105]: set edge_id = "edge_15"
[2026-09-18 10:06:56.180] [INFO ] DataDriver - root.p_Vertices[105]: set edge_index = 1
[2026-09-18 10:06:56.180] [INFO ] DataDriver - root.p_Vertices[105]: set x = 584.975586
[2026-09-18 10:06:56.180] [INFO ] DataDriver - root.p_Vertices[105]: set y = 698.026093
[2026-09-18 10:06:56.180] [INFO ] DataDriver - root.p_Vertices[105]: set z = -8.0E-6
[2026-09-18 10:06:56.180] [INFO ] DataDriver - root.p_Vertices[106]: set id = "vertex_106"
[2026-09-18 10:06:56.180] [INFO ] DataDriver - root.p_Vertices[106]: set edge_id = "edge_15"
[2026-09-18 10:06:56.180] [INFO ] DataDriver - root.p_Vertices[106]: set edge_index = 2
[2026-09-18 10:06:56.180] [INFO ] DataDriver - root.p_Vertices[106]: set x = 559.314331
[2026-09-18 10:06:56.180] [INFO ] DataDriver - root.p_Vertices[106]: set y = 679.516479
[2026-09-18 10:06:56.180] [INFO ] DataDriver - root.p_Vertices[106]: set z = 8.0E-6
[2026-09-18 10:06:56.180] [INFO ] DataDriver - root.p_Vertices[107]: set id = "vertex_107"
[2026-09-18 10:06:56.180] [INFO ] DataDriver - root.p_Vertices[107]: set edge_id = "edge_15"
[2026-09-18 10:06:56.180] [INFO ] DataDriver - root.p_Vertices[107]: set edge_index = 3
[2026-09-18 10:06:56.180] [INFO ] DataDriver - root.p_Vertices[107]: set x = 547.750244
[2026-09-18 10:06:56.180] [INFO ] DataDriver - root.p_Vertices[107]: set y = 672.761902
[2026-09-18 10:06:56.180] [INFO ] DataDriver - root.p_Vertices[107]: set z = 0.0
[2026-09-18 10:06:56.180] [INFO ] DataDriver - root.p_Vertices[108]: set id = "vertex_108"
[2026-09-18 10:06:56.180] [INFO ] DataDriver - root.p_Vertices[108]: set edge_id = "edge_15"
[2026-09-18 10:06:56.180] [INFO ] DataDriver - root.p_Vertices[108]: set edge_index = 4
[2026-09-18 10:06:56.180] [INFO ] DataDriver - root.p_Vertices[108]: set x = 544.348633
[2026-09-18 10:06:56.181] [INFO ] DataDriver - root.p_Vertices[108]: set y = 671.198669
[2026-09-18 10:06:56.181] [INFO ] DataDriver - root.p_Vertices[108]: set z = 0.0
[2026-09-18 10:06:56.181] [INFO ] DataDriver - root.p_Vertices[109]: set id = "vertex_109"
[2026-09-18 10:06:56.181] [INFO ] DataDriver - root.p_Vertices[109]: set edge_id = "edge_15"
[2026-09-18 10:06:56.181] [INFO ] DataDriver - root.p_Vertices[109]: set edge_index = 5
[2026-09-18 10:06:56.181] [INFO ] DataDriver - root.p_Vertices[109]: set x = 541.137451
[2026-09-18 10:06:56.181] [INFO ] DataDriver - root.p_Vertices[109]: set y = 670.089996
[2026-09-18 10:06:56.181] [INFO ] DataDriver - root.p_Vertices[109]: set z = 0.0
[2026-09-18 10:06:56.181] [INFO ] DataDriver - root.p_Vertices[110]: set id = "vertex_110"
[2026-09-18 10:06:56.181] [INFO ] DataDriver - root.p_Vertices[110]: set edge_id = "edge_15"
[2026-09-18 10:06:56.181] [INFO ] DataDriver - root.p_Vertices[110]: set edge_index = 6
[2026-09-18 10:06:56.181] [INFO ] DataDriver - root.p_Vertices[110]: set x = 535.166626
[2026-09-18 10:06:56.181] [INFO ] DataDriver - root.p_Vertices[110]: set y = 668.777466
[2026-09-18 10:06:56.181] [INFO ] DataDriver - root.p_Vertices[110]: set z = -8.0E-6
[2026-09-18 10:06:56.181] [INFO ] DataDriver - root.p_Vertices[111]: set id = "vertex_111"
[2026-09-18 10:06:56.181] [INFO ] DataDriver - root.p_Vertices[111]: set edge_id = "edge_15"
[2026-09-18 10:06:56.181] [INFO ] DataDriver - root.p_Vertices[111]: set edge_index = 7
[2026-09-18 10:06:56.181] [INFO ] DataDriver - root.p_Vertices[111]: set x = 532.497559
[2026-09-18 10:06:56.181] [INFO ] DataDriver - root.p_Vertices[111]: set y = 668.463074
[2026-09-18 10:06:56.181] [INFO ] DataDriver - root.p_Vertices[111]: set z = 8.0E-6
[2026-09-18 10:06:56.181] [INFO ] DataDriver - root.p_Vertices[112]: set id = "vertex_112"
[2026-09-18 10:06:56.181] [INFO ] DataDriver - root.p_Vertices[112]: set edge_id = "edge_15"
[2026-09-18 10:06:56.181] [INFO ] DataDriver - root.p_Vertices[112]: set edge_index = 8
[2026-09-18 10:06:56.181] [INFO ] DataDriver - root.p_Vertices[112]: set x = 530.152466
[2026-09-18 10:06:56.181] [INFO ] DataDriver - root.p_Vertices[112]: set y = 668.4318539999999
[2026-09-18 10:06:56.181] [INFO ] DataDriver - root.p_Vertices[112]: set z = 0.0
[2026-09-18 10:06:56.181] [INFO ] DataDriver - root.p_Vertices[113]: set id = "vertex_113"
[2026-09-18 10:06:56.181] [INFO ] DataDriver - root.p_Vertices[113]: set edge_id = "edge_15"
[2026-09-18 10:06:56.181] [INFO ] DataDriver - root.p_Vertices[113]: set edge_index = 9
[2026-09-18 10:06:56.181] [INFO ] DataDriver - root.p_Vertices[113]: set x = 526.126709
[2026-09-18 10:06:56.181] [INFO ] DataDriver - root.p_Vertices[113]: set y = 668.915436
[2026-09-18 10:06:56.181] [INFO ] DataDriver - root.p_Vertices[113]: set z = -8.0E-6
[2026-09-18 10:06:56.181] [INFO ] DataDriver - root.p_Vertices[114]: set id = "vertex_114"
[2026-09-18 10:06:56.181] [INFO ] DataDriver - root.p_Vertices[114]: set edge_id = "edge_15"
[2026-09-18 10:06:56.181] [INFO ] DataDriver - root.p_Vertices[114]: set edge_index = 10
[2026-09-18 10:06:56.181] [INFO ] DataDriver - root.p_Vertices[114]: set x = 524.411377
[2026-09-18 10:06:56.181] [INFO ] DataDriver - root.p_Vertices[114]: set y = 669.33017
[2026-09-18 10:06:56.181] [INFO ] DataDriver - root.p_Vertices[114]: set z = 8.0E-6
[2026-09-18 10:06:56.181] [INFO ] DataDriver - root.p_Vertices[115]: set id = "vertex_115"
[2026-09-18 10:06:56.181] [INFO ] DataDriver - root.p_Vertices[115]: set edge_id = "edge_15"
[2026-09-18 10:06:56.181] [INFO ] DataDriver - root.p_Vertices[115]: set edge_index = 11
[2026-09-18 10:06:56.181] [INFO ] DataDriver - root.p_Vertices[115]: set x = 522.966675
[2026-09-18 10:06:56.181] [INFO ] DataDriver - root.p_Vertices[115]: set y = 669.871582
[2026-09-18 10:06:56.181] [INFO ] DataDriver - root.p_Vertices[115]: set z = 0.0
[2026-09-18 10:06:56.181] [INFO ] DataDriver - root.p_Vertices[116]: set id = "vertex_116"
[2026-09-18 10:06:56.181] [INFO ] DataDriver - root.p_Vertices[116]: set edge_id = "edge_15"
[2026-09-18 10:06:56.181] [INFO ] DataDriver - root.p_Vertices[116]: set edge_index = 12
[2026-09-18 10:06:56.181] [INFO ] DataDriver - root.p_Vertices[116]: set x = 521.724976
[2026-09-18 10:06:56.181] [INFO ] DataDriver - root.p_Vertices[116]: set y = 670.511963
[2026-09-18 10:06:56.181] [INFO ] DataDriver - root.p_Vertices[116]: set z = -8.0E-6
[2026-09-18 10:06:56.181] [INFO ] DataDriver - root.p_Vertices[117]: set id = "vertex_117"
[2026-09-18 10:06:56.181] [INFO ] DataDriver - root.p_Vertices[117]: set edge_id = "edge_15"
[2026-09-18 10:06:56.181] [INFO ] DataDriver - root.p_Vertices[117]: set edge_index = 13
[2026-09-18 10:06:56.181] [INFO ] DataDriver - root.p_Vertices[117]: set x = 520.601074
[2026-09-18 10:06:56.181] [INFO ] DataDriver - root.p_Vertices[117]: set y = 671.238342
[2026-09-18 10:06:56.181] [INFO ] DataDriver - root.p_Vertices[117]: set z = 8.0E-6
[2026-09-18 10:06:56.181] [INFO ] DataDriver - root.p_Vertices[118]: set id = "vertex_118"
[2026-09-18 10:06:56.181] [INFO ] DataDriver - root.p_Vertices[118]: set edge_id = "edge_15"
[2026-09-18 10:06:56.181] [INFO ] DataDriver - root.p_Vertices[118]: set edge_index = 14
[2026-09-18 10:06:56.181] [INFO ] DataDriver - root.p_Vertices[118]: set x = 519.587402
[2026-09-18 10:06:56.181] [INFO ] DataDriver - root.p_Vertices[118]: set y = 672.098358
[2026-09-18 10:06:56.182] [INFO ] DataDriver - root.p_Vertices[118]: set z = 8.0E-6
[2026-09-18 10:06:56.182] [INFO ] DataDriver - root.p_Vertices[119]: set id = "vertex_119"
[2026-09-18 10:06:56.182] [INFO ] DataDriver - root.p_Vertices[119]: set edge_id = "edge_15"
[2026-09-18 10:06:56.182] [INFO ] DataDriver - root.p_Vertices[119]: set edge_index = 15
[2026-09-18 10:06:56.182] [INFO ] DataDriver - root.p_Vertices[119]: set x = 518.705566
[2026-09-18 10:06:56.182] [INFO ] DataDriver - root.p_Vertices[119]: set y = 673.134888
[2026-09-18 10:06:56.182] [INFO ] DataDriver - root.p_Vertices[119]: set z = 8.0E-6
[2026-09-18 10:06:56.182] [INFO ] DataDriver - root.p_Vertices[120]: set id = "vertex_120"
[2026-09-18 10:06:56.182] [INFO ] DataDriver - root.p_Vertices[120]: set edge_id = "edge_15"
[2026-09-18 10:06:56.182] [INFO ] DataDriver - root.p_Vertices[120]: set edge_index = 16
[2026-09-18 10:06:56.182] [INFO ] DataDriver - root.p_Vertices[120]: set x = 517.937744
[2026-09-18 10:06:56.182] [INFO ] DataDriver - root.p_Vertices[120]: set y = 674.308319
[2026-09-18 10:06:56.182] [INFO ] DataDriver - root.p_Vertices[120]: set z = 0.0
[2026-09-18 10:06:56.182] [INFO ] DataDriver - root.p_Vertices[121]: set id = "vertex_121"
[2026-09-18 10:06:56.182] [INFO ] DataDriver - root.p_Vertices[121]: set edge_id = "edge_15"
[2026-09-18 10:06:56.182] [INFO ] DataDriver - root.p_Vertices[121]: set edge_index = 17
[2026-09-18 10:06:56.182] [INFO ] DataDriver - root.p_Vertices[121]: set x = 517.2948
[2026-09-18 10:06:56.182] [INFO ] DataDriver - root.p_Vertices[121]: set y = 675.587158
[2026-09-18 10:06:56.182] [INFO ] DataDriver - root.p_Vertices[121]: set z = 8.0E-6
[2026-09-18 10:06:56.182] [INFO ] DataDriver - root.p_Vertices[122]: set id = "vertex_122"
[2026-09-18 10:06:56.182] [INFO ] DataDriver - root.p_Vertices[122]: set edge_id = "edge_15"
[2026-09-18 10:06:56.182] [INFO ] DataDriver - root.p_Vertices[122]: set edge_index = 18
[2026-09-18 10:06:56.182] [INFO ] DataDriver - root.p_Vertices[122]: set x = 516.865356
[2026-09-18 10:06:56.182] [INFO ] DataDriver - root.p_Vertices[122]: set y = 677.018341
[2026-09-18 10:06:56.182] [INFO ] DataDriver - root.p_Vertices[122]: set z = -8.0E-6
[2026-09-18 10:06:56.182] [INFO ] DataDriver - root.p_Vertices[123]: set id = "vertex_123"
[2026-09-18 10:06:56.182] [INFO ] DataDriver - root.p_Vertices[123]: set edge_id = "edge_15"
[2026-09-18 10:06:56.182] [INFO ] DataDriver - root.p_Vertices[123]: set edge_index = 19
[2026-09-18 10:06:56.182] [INFO ] DataDriver - root.p_Vertices[123]: set x = 516.719238
[2026-09-18 10:06:56.182] [INFO ] DataDriver - root.p_Vertices[123]: set y = 678.649353
[2026-09-18 10:06:56.182] [INFO ] DataDriver - root.p_Vertices[123]: set z = -8.0E-6
[2026-09-18 10:06:56.182] [INFO ] DataDriver - root.p_Vertices[124]: set id = "vertex_124"
[2026-09-18 10:06:56.182] [INFO ] DataDriver - root.p_Vertices[124]: set edge_id = "edge_15"
[2026-09-18 10:06:56.182] [INFO ] DataDriver - root.p_Vertices[124]: set edge_index = 20
[2026-09-18 10:06:56.182] [INFO ] DataDriver - root.p_Vertices[124]: set x = 516.793213
[2026-09-18 10:06:56.182] [INFO ] DataDriver - root.p_Vertices[124]: set y = 680.426239
[2026-09-18 10:06:56.182] [INFO ] DataDriver - root.p_Vertices[124]: set z = 0.0
[2026-09-18 10:06:56.182] [INFO ] DataDriver - root.p_Vertices[125]: set id = "vertex_125"
[2026-09-18 10:06:56.182] [INFO ] DataDriver - root.p_Vertices[125]: set edge_id = "edge_15"
[2026-09-18 10:06:56.182] [INFO ] DataDriver - root.p_Vertices[125]: set edge_index = 21
[2026-09-18 10:06:56.182] [INFO ] DataDriver - root.p_Vertices[125]: set x = 517.02002
[2026-09-18 10:06:56.182] [INFO ] DataDriver - root.p_Vertices[125]: set y = 682.280823
[2026-09-18 10:06:56.182] [INFO ] DataDriver - root.p_Vertices[125]: set z = 0.0
[2026-09-18 10:06:56.182] [INFO ] DataDriver - root.p_Vertices[126]: set id = "vertex_126"
[2026-09-18 10:06:56.182] [INFO ] DataDriver - root.p_Vertices[126]: set edge_id = "edge_15"
[2026-09-18 10:06:56.182] [INFO ] DataDriver - root.p_Vertices[126]: set edge_index = 22
[2026-09-18 10:06:56.182] [INFO ] DataDriver - root.p_Vertices[126]: set x = 517.430908
[2026-09-18 10:06:56.182] [INFO ] DataDriver - root.p_Vertices[126]: set y = 684.202515
[2026-09-18 10:06:56.182] [INFO ] DataDriver - root.p_Vertices[126]: set z = -8.0E-6
[2026-09-18 10:06:56.182] [INFO ] DataDriver - root.p_Vertices[127]: set id = "vertex_127"
[2026-09-18 10:06:56.182] [INFO ] DataDriver - root.p_Vertices[127]: set edge_id = "edge_15"
[2026-09-18 10:06:56.182] [INFO ] DataDriver - root.p_Vertices[127]: set edge_index = 23
[2026-09-18 10:06:56.182] [INFO ] DataDriver - root.p_Vertices[127]: set x = 518.077393
[2026-09-18 10:06:56.182] [INFO ] DataDriver - root.p_Vertices[127]: set y = 686.198792
[2026-09-18 10:06:56.182] [INFO ] DataDriver - root.p_Vertices[127]: set z = 0.0
[2026-09-18 10:06:56.182] [INFO ] DataDriver - root.p_Vertices[128]: set id = "vertex_128"
[2026-09-18 10:06:56.182] [INFO ] DataDriver - root.p_Vertices[128]: set edge_id = "edge_15"
[2026-09-18 10:06:56.182] [INFO ] DataDriver - root.p_Vertices[128]: set edge_index = 24
[2026-09-18 10:06:56.182] [INFO ] DataDriver - root.p_Vertices[128]: set x = 519.987061
[2026-09-18 10:06:56.182] [INFO ] DataDriver - root.p_Vertices[128]: set y = 690.360657
[2026-09-18 10:06:56.182] [INFO ] DataDriver - root.p_Vertices[128]: set z = 0.0
[2026-09-18 10:06:56.182] [INFO ] DataDriver - root.p_Vertices[129]: set id = "vertex_129"
[2026-09-18 10:06:56.182] [INFO ] DataDriver - root.p_Vertices[129]: set edge_id = "edge_15"
[2026-09-18 10:06:56.182] [INFO ] DataDriver - root.p_Vertices[129]: set edge_index = 25
[2026-09-18 10:06:56.183] [INFO ] DataDriver - root.p_Vertices[129]: set x = 523.101318
[2026-09-18 10:06:56.183] [INFO ] DataDriver - root.p_Vertices[129]: set y = 695.108185
[2026-09-18 10:06:56.183] [INFO ] DataDriver - root.p_Vertices[129]: set z = 0.0
[2026-09-18 10:06:56.183] [INFO ] DataDriver - root.p_Vertices[130]: set id = "vertex_130"
[2026-09-18 10:06:56.183] [INFO ] DataDriver - root.p_Vertices[130]: set edge_id = "edge_15"
[2026-09-18 10:06:56.183] [INFO ] DataDriver - root.p_Vertices[130]: set edge_index = 26
[2026-09-18 10:06:56.183] [INFO ] DataDriver - root.p_Vertices[130]: set x = 530.743164
[2026-09-18 10:06:56.183] [INFO ] DataDriver - root.p_Vertices[130]: set y = 704.352386
[2026-09-18 10:06:56.185] [INFO ] DataDriver - root.p_Vertices[130]: set z = 8.0E-6
[2026-09-18 10:06:56.185] [INFO ] DataDriver - root.p_Vertices[131]: set id = "vertex_131"
[2026-09-18 10:06:56.185] [INFO ] DataDriver - root.p_Vertices[131]: set edge_id = "edge_15"
[2026-09-18 10:06:56.185] [INFO ] DataDriver - root.p_Vertices[131]: set edge_index = 27
[2026-09-18 10:06:56.185] [INFO ] DataDriver - root.p_Vertices[131]: set x = 549.756836
[2026-09-18 10:06:56.185] [INFO ] DataDriver - root.p_Vertices[131]: set y = 724.322601
[2026-09-18 10:06:56.185] [INFO ] DataDriver - root.p_Vertices[131]: set z = 8.0E-6
[2026-09-18 10:06:56.185] [INFO ] DataDriver - root.p_Vertices[132]: set id = "vertex_132"
[2026-09-18 10:06:56.185] [INFO ] DataDriver - root.p_Vertices[132]: set edge_id = "edge_15"
[2026-09-18 10:06:56.185] [INFO ] DataDriver - root.p_Vertices[132]: set edge_index = 28
[2026-09-18 10:06:56.185] [INFO ] DataDriver - root.p_Vertices[132]: set x = 576.054199
[2026-09-18 10:06:56.185] [INFO ] DataDriver - root.p_Vertices[132]: set y = 747.581146
[2026-09-18 10:06:56.185] [INFO ] DataDriver - root.p_Vertices[132]: set z = 8.0E-6
[2026-09-18 10:06:56.185] [INFO ] DataDriver - root.p_Vertices[133]: set id = "vertex_133"
[2026-09-18 10:06:56.185] [INFO ] DataDriver - root.p_Vertices[133]: set edge_id = "edge_15"
[2026-09-18 10:06:56.185] [INFO ] DataDriver - root.p_Vertices[133]: set edge_index = 29
[2026-09-18 10:06:56.185] [INFO ] DataDriver - root.p_Vertices[133]: set x = 623.195435
[2026-09-18 10:06:56.185] [INFO ] DataDriver - root.p_Vertices[133]: set y = 796.836304
[2026-09-18 10:06:56.185] [INFO ] DataDriver - root.p_Vertices[133]: set z = 0.0
[2026-09-18 10:06:56.185] [INFO ] DataDriver - root.p_Vertices[134]: set id = "vertex_134"
[2026-09-18 10:06:56.185] [INFO ] DataDriver - root.p_Vertices[134]: set edge_id = "edge_15"
[2026-09-18 10:06:56.185] [INFO ] DataDriver - root.p_Vertices[134]: set edge_index = 30
[2026-09-18 10:06:56.185] [INFO ] DataDriver - root.p_Vertices[134]: set x = 724.486572
[2026-09-18 10:06:56.185] [INFO ] DataDriver - root.p_Vertices[134]: set y = 933.116837
[2026-09-18 10:06:56.185] [INFO ] DataDriver - root.p_Vertices[134]: set z = 0.0
[2026-09-18 10:06:56.185] [INFO ] DataDriver - root.p_Vertices[135]: set id = "vertex_135"
[2026-09-18 10:06:56.185] [INFO ] DataDriver - root.p_Vertices[135]: set edge_id = "edge_15"
[2026-09-18 10:06:56.186] [INFO ] DataDriver - root.p_Vertices[135]: set edge_index = 31
[2026-09-18 10:06:56.186] [INFO ] DataDriver - root.p_Vertices[135]: set x = 729.782104
[2026-09-18 10:06:56.186] [INFO ] DataDriver - root.p_Vertices[135]: set y = 939.019623
[2026-09-18 10:06:56.186] [INFO ] DataDriver - root.p_Vertices[135]: set z = 4.0E-6
[2026-09-18 10:06:56.186] [INFO ] DataDriver - root.p_Vertices[136]: set id = "vertex_136"
[2026-09-18 10:06:56.186] [INFO ] DataDriver - root.p_Vertices[136]: set edge_id = "edge_15"
[2026-09-18 10:06:56.186] [INFO ] DataDriver - root.p_Vertices[136]: set edge_index = 32
[2026-09-18 10:06:56.186] [INFO ] DataDriver - root.p_Vertices[136]: set x = 735.627808
[2026-09-18 10:06:56.186] [INFO ] DataDriver - root.p_Vertices[136]: set y = 944.59903
[2026-09-18 10:06:56.186] [INFO ] DataDriver - root.p_Vertices[136]: set z = 0.0
[2026-09-18 10:06:56.186] [INFO ] DataDriver - root.p_Vertices[137]: set id = "vertex_137"
[2026-09-18 10:06:56.186] [INFO ] DataDriver - root.p_Vertices[137]: set edge_id = "edge_15"
[2026-09-18 10:06:56.186] [INFO ] DataDriver - root.p_Vertices[137]: set edge_index = 33
[2026-09-18 10:06:56.186] [INFO ] DataDriver - root.p_Vertices[137]: set x = 754.071655
[2026-09-18 10:06:56.186] [INFO ] DataDriver - root.p_Vertices[137]: set y = 959.643677
[2026-09-18 10:06:56.186] [INFO ] DataDriver - root.p_Vertices[137]: set z = 0.0
[2026-09-18 10:06:56.186] [INFO ] DataDriver - root.p_Vertices[138]: set id = "vertex_138"
[2026-09-18 10:06:56.186] [INFO ] DataDriver - root.p_Vertices[138]: set edge_id = "edge_15"
[2026-09-18 10:06:56.186] [INFO ] DataDriver - root.p_Vertices[138]: set edge_index = 34
[2026-09-18 10:06:56.186] [INFO ] DataDriver - root.p_Vertices[138]: set x = 759.77478
[2026-09-18 10:06:56.186] [INFO ] DataDriver - root.p_Vertices[138]: set y = 963.671387
[2026-09-18 10:06:56.186] [INFO ] DataDriver - root.p_Vertices[138]: set z = 0.0
[2026-09-18 10:06:56.186] [INFO ] DataDriver - root.p_Vertices[139]: set id = "vertex_139"
[2026-09-18 10:06:56.186] [INFO ] DataDriver - root.p_Vertices[139]: set edge_id = "edge_15"
[2026-09-18 10:06:56.186] [INFO ] DataDriver - root.p_Vertices[139]: set edge_index = 35
[2026-09-18 10:06:56.186] [INFO ] DataDriver - root.p_Vertices[139]: set x = 810.52478
[2026-09-18 10:06:56.186] [INFO ] DataDriver - root.p_Vertices[139]: set y = 997.53006
[2026-09-18 10:06:56.186] [INFO ] DataDriver - root.p_Vertices[139]: set z = 0.0
[2026-09-18 10:06:56.186] [INFO ] DataDriver - root.p_Vertices[140]: set id = "vertex_140"
[2026-09-18 10:06:56.186] [INFO ] DataDriver - root.p_Vertices[140]: set edge_id = "edge_15"
[2026-09-18 10:06:56.186] [INFO ] DataDriver - root.p_Vertices[140]: set edge_index = 36
[2026-09-18 10:06:56.186] [INFO ] DataDriver - root.p_Vertices[140]: set x = 814.059814
[2026-09-18 10:06:56.186] [INFO ] DataDriver - root.p_Vertices[140]: set y = 1000.812302
[2026-09-18 10:06:56.186] [INFO ] DataDriver - root.p_Vertices[140]: set z = 8.0E-6
[2026-09-18 10:06:56.186] [INFO ] DataDriver - root.p_Vertices[141]: set id = "vertex_141"
[2026-09-18 10:06:56.186] [INFO ] DataDriver - root.p_Vertices[141]: set edge_id = "edge_15"
[2026-09-18 10:06:56.186] [INFO ] DataDriver - root.p_Vertices[141]: set edge_index = 37
[2026-09-18 10:06:56.186] [INFO ] DataDriver - root.p_Vertices[141]: set x = 816.946045
[2026-09-18 10:06:56.186] [INFO ] DataDriver - root.p_Vertices[141]: set y = 1003.933228
[2026-09-18 10:06:56.186] [INFO ] DataDriver - root.p_Vertices[141]: set z = -4.0E-6
[2026-09-18 10:06:56.186] [INFO ] DataDriver - root.p_Vertices[142]: set id = "vertex_142"
[2026-09-18 10:06:56.186] [INFO ] DataDriver - root.p_Vertices[142]: set edge_id = "edge_15"
[2026-09-18 10:06:56.186] [INFO ] DataDriver - root.p_Vertices[142]: set edge_index = 38
[2026-09-18 10:06:56.186] [INFO ] DataDriver - root.p_Vertices[142]: set x = 821.478149
[2026-09-18 10:06:56.186] [INFO ] DataDriver - root.p_Vertices[142]: set y = 1010.0206450000001
[2026-09-18 10:06:56.186] [INFO ] DataDriver - root.p_Vertices[142]: set z = 4.0E-6
[2026-09-18 10:06:56.186] [INFO ] DataDriver - root.p_Vertices[143]: set id = "vertex_143"
[2026-09-18 10:06:56.186] [INFO ] DataDriver - root.p_Vertices[143]: set edge_id = "edge_15"
[2026-09-18 10:06:56.186] [INFO ] DataDriver - root.p_Vertices[143]: set edge_index = 39
[2026-09-18 10:06:56.186] [INFO ] DataDriver - root.p_Vertices[143]: set x = 823.36438
[2026-09-18 10:06:56.186] [INFO ] DataDriver - root.p_Vertices[143]: set y = 1013.278107
[2026-09-18 10:06:56.186] [INFO ] DataDriver - root.p_Vertices[143]: set z = 8.0E-6
[2026-09-18 10:06:56.186] [INFO ] DataDriver - root.p_Vertices[144]: set id = "vertex_144"
[2026-09-18 10:06:56.186] [INFO ] DataDriver - root.p_Vertices[144]: set edge_id = "edge_15"
[2026-09-18 10:06:56.186] [INFO ] DataDriver - root.p_Vertices[144]: set edge_index = 40
[2026-09-18 10:06:56.186] [INFO ] DataDriver - root.p_Vertices[144]: set x = 824.967285
[2026-09-18 10:06:56.186] [INFO ] DataDriver - root.p_Vertices[144]: set y = 1016.819016
[2026-09-18 10:06:56.186] [INFO ] DataDriver - root.p_Vertices[144]: set z = 0.0
[2026-09-18 10:06:56.186] [INFO ] DataDriver - root.p_Vertices[145]: set id = "vertex_145"
[2026-09-18 10:06:56.186] [INFO ] DataDriver - root.p_Vertices[145]: set edge_id = "edge_15"
[2026-09-18 10:06:56.187] [INFO ] DataDriver - root.p_Vertices[145]: set edge_index = 41
[2026-09-18 10:06:56.187] [INFO ] DataDriver - root.p_Vertices[145]: set x = 826.324829
[2026-09-18 10:06:56.187] [INFO ] DataDriver - root.p_Vertices[145]: set y = 1020.569336
[2026-09-18 10:06:56.187] [INFO ] DataDriver - root.p_Vertices[145]: set z = 0.0
[2026-09-18 10:06:56.187] [INFO ] DataDriver - root.p_Vertices[146]: set id = "vertex_146"
[2026-09-18 10:06:56.187] [INFO ] DataDriver - root.p_Vertices[146]: set edge_id = "edge_15"
[2026-09-18 10:06:56.187] [INFO ] DataDriver - root.p_Vertices[146]: set edge_index = 42
[2026-09-18 10:06:56.187] [INFO ] DataDriver - root.p_Vertices[146]: set x = 827.3951420000001
[2026-09-18 10:06:56.187] [INFO ] DataDriver - root.p_Vertices[146]: set y = 1024.422104
[2026-09-18 10:06:56.187] [INFO ] DataDriver - root.p_Vertices[146]: set z = 8.0E-6
[2026-09-18 10:06:56.187] [INFO ] DataDriver - root.p_Vertices[147]: set id = "vertex_147"
[2026-09-18 10:06:56.187] [INFO ] DataDriver - root.p_Vertices[147]: set edge_id = "edge_15"
[2026-09-18 10:06:56.187] [INFO ] DataDriver - root.p_Vertices[147]: set edge_index = 43
[2026-09-18 10:06:56.187] [INFO ] DataDriver - root.p_Vertices[147]: set x = 827.946045
[2026-09-18 10:06:56.187] [INFO ] DataDriver - root.p_Vertices[147]: set y = 1028.334946
[2026-09-18 10:06:56.187] [INFO ] DataDriver - root.p_Vertices[147]: set z = 0.0
[2026-09-18 10:06:56.187] [INFO ] DataDriver - root.p_Vertices[148]: set id = "vertex_148"
[2026-09-18 10:06:56.187] [INFO ] DataDriver - root.p_Vertices[148]: set edge_id = "edge_15"
[2026-09-18 10:06:56.187] [INFO ] DataDriver - root.p_Vertices[148]: set edge_index = 44
[2026-09-18 10:06:56.187] [INFO ] DataDriver - root.p_Vertices[148]: set x = 827.7991939999999
[2026-09-18 10:06:56.187] [INFO ] DataDriver - root.p_Vertices[148]: set y = 1032.29686
[2026-09-18 10:06:56.187] [INFO ] DataDriver - root.p_Vertices[148]: set z = 0.0
[2026-09-18 10:06:56.187] [INFO ] DataDriver - root.p_Vertices[149]: set id = "vertex_149"
[2026-09-18 10:06:56.187] [INFO ] DataDriver - root.p_Vertices[149]: set edge_id = "edge_15"
[2026-09-18 10:06:56.187] [INFO ] DataDriver - root.p_Vertices[149]: set edge_index = 45
[2026-09-18 10:06:56.187] [INFO ] DataDriver - root.p_Vertices[149]: set x = 827.1289059999999
[2026-09-18 10:06:56.187] [INFO ] DataDriver - root.p_Vertices[149]: set y = 1036.253067
[2026-09-18 10:06:56.187] [INFO ] DataDriver - root.p_Vertices[149]: set z = 0.0
[2026-09-18 10:06:56.187] [INFO ] DataDriver - root.p_Vertices[150]: set id = "vertex_150"
[2026-09-18 10:06:56.187] [INFO ] DataDriver - root.p_Vertices[150]: set edge_id = "edge_15"
[2026-09-18 10:06:56.187] [INFO ] DataDriver - root.p_Vertices[150]: set edge_index = 46
[2026-09-18 10:06:56.187] [INFO ] DataDriver - root.p_Vertices[150]: set x = 826.1513669999999
[2026-09-18 10:06:56.187] [INFO ] DataDriver - root.p_Vertices[150]: set y = 1040.049515
[2026-09-18 10:06:56.187] [INFO ] DataDriver - root.p_Vertices[150]: set z = 8.0E-6
[2026-09-18 10:06:56.187] [INFO ] DataDriver - root.p_Vertices[151]: set id = "vertex_151"
[2026-09-18 10:06:56.187] [INFO ] DataDriver - root.p_Vertices[151]: set edge_id = "edge_15"
[2026-09-18 10:06:56.187] [INFO ] DataDriver - root.p_Vertices[151]: set edge_index = 47
[2026-09-18 10:06:56.187] [INFO ] DataDriver - root.p_Vertices[151]: set x = 824.880127
[2026-09-18 10:06:56.187] [INFO ] DataDriver - root.p_Vertices[151]: set y = 1043.420425
[2026-09-18 10:06:56.187] [INFO ] DataDriver - root.p_Vertices[151]: set z = 0.0
[2026-09-18 10:06:56.187] [INFO ] DataDriver - root.p_Vertices[152]: set id = "vertex_152"
[2026-09-18 10:06:56.187] [INFO ] DataDriver - root.p_Vertices[152]: set edge_id = "edge_15"
[2026-09-18 10:06:56.187] [INFO ] DataDriver - root.p_Vertices[152]: set edge_index = 48
[2026-09-18 10:06:56.187] [INFO ] DataDriver - root.p_Vertices[152]: set x = 823.262695
[2026-09-18 10:06:56.187] [INFO ] DataDriver - root.p_Vertices[152]: set y = 1046.18988
[2026-09-18 10:06:56.187] [INFO ] DataDriver - root.p_Vertices[152]: set z = -4.0E-6
[2026-09-18 10:06:56.187] [INFO ] DataDriver - root.p_Vertices[153]: set id = "vertex_153"
[2026-09-18 10:06:56.187] [INFO ] DataDriver - root.p_Vertices[153]: set edge_id = "edge_15"
[2026-09-18 10:06:56.187] [INFO ] DataDriver - root.p_Vertices[153]: set edge_index = 49
[2026-09-18 10:06:56.188] [INFO ] DataDriver - root.p_Vertices[153]: set x = 821.3702390000001
[2026-09-18 10:06:56.188] [INFO ] DataDriver - root.p_Vertices[153]: set y = 1048.499115
[2026-09-18 10:06:56.188] [INFO ] DataDriver - root.p_Vertices[153]: set z = 4.0E-6
[2026-09-18 10:06:56.188] [INFO ] DataDriver - root.p_Vertices[154]: set id = "vertex_154"
[2026-09-18 10:06:56.188] [INFO ] DataDriver - root.p_Vertices[154]: set edge_id = "edge_15"
[2026-09-18 10:06:56.188] [INFO ] DataDriver - root.p_Vertices[154]: set edge_index = 50
[2026-09-18 10:06:56.188] [INFO ] DataDriver - root.p_Vertices[154]: set x = 819.243896
[2026-09-18 10:06:56.188] [INFO ] DataDriver - root.p_Vertices[154]: set y = 1050.513504
[2026-09-18 10:06:56.188] [INFO ] DataDriver - root.p_Vertices[154]: set z = 4.0E-6
[2026-09-18 10:06:56.188] [INFO ] DataDriver - root.p_Vertices[155]: set id = "vertex_155"
[2026-09-18 10:06:56.188] [INFO ] DataDriver - root.p_Vertices[155]: set edge_id = "edge_15"
[2026-09-18 10:06:56.188] [INFO ] DataDriver - root.p_Vertices[155]: set edge_index = 51
[2026-09-18 10:06:56.188] [INFO ] DataDriver - root.p_Vertices[155]: set x = 816.764404
[2026-09-18 10:06:56.188] [INFO ] DataDriver - root.p_Vertices[155]: set y = 1052.19928
[2026-09-18 10:06:56.188] [INFO ] DataDriver - root.p_Vertices[155]: set z = 4.0E-6
[2026-09-18 10:06:56.188] [INFO ] DataDriver - root.p_Vertices[156]: set id = "vertex_156"
[2026-09-18 10:06:56.188] [INFO ] DataDriver - root.p_Vertices[156]: set edge_id = "edge_15"
[2026-09-18 10:06:56.188] [INFO ] DataDriver - root.p_Vertices[156]: set edge_index = 52
[2026-09-18 10:06:56.188] [INFO ] DataDriver - root.p_Vertices[156]: set x = 813.81958
[2026-09-18 10:06:56.188] [INFO ] DataDriver - root.p_Vertices[156]: set y = 1053.480209
[2026-09-18 10:06:56.188] [INFO ] DataDriver - root.p_Vertices[156]: set z = 0.0
[2026-09-18 10:06:56.188] [INFO ] DataDriver - root.p_Vertices[157]: set id = "vertex_157"
[2026-09-18 10:06:56.188] [INFO ] DataDriver - root.p_Vertices[157]: set edge_id = "edge_15"
[2026-09-18 10:06:56.188] [INFO ] DataDriver - root.p_Vertices[157]: set edge_index = 53
[2026-09-18 10:06:56.188] [INFO ] DataDriver - root.p_Vertices[157]: set x = 810.5069579999999
[2026-09-18 10:06:56.188] [INFO ] DataDriver - root.p_Vertices[157]: set y = 1054.4472660000001
[2026-09-18 10:06:56.188] [INFO ] DataDriver - root.p_Vertices[157]: set z = -4.0E-6
[2026-09-18 10:06:56.188] [INFO ] DataDriver - root.p_Vertices[158]: set id = "vertex_158"
[2026-09-18 10:06:56.188] [INFO ] DataDriver - root.p_Vertices[158]: set edge_id = "edge_15"
[2026-09-18 10:06:56.188] [INFO ] DataDriver - root.p_Vertices[158]: set edge_index = 54
[2026-09-18 10:06:56.188] [INFO ] DataDriver - root.p_Vertices[158]: set x = 806.900024
[2026-09-18 10:06:56.188] [INFO ] DataDriver - root.p_Vertices[158]: set y = 1055.179657
[2026-09-18 10:06:56.188] [INFO ] DataDriver - root.p_Vertices[158]: set z = 4.0E-6
[2026-09-18 10:06:56.188] [INFO ] DataDriver - root.p_Vertices[159]: set id = "vertex_159"
[2026-09-18 10:06:56.188] [INFO ] DataDriver - root.p_Vertices[159]: set edge_id = "edge_15"
[2026-09-18 10:06:56.188] [INFO ] DataDriver - root.p_Vertices[159]: set edge_index = 55
[2026-09-18 10:06:56.188] [INFO ] DataDriver - root.p_Vertices[159]: set x = 802.872437
[2026-09-18 10:06:56.188] [INFO ] DataDriver - root.p_Vertices[159]: set y = 1055.597168
[2026-09-18 10:06:56.188] [INFO ] DataDriver - root.p_Vertices[159]: set z = 0.0
[2026-09-18 10:06:56.188] [INFO ] DataDriver - root.p_Vertices[160]: set id = "vertex_160"
[2026-09-18 10:06:56.188] [INFO ] DataDriver - root.p_Vertices[160]: set edge_id = "edge_15"
[2026-09-18 10:06:56.188] [INFO ] DataDriver - root.p_Vertices[160]: set edge_index = 56
[2026-09-18 10:06:56.188] [INFO ] DataDriver - root.p_Vertices[160]: set x = 798.297485
[2026-09-18 10:06:56.188] [INFO ] DataDriver - root.p_Vertices[160]: set y = 1055.607864
[2026-09-18 10:06:56.188] [INFO ] DataDriver - root.p_Vertices[160]: set z = -4.0E-6
[2026-09-18 10:06:56.188] [INFO ] DataDriver - root.p_Vertices[161]: set id = "vertex_161"
[2026-09-18 10:06:56.188] [INFO ] DataDriver - root.p_Vertices[161]: set edge_id = "edge_15"
[2026-09-18 10:06:56.188] [INFO ] DataDriver - root.p_Vertices[161]: set edge_index = 57
[2026-09-18 10:06:56.188] [INFO ] DataDriver - root.p_Vertices[161]: set x = 787.954346
[2026-09-18 10:06:56.188] [INFO ] DataDriver - root.p_Vertices[161]: set y = 1054.684265
[2026-09-18 10:06:56.188] [INFO ] DataDriver - root.p_Vertices[161]: set z = 0.0
[2026-09-18 10:06:56.188] [INFO ] DataDriver - root.p_Vertices[162]: set id = "vertex_162"
[2026-09-18 10:06:56.188] [INFO ] DataDriver - root.p_Vertices[162]: set edge_id = "edge_15"
[2026-09-18 10:06:56.188] [INFO ] DataDriver - root.p_Vertices[162]: set edge_index = 58
[2026-09-18 10:06:56.188] [INFO ] DataDriver - root.p_Vertices[162]: set x = 782.1427
[2026-09-18 10:06:56.188] [INFO ] DataDriver - root.p_Vertices[162]: set y = 1053.645874
[2026-09-18 10:06:56.188] [INFO ] DataDriver - root.p_Vertices[162]: set z = 0.0
[2026-09-18 10:06:56.188] [INFO ] DataDriver - root.p_Vertices[163]: set id = "vertex_163"
[2026-09-18 10:06:56.188] [INFO ] DataDriver - root.p_Vertices[163]: set edge_id = "edge_15"
[2026-09-18 10:06:56.188] [INFO ] DataDriver - root.p_Vertices[163]: set edge_index = 59
[2026-09-18 10:06:56.188] [INFO ] DataDriver - root.p_Vertices[163]: set x = 768.852539
[2026-09-18 10:06:56.188] [INFO ] DataDriver - root.p_Vertices[163]: set y = 1049.884186
[2026-09-18 10:06:56.188] [INFO ] DataDriver - root.p_Vertices[163]: set z = 4.0E-6
[2026-09-18 10:06:56.188] [INFO ] DataDriver - root.p_Vertices[164]: set id = "vertex_164"
[2026-09-18 10:06:56.188] [INFO ] DataDriver - root.p_Vertices[164]: set edge_id = "edge_15"
[2026-09-18 10:06:56.188] [INFO ] DataDriver - root.p_Vertices[164]: set edge_index = 60
[2026-09-18 10:06:56.188] [INFO ] DataDriver - root.p_Vertices[164]: set x = 761.697144
[2026-09-18 10:06:56.188] [INFO ] DataDriver - root.p_Vertices[164]: set y = 1047.148834
[2026-09-18 10:06:56.188] [INFO ] DataDriver - root.p_Vertices[164]: set z = 0.0
[2026-09-18 10:06:56.188] [INFO ] DataDriver - root.p_Vertices[165]: set id = "vertex_165"
[2026-09-18 10:06:56.188] [INFO ] DataDriver - root.p_Vertices[165]: set edge_id = "edge_15"
[2026-09-18 10:06:56.188] [INFO ] DataDriver - root.p_Vertices[165]: set edge_index = 61
[2026-09-18 10:06:56.188] [INFO ] DataDriver - root.p_Vertices[165]: set x = 754.193237
[2026-09-18 10:06:56.188] [INFO ] DataDriver - root.p_Vertices[165]: set y = 1043.376907
[2026-09-18 10:06:56.188] [INFO ] DataDriver - root.p_Vertices[165]: set z = 4.0E-6
[2026-09-18 10:06:56.188] [INFO ] DataDriver - root.p_Vertices[166]: set id = "vertex_166"
[2026-09-18 10:06:56.188] [INFO ] DataDriver - root.p_Vertices[166]: set edge_id = "edge_15"
[2026-09-18 10:06:56.188] [INFO ] DataDriver - root.p_Vertices[166]: set edge_index = 62
[2026-09-18 10:06:56.188] [INFO ] DataDriver - root.p_Vertices[166]: set x = 738.0158690000001
[2026-09-18 10:06:56.188] [INFO ] DataDriver - root.p_Vertices[166]: set y = 1031.906418
[2026-09-18 10:06:56.188] [INFO ] DataDriver - root.p_Vertices[166]: set z = 8.0E-6
[2026-09-18 10:06:56.188] [INFO ] DataDriver - root.p_Vertices[167]: set id = "vertex_167"
[2026-09-18 10:06:56.188] [INFO ] DataDriver - root.p_Vertices[167]: set edge_id = "edge_15"
[2026-09-18 10:06:56.188] [INFO ] DataDriver - root.p_Vertices[167]: set edge_index = 63
[2026-09-18 10:06:56.188] [INFO ] DataDriver - root.p_Vertices[167]: set x = 667.378052
[2026-09-18 10:06:56.188] [INFO ] DataDriver - root.p_Vertices[167]: set y = 966.792465
[2026-09-18 10:06:56.188] [INFO ] DataDriver - root.p_Vertices[167]: set z = -4.0E-6
[2026-09-18 10:06:56.188] [INFO ] DataDriver - root.p_Vertices[168]: set id = "vertex_168"
[2026-09-18 10:06:56.188] [INFO ] DataDriver - root.p_Vertices[168]: set edge_id = "edge_15"
[2026-09-18 10:06:56.188] [INFO ] DataDriver - root.p_Vertices[168]: set edge_index = 64
[2026-09-18 10:06:56.188] [INFO ] DataDriver - root.p_Vertices[168]: set x = 651.803345
[2026-09-18 10:06:56.188] [INFO ] DataDriver - root.p_Vertices[168]: set y = 956.3940729999999
[2026-09-18 10:06:56.188] [INFO ] DataDriver - root.p_Vertices[168]: set z = 0.0
[2026-09-18 10:06:56.188] [INFO ] DataDriver - root.p_Vertices[169]: set id = "vertex_169"
[2026-09-18 10:06:56.188] [INFO ] DataDriver - root.p_Vertices[169]: set edge_id = "edge_15"
[2026-09-18 10:06:56.188] [INFO ] DataDriver - root.p_Vertices[169]: set edge_index = 65
[2026-09-18 10:06:56.188] [INFO ] DataDriver - root.p_Vertices[169]: set x = 605.578125
[2026-09-18 10:06:56.188] [INFO ] DataDriver - root.p_Vertices[169]: set y = 935.2052610000001
[2026-09-18 10:06:56.188] [INFO ] DataDriver - root.p_Vertices[169]: set z = 8.0E-6
[2026-09-18 10:06:56.188] [INFO ] DataDriver - root.p_Vertices[170]: set id = "vertex_170"
[2026-09-18 10:06:56.188] [INFO ] DataDriver - root.p_Vertices[170]: set edge_id = "edge_15"
[2026-09-18 10:06:56.188] [INFO ] DataDriver - root.p_Vertices[170]: set edge_index = 66
[2026-09-18 10:06:56.188] [INFO ] DataDriver - root.p_Vertices[170]: set x = 540.050781
[2026-09-18 10:06:56.188] [INFO ] DataDriver - root.p_Vertices[170]: set y = 914.88205
[2026-09-18 10:06:56.189] [INFO ] DataDriver - root.p_Vertices[170]: set z = 0.0
[2026-09-18 10:06:56.189] [INFO ] DataDriver - root.p_Vertices[171]: set id = "vertex_171"
[2026-09-18 10:06:56.189] [INFO ] DataDriver - root.p_Vertices[171]: set edge_id = "edge_15"
[2026-09-18 10:06:56.189] [INFO ] DataDriver - root.p_Vertices[171]: set edge_index = 67
[2026-09-18 10:06:56.189] [INFO ] DataDriver - root.p_Vertices[171]: set x = 433.394897
[2026-09-18 10:06:56.189] [INFO ] DataDriver - root.p_Vertices[171]: set y = 894.302628
[2026-09-18 10:06:56.189] [INFO ] DataDriver - root.p_Vertices[171]: set z = 0.0
[2026-09-18 10:06:56.189] [INFO ] DataDriver - root.p_Vertices[172]: set id = "vertex_172"
[2026-09-18 10:06:56.189] [INFO ] DataDriver - root.p_Vertices[172]: set edge_id = "edge_15"
[2026-09-18 10:06:56.189] [INFO ] DataDriver - root.p_Vertices[172]: set edge_index = 68
[2026-09-18 10:06:56.189] [INFO ] DataDriver - root.p_Vertices[172]: set x = 366.79797399999995
[2026-09-18 10:06:56.189] [INFO ] DataDriver - root.p_Vertices[172]: set y = 886.497665
[2026-09-18 10:06:56.189] [INFO ] DataDriver - root.p_Vertices[172]: set z = -4.0E-6
[2026-09-18 10:06:56.189] [INFO ] DataDriver - root.p_Vertices[173]: set id = "vertex_173"
[2026-09-18 10:06:56.189] [INFO ] DataDriver - root.p_Vertices[173]: set edge_id = "edge_15"
[2026-09-18 10:06:56.189] [INFO ] DataDriver - root.p_Vertices[173]: set edge_index = 69
[2026-09-18 10:06:56.189] [INFO ] DataDriver - root.p_Vertices[173]: set x = 305.12182600000006
[2026-09-18 10:06:56.189] [INFO ] DataDriver - root.p_Vertices[173]: set y = 885.234375
[2026-09-18 10:06:56.189] [INFO ] DataDriver - root.p_Vertices[173]: set z = 4.0E-6
[2026-09-18 10:06:56.189] [INFO ] DataDriver - root.p_Vertices[174]: set id = "vertex_174"
[2026-09-18 10:06:56.189] [INFO ] DataDriver - root.p_Vertices[174]: set edge_id = "edge_15"
[2026-09-18 10:06:56.189] [INFO ] DataDriver - root.p_Vertices[174]: set edge_index = 70
[2026-09-18 10:06:56.189] [INFO ] DataDriver - root.p_Vertices[174]: set x = 285.22241199999996
[2026-09-18 10:06:56.189] [INFO ] DataDriver - root.p_Vertices[174]: set y = 887.265717
[2026-09-18 10:06:56.189] [INFO ] DataDriver - root.p_Vertices[174]: set z = 0.0
[2026-09-18 10:06:56.189] [INFO ] DataDriver - root.p_Vertices[175]: set id = "vertex_175"
[2026-09-18 10:06:56.189] [INFO ] DataDriver - root.p_Vertices[175]: set edge_id = "edge_15"
[2026-09-18 10:06:56.189] [INFO ] DataDriver - root.p_Vertices[175]: set edge_index = 71
[2026-09-18 10:06:56.189] [INFO ] DataDriver - root.p_Vertices[175]: set x = 265.6604
[2026-09-18 10:06:56.189] [INFO ] DataDriver - root.p_Vertices[175]: set y = 891.456741
[2026-09-18 10:06:56.189] [INFO ] DataDriver - root.p_Vertices[175]: set z = 4.0E-6
[2026-09-18 10:06:56.189] [INFO ] DataDriver - root.p_Vertices[176]: set id = "vertex_176"
[2026-09-18 10:06:56.189] [INFO ] DataDriver - root.p_Vertices[176]: set edge_id = "edge_15"
[2026-09-18 10:06:56.189] [INFO ] DataDriver - root.p_Vertices[176]: set edge_index = 72
[2026-09-18 10:06:56.189] [INFO ] DataDriver - root.p_Vertices[176]: set x = 228.73022500000002
[2026-09-18 10:06:56.189] [INFO ] DataDriver - root.p_Vertices[176]: set y = 903.584534
[2026-09-18 10:06:56.189] [INFO ] DataDriver - root.p_Vertices[176]: set z = 8.0E-6
[2026-09-18 10:06:56.189] [INFO ] DataDriver - root.p_Vertices[177]: set id = "vertex_177"
[2026-09-18 10:06:56.189] [INFO ] DataDriver - root.p_Vertices[177]: set edge_id = "edge_15"
[2026-09-18 10:06:56.189] [INFO ] DataDriver - root.p_Vertices[177]: set edge_index = 73
[2026-09-18 10:06:56.189] [INFO ] DataDriver - root.p_Vertices[177]: set x = 213.62719700000002
[2026-09-18 10:06:56.189] [INFO ] DataDriver - root.p_Vertices[177]: set y = 910.142715
[2026-09-18 10:06:56.189] [INFO ] DataDriver - root.p_Vertices[177]: set z = 0.0
[2026-09-18 10:06:56.189] [INFO ] DataDriver - root.p_Vertices[178]: set id = "vertex_178"
[2026-09-18 10:06:56.189] [INFO ] DataDriver - root.p_Vertices[178]: set edge_id = "edge_15"
[2026-09-18 10:06:56.189] [INFO ] DataDriver - root.p_Vertices[178]: set edge_index = 74
[2026-09-18 10:06:56.189] [INFO ] DataDriver - root.p_Vertices[178]: set x = 202.33410600000002
[2026-09-18 10:06:56.189] [INFO ] DataDriver - root.p_Vertices[178]: set y = 916.729004
[2026-09-18 10:06:56.189] [INFO ] DataDriver - root.p_Vertices[178]: set z = 0.0
[2026-09-18 10:06:56.189] [INFO ] DataDriver - root.p_Vertices[179]: set id = "vertex_179"
[2026-09-18 10:06:56.189] [INFO ] DataDriver - root.p_Vertices[179]: set edge_id = "edge_15"
[2026-09-18 10:06:56.189] [INFO ] DataDriver - root.p_Vertices[179]: set edge_index = 75
[2026-09-18 10:06:56.189] [INFO ] DataDriver - root.p_Vertices[179]: set x = 168.12866199999996
[2026-09-18 10:06:56.189] [INFO ] DataDriver - root.p_Vertices[179]: set y = 945.239014
[2026-09-18 10:06:56.189] [INFO ] DataDriver - root.p_Vertices[179]: set z = 0.0
[2026-09-18 10:06:56.189] [INFO ] DataDriver - root.p_Vertices[180]: set id = "vertex_180"
[2026-09-18 10:06:56.189] [INFO ] DataDriver - root.p_Vertices[180]: set edge_id = "edge_15"
[2026-09-18 10:06:56.189] [INFO ] DataDriver - root.p_Vertices[180]: set edge_index = 76
[2026-09-18 10:06:56.190] [INFO ] DataDriver - root.p_Vertices[180]: set x = 164.17553699999996
[2026-09-18 10:06:56.190] [INFO ] DataDriver - root.p_Vertices[180]: set y = 947.676071
[2026-09-18 10:06:56.190] [INFO ] DataDriver - root.p_Vertices[180]: set z = 4.0E-6
[2026-09-18 10:06:56.190] [INFO ] DataDriver - root.p_Vertices[181]: set id = "vertex_181"
[2026-09-18 10:06:56.190] [INFO ] DataDriver - root.p_Vertices[181]: set edge_id = "edge_15"
[2026-09-18 10:06:56.190] [INFO ] DataDriver - root.p_Vertices[181]: set edge_index = 77
[2026-09-18 10:06:56.190] [INFO ] DataDriver - root.p_Vertices[181]: set x = 159.93786599999999
[2026-09-18 10:06:56.190] [INFO ] DataDriver - root.p_Vertices[181]: set y = 949.621246
[2026-09-18 10:06:56.190] [INFO ] DataDriver - root.p_Vertices[181]: set z = 0.0
[2026-09-18 10:06:56.190] [INFO ] DataDriver - root.p_Vertices[182]: set id = "vertex_182"
[2026-09-18 10:06:56.190] [INFO ] DataDriver - root.p_Vertices[182]: set edge_id = "edge_15"
[2026-09-18 10:06:56.190] [INFO ] DataDriver - root.p_Vertices[182]: set edge_index = 78
[2026-09-18 10:06:56.190] [INFO ] DataDriver - root.p_Vertices[182]: set x = 150.97412099999997
[2026-09-18 10:06:56.190] [INFO ] DataDriver - root.p_Vertices[182]: set y = 952.466385
[2026-09-18 10:06:56.190] [INFO ] DataDriver - root.p_Vertices[182]: set z = 0.0
[2026-09-18 10:06:56.190] [INFO ] DataDriver - root.p_Vertices[183]: set id = "vertex_183"
[2026-09-18 10:06:56.190] [INFO ] DataDriver - root.p_Vertices[183]: set edge_id = "edge_15"
[2026-09-18 10:06:56.190] [INFO ] DataDriver - root.p_Vertices[183]: set edge_index = 79
[2026-09-18 10:06:56.190] [INFO ] DataDriver - root.p_Vertices[183]: set x = 146.45727499999998
[2026-09-18 10:06:56.190] [INFO ] DataDriver - root.p_Vertices[183]: set y = 953.376022
[2026-09-18 10:06:56.190] [INFO ] DataDriver - root.p_Vertices[183]: set z = 0.0
[2026-09-18 10:06:56.190] [INFO ] DataDriver - root.p_Vertices[184]: set id = "vertex_184"
[2026-09-18 10:06:56.190] [INFO ] DataDriver - root.p_Vertices[184]: set edge_id = "edge_15"
[2026-09-18 10:06:56.190] [INFO ] DataDriver - root.p_Vertices[184]: set edge_index = 80
[2026-09-18 10:06:56.190] [INFO ] DataDriver - root.p_Vertices[184]: set x = 141.97289999999998
[2026-09-18 10:06:56.190] [INFO ] DataDriver - root.p_Vertices[184]: set y = 953.818176
[2026-09-18 10:06:56.190] [INFO ] DataDriver - root.p_Vertices[184]: set z = 4.0E-6
[2026-09-18 10:06:56.190] [INFO ] DataDriver - root.p_Vertices[185]: set id = "vertex_185"
[2026-09-18 10:06:56.190] [INFO ] DataDriver - root.p_Vertices[185]: set edge_id = "edge_15"
[2026-09-18 10:06:56.190] [INFO ] DataDriver - root.p_Vertices[185]: set edge_index = 81
[2026-09-18 10:06:56.190] [INFO ] DataDriver - root.p_Vertices[185]: set x = 129.701904
[2026-09-18 10:06:56.190] [INFO ] DataDriver - root.p_Vertices[185]: set y = 953.579819
[2026-09-18 10:06:56.190] [INFO ] DataDriver - root.p_Vertices[185]: set z = 0.0
[2026-09-18 10:06:56.190] [INFO ] DataDriver - root.p_Vertices[186]: set id = "vertex_186"
[2026-09-18 10:06:56.190] [INFO ] DataDriver - root.p_Vertices[186]: set edge_id = "edge_15"
[2026-09-18 10:06:56.190] [INFO ] DataDriver - root.p_Vertices[186]: set edge_index = 82
[2026-09-18 10:06:56.190] [INFO ] DataDriver - root.p_Vertices[186]: set x = 126.75122099999999
[2026-09-18 10:06:56.190] [INFO ] DataDriver - root.p_Vertices[186]: set y = 953.155304
[2026-09-18 10:06:56.190] [INFO ] DataDriver - root.p_Vertices[186]: set z = -4.0E-6
[2026-09-18 10:06:56.190] [INFO ] DataDriver - root.p_Vertices[187]: set id = "vertex_187"
[2026-09-18 10:06:56.190] [INFO ] DataDriver - root.p_Vertices[187]: set edge_id = "edge_15"
[2026-09-18 10:06:56.190] [INFO ] DataDriver - root.p_Vertices[187]: set edge_index = 83
[2026-09-18 10:06:56.190] [INFO ] DataDriver - root.p_Vertices[187]: set x = 124.322632
[2026-09-18 10:06:56.190] [INFO ] DataDriver - root.p_Vertices[187]: set y = 952.597031
[2026-09-18 10:06:56.190] [INFO ] DataDriver - root.p_Vertices[187]: set z = 4.0E-6
[2026-09-18 10:06:56.190] [INFO ] DataDriver - root.p_Vertices[188]: set id = "vertex_188"
[2026-09-18 10:06:56.190] [INFO ] DataDriver - root.p_Vertices[188]: set edge_id = "edge_15"
[2026-09-18 10:06:56.190] [INFO ] DataDriver - root.p_Vertices[188]: set edge_index = 84
[2026-09-18 10:06:56.190] [INFO ] DataDriver - root.p_Vertices[188]: set x = 120.006348
[2026-09-18 10:06:56.190] [INFO ] DataDriver - root.p_Vertices[188]: set y = 951.200531
[2026-09-18 10:06:56.190] [INFO ] DataDriver - root.p_Vertices[188]: set z = 0.0
[2026-09-18 10:06:56.190] [INFO ] DataDriver - root.p_Vertices[189]: set id = "vertex_189"
[2026-09-18 10:06:56.190] [INFO ] DataDriver - root.p_Vertices[189]: set edge_id = "edge_15"
[2026-09-18 10:06:56.190] [INFO ] DataDriver - root.p_Vertices[189]: set edge_index = 85
[2026-09-18 10:06:56.190] [INFO ] DataDriver - root.p_Vertices[189]: set x = 113.91796899999997
[2026-09-18 10:06:56.190] [INFO ] DataDriver - root.p_Vertices[189]: set y = 948.313614
[2026-09-18 10:06:56.190] [INFO ] DataDriver - root.p_Vertices[189]: set z = 4.0E-6
[2026-09-18 10:06:56.190] [INFO ] DataDriver - root.p_Vertices[190]: set id = "vertex_190"
[2026-09-18 10:06:56.190] [INFO ] DataDriver - root.p_Vertices[190]: set edge_id = "edge_15"
[2026-09-18 10:06:56.190] [INFO ] DataDriver - root.p_Vertices[190]: set edge_index = 86
[2026-09-18 10:06:56.190] [INFO ] DataDriver - root.p_Vertices[190]: set x = 110.11547900000005
[2026-09-18 10:06:56.190] [INFO ] DataDriver - root.p_Vertices[190]: set y = 945.921646
[2026-09-18 10:06:56.190] [INFO ] DataDriver - root.p_Vertices[190]: set z = 0.0
[2026-09-18 10:06:56.190] [INFO ] DataDriver - root.p_Vertices[191]: set id = "vertex_191"
[2026-09-18 10:06:56.190] [INFO ] DataDriver - root.p_Vertices[191]: set edge_id = "edge_15"
[2026-09-18 10:06:56.190] [INFO ] DataDriver - root.p_Vertices[191]: set edge_index = 87
[2026-09-18 10:06:56.190] [INFO ] DataDriver - root.p_Vertices[191]: set x = 106.573486
[2026-09-18 10:06:56.190] [INFO ] DataDriver - root.p_Vertices[191]: set y = 943.143921
[2026-09-18 10:06:56.190] [INFO ] DataDriver - root.p_Vertices[191]: set z = 0.0
[2026-09-18 10:06:56.190] [INFO ] DataDriver - root.p_Vertices[192]: set id = "vertex_192"
[2026-09-18 10:06:56.190] [INFO ] DataDriver - root.p_Vertices[192]: set edge_id = "edge_15"
[2026-09-18 10:06:56.190] [INFO ] DataDriver - root.p_Vertices[192]: set edge_index = 88
[2026-09-18 10:06:56.190] [INFO ] DataDriver - root.p_Vertices[192]: set x = 103.34277299999997
[2026-09-18 10:06:56.190] [INFO ] DataDriver - root.p_Vertices[192]: set y = 940.018021
[2026-09-18 10:06:56.190] [INFO ] DataDriver - root.p_Vertices[192]: set z = -4.0E-6
[2026-09-18 10:06:56.190] [INFO ] DataDriver - root.p_Vertices[193]: set id = "vertex_193"
[2026-09-18 10:06:56.190] [INFO ] DataDriver - root.p_Vertices[193]: set edge_id = "edge_15"
[2026-09-18 10:06:56.190] [INFO ] DataDriver - root.p_Vertices[193]: set edge_index = 89
[2026-09-18 10:06:56.190] [INFO ] DataDriver - root.p_Vertices[193]: set x = 100.43457000000001
[2026-09-18 10:06:56.190] [INFO ] DataDriver - root.p_Vertices[193]: set y = 936.566513
[2026-09-18 10:06:56.190] [INFO ] DataDriver - root.p_Vertices[193]: set z = 4.0E-6
[2026-09-18 10:06:56.190] [INFO ] DataDriver - root.p_Vertices[194]: set id = "vertex_194"
[2026-09-18 10:06:56.190] [INFO ] DataDriver - root.p_Vertices[194]: set edge_id = "edge_15"
[2026-09-18 10:06:56.190] [INFO ] DataDriver - root.p_Vertices[194]: set edge_index = 90
[2026-09-18 10:06:56.190] [INFO ] DataDriver - root.p_Vertices[194]: set x = 97.87914999999998
[2026-09-18 10:06:56.190] [INFO ] DataDriver - root.p_Vertices[194]: set y = 932.847717
[2026-09-18 10:06:56.190] [INFO ] DataDriver - root.p_Vertices[194]: set z = 8.0E-6
[2026-09-18 10:06:56.190] [INFO ] DataDriver - root.p_Vertices[195]: set id = "vertex_195"
[2026-09-18 10:06:56.190] [INFO ] DataDriver - root.p_Vertices[195]: set edge_id = "edge_15"
[2026-09-18 10:06:56.190] [INFO ] DataDriver - root.p_Vertices[195]: set edge_index = 91
[2026-09-18 10:06:56.190] [INFO ] DataDriver - root.p_Vertices[195]: set x = 95.670166
[2026-09-18 10:06:56.190] [INFO ] DataDriver - root.p_Vertices[195]: set y = 928.900513
[2026-09-18 10:06:56.190] [INFO ] DataDriver - root.p_Vertices[195]: set z = 0.0
[2026-09-18 10:06:56.190] [INFO ] DataDriver - root.p_Vertices[196]: set id = "vertex_196"
[2026-09-18 10:06:56.190] [INFO ] DataDriver - root.p_Vertices[196]: set edge_id = "edge_15"
[2026-09-18 10:06:56.190] [INFO ] DataDriver - root.p_Vertices[196]: set edge_index = 92
[2026-09-18 10:06:56.190] [INFO ] DataDriver - root.p_Vertices[196]: set x = 93.82397500000002
[2026-09-18 10:06:56.191] [INFO ] DataDriver - root.p_Vertices[196]: set y = 924.7939
[2026-09-18 10:06:56.191] [INFO ] DataDriver - root.p_Vertices[196]: set z = 4.0E-6
[2026-09-18 10:06:56.191] [INFO ] DataDriver - root.p_Vertices[197]: set id = "vertex_197"
[2026-09-18 10:06:56.191] [INFO ] DataDriver - root.p_Vertices[197]: set edge_id = "edge_15"
[2026-09-18 10:06:56.191] [INFO ] DataDriver - root.p_Vertices[197]: set edge_index = 93
[2026-09-18 10:06:56.191] [INFO ] DataDriver - root.p_Vertices[197]: set x = 91.70654300000001
[2026-09-18 10:06:56.191] [INFO ] DataDriver - root.p_Vertices[197]: set y = 918.299217
[2026-09-18 10:06:56.191] [INFO ] DataDriver - root.p_Vertices[197]: set z = 4.0E-6
[2026-09-18 10:06:56.191] [INFO ] DataDriver - root.p_Vertices[198]: set id = "vertex_198"
[2026-09-18 10:06:56.191] [INFO ] DataDriver - root.p_Vertices[198]: set edge_id = "edge_15"
[2026-09-18 10:06:56.191] [INFO ] DataDriver - root.p_Vertices[198]: set edge_index = 94
[2026-09-18 10:06:56.191] [INFO ] DataDriver - root.p_Vertices[198]: set x = 90.39050299999997
[2026-09-18 10:06:56.191] [INFO ] DataDriver - root.p_Vertices[198]: set y = 911.187286
[2026-09-18 10:06:56.191] [INFO ] DataDriver - root.p_Vertices[198]: set z = 0.0
[2026-09-18 10:06:56.191] [INFO ] DataDriver - root.p_Vertices[199]: set id = "vertex_199"
[2026-09-18 10:06:56.191] [INFO ] DataDriver - root.p_Vertices[199]: set edge_id = "edge_15"
[2026-09-18 10:06:56.191] [INFO ] DataDriver - root.p_Vertices[199]: set edge_index = 95
[2026-09-18 10:06:56.191] [INFO ] DataDriver - root.p_Vertices[199]: set x = 89.92553699999996
[2026-09-18 10:06:56.191] [INFO ] DataDriver - root.p_Vertices[199]: set y = 906.480331
[2026-09-18 10:06:56.191] [INFO ] DataDriver - root.p_Vertices[199]: set z = 0.0
[2026-09-18 10:06:56.191] [INFO ] DataDriver - root.p_Vertices[200]: set id = "vertex_200"
[2026-09-18 10:06:56.191] [INFO ] DataDriver - root.p_Vertices[200]: set edge_id = "edge_18"
[2026-09-18 10:06:56.191] [INFO ] DataDriver - root.p_Vertices[200]: set edge_index = 1
[2026-09-18 10:06:56.191] [INFO ] DataDriver - root.p_Vertices[200]: set x = 2780.946899
[2026-09-18 10:06:56.191] [INFO ] DataDriver - root.p_Vertices[200]: set y = 1019.857971
[2026-09-18 10:06:56.191] [INFO ] DataDriver - root.p_Vertices[200]: set z = 0.0
[2026-09-18 10:06:56.191] [INFO ] DataDriver - root.p_Vertices[201]: set id = "vertex_201"
[2026-09-18 10:06:56.191] [INFO ] DataDriver - root.p_Vertices[201]: set edge_id = "edge_18"
[2026-09-18 10:06:56.191] [INFO ] DataDriver - root.p_Vertices[201]: set edge_index = 0
[2026-09-18 10:06:56.191] [INFO ] DataDriver - root.p_Vertices[201]: set x = 2783.990723
[2026-09-18 10:06:56.191] [INFO ] DataDriver - root.p_Vertices[201]: set y = 1022.196121
[2026-09-18 10:06:56.191] [INFO ] DataDriver - root.p_Vertices[201]: set z = 0.0
[2026-09-18 10:06:56.191] [INFO ] DataDriver - root.p_Vertices[202]: set id = "vertex_202"
[2026-09-18 10:06:56.191] [INFO ] DataDriver - root.p_Vertices[202]: set edge_id = "edge_20"
[2026-09-18 10:06:56.191] [INFO ] DataDriver - root.p_Vertices[202]: set edge_index = 1
[2026-09-18 10:06:56.191] [INFO ] DataDriver - root.p_Vertices[202]: set x = 1590.116882
[2026-09-18 10:06:56.191] [INFO ] DataDriver - root.p_Vertices[202]: set y = 1069.133484
[2026-09-18 10:06:56.191] [INFO ] DataDriver - root.p_Vertices[202]: set z = 0.0
[2026-09-18 10:06:56.191] [INFO ] DataDriver - root.p_Vertices[203]: set id = "vertex_203"
[2026-09-18 10:06:56.191] [INFO ] DataDriver - root.p_Vertices[203]: set edge_id = "edge_20"
[2026-09-18 10:06:56.191] [INFO ] DataDriver - root.p_Vertices[203]: set edge_index = 0
[2026-09-18 10:06:56.191] [INFO ] DataDriver - root.p_Vertices[203]: set x = 1575.072205
[2026-09-18 10:06:56.191] [INFO ] DataDriver - root.p_Vertices[203]: set y = 1071.253113
[2026-09-18 10:06:56.191] [INFO ] DataDriver - root.p_Vertices[203]: set z = 8.0E-6
[2026-09-18 10:06:56.191] [INFO ] DataDriver - root.p_Vertices[204]: set id = "vertex_204"
[2026-09-18 10:06:56.191] [INFO ] DataDriver - root.p_Vertices[204]: set edge_id = "edge_23"
[2026-09-18 10:06:56.191] [INFO ] DataDriver - root.p_Vertices[204]: set edge_index = 10
[2026-09-18 10:06:56.191] [INFO ] DataDriver - root.p_Vertices[204]: set x = 2376.25769
[2026-09-18 10:06:56.191] [INFO ] DataDriver - root.p_Vertices[204]: set y = 1189.402222
[2026-09-18 10:06:56.191] [INFO ] DataDriver - root.p_Vertices[204]: set z = 0.0
[2026-09-18 10:06:56.191] [INFO ] DataDriver - root.p_Vertices[205]: set id = "vertex_205"
[2026-09-18 10:06:56.191] [INFO ] DataDriver - root.p_Vertices[205]: set edge_id = "edge_23"
[2026-09-18 10:06:56.191] [INFO ] DataDriver - root.p_Vertices[205]: set edge_index = 9
[2026-09-18 10:06:56.191] [INFO ] DataDriver - root.p_Vertices[205]: set x = 2384.052734
[2026-09-18 10:06:56.191] [INFO ] DataDriver - root.p_Vertices[205]: set y = 1177.984314
[2026-09-18 10:06:56.191] [INFO ] DataDriver - root.p_Vertices[205]: set z = -8.0E-6
[2026-09-18 10:06:56.191] [INFO ] DataDriver - root.p_Vertices[206]: set id = "vertex_206"
[2026-09-18 10:06:56.191] [INFO ] DataDriver - root.p_Vertices[206]: set edge_id = "edge_23"
[2026-09-18 10:06:56.191] [INFO ] DataDriver - root.p_Vertices[206]: set edge_index = 8
[2026-09-18 10:06:56.191] [INFO ] DataDriver - root.p_Vertices[206]: set x = 2386.236572
[2026-09-18 10:06:56.191] [INFO ] DataDriver - root.p_Vertices[206]: set y = 1173.85022
[2026-09-18 10:06:56.191] [INFO ] DataDriver - root.p_Vertices[206]: set z = 0.0
[2026-09-18 10:06:56.191] [INFO ] DataDriver - root.p_Vertices[207]: set id = "vertex_207"
[2026-09-18 10:06:56.191] [INFO ] DataDriver - root.p_Vertices[207]: set edge_id = "edge_23"
[2026-09-18 10:06:56.191] [INFO ] DataDriver - root.p_Vertices[207]: set edge_index = 7
[2026-09-18 10:06:56.191] [INFO ] DataDriver - root.p_Vertices[207]: set x = 2387.946289
[2026-09-18 10:06:56.191] [INFO ] DataDriver - root.p_Vertices[207]: set y = 1169.555023
[2026-09-18 10:06:56.191] [INFO ] DataDriver - root.p_Vertices[207]: set z = 8.0E-6
[2026-09-18 10:06:56.191] [INFO ] DataDriver - root.p_Vertices[208]: set id = "vertex_208"
[2026-09-18 10:06:56.191] [INFO ] DataDriver - root.p_Vertices[208]: set edge_id = "edge_23"
[2026-09-18 10:06:56.191] [INFO ] DataDriver - root.p_Vertices[208]: set edge_index = 6
[2026-09-18 10:06:56.191] [INFO ] DataDriver - root.p_Vertices[208]: set x = 2388.593994
[2026-09-18 10:06:56.191] [INFO ] DataDriver - root.p_Vertices[208]: set y = 1167.370026
[2026-09-18 10:06:56.191] [INFO ] DataDriver - root.p_Vertices[208]: set z = 0.0
[2026-09-18 10:06:56.191] [INFO ] DataDriver - root.p_Vertices[209]: set id = "vertex_209"
[2026-09-18 10:06:56.191] [INFO ] DataDriver - root.p_Vertices[209]: set edge_id = "edge_23"
[2026-09-18 10:06:56.191] [INFO ] DataDriver - root.p_Vertices[209]: set edge_index = 5
[2026-09-18 10:06:56.191] [INFO ] DataDriver - root.p_Vertices[209]: set x = 2389.035522
[2026-09-18 10:06:56.191] [INFO ] DataDriver - root.p_Vertices[209]: set y = 1165.155609
[2026-09-18 10:06:56.191] [INFO ] DataDriver - root.p_Vertices[209]: set z = 0.0
[2026-09-18 10:06:56.191] [INFO ] DataDriver - root.p_Vertices[210]: set id = "vertex_210"
[2026-09-18 10:06:56.191] [INFO ] DataDriver - root.p_Vertices[210]: set edge_id = "edge_23"
[2026-09-18 10:06:56.191] [INFO ] DataDriver - root.p_Vertices[210]: set edge_index = 4
[2026-09-18 10:06:56.191] [INFO ] DataDriver - root.p_Vertices[210]: set x = 2389.508057
[2026-09-18 10:06:56.191] [INFO ] DataDriver - root.p_Vertices[210]: set y = 1160.672729
[2026-09-18 10:06:56.191] [INFO ] DataDriver - root.p_Vertices[210]: set z = -8.0E-6
[2026-09-18 10:06:56.191] [INFO ] DataDriver - root.p_Vertices[211]: set id = "vertex_211"
[2026-09-18 10:06:56.191] [INFO ] DataDriver - root.p_Vertices[211]: set edge_id = "edge_23"
[2026-09-18 10:06:56.191] [INFO ] DataDriver - root.p_Vertices[211]: set edge_index = 3
[2026-09-18 10:06:56.191] [INFO ] DataDriver - root.p_Vertices[211]: set x = 2389.515503
[2026-09-18 10:06:56.191] [INFO ] DataDriver - root.p_Vertices[211]: set y = 1156.169098
[2026-09-18 10:06:56.191] [INFO ] DataDriver - root.p_Vertices[211]: set z = -8.0E-6
[2026-09-18 10:06:56.191] [INFO ] DataDriver - root.p_Vertices[212]: set id = "vertex_212"
[2026-09-18 10:06:56.191] [INFO ] DataDriver - root.p_Vertices[212]: set edge_id = "edge_23"
[2026-09-18 10:06:56.191] [INFO ] DataDriver - root.p_Vertices[212]: set edge_index = 2
[2026-09-18 10:06:56.191] [INFO ] DataDriver - root.p_Vertices[212]: set x = 2388.72168
[2026-09-18 10:06:56.191] [INFO ] DataDriver - root.p_Vertices[212]: set y = 1149.4432980000001
[2026-09-18 10:06:56.191] [INFO ] DataDriver - root.p_Vertices[212]: set z = 1.5E-5
[2026-09-18 10:06:56.191] [INFO ] DataDriver - root.p_Vertices[213]: set id = "vertex_213"
[2026-09-18 10:06:56.191] [INFO ] DataDriver - root.p_Vertices[213]: set edge_id = "edge_23"
[2026-09-18 10:06:56.191] [INFO ] DataDriver - root.p_Vertices[213]: set edge_index = 1
[2026-09-18 10:06:56.191] [INFO ] DataDriver - root.p_Vertices[213]: set x = 2387.504761
[2026-09-18 10:06:56.191] [INFO ] DataDriver - root.p_Vertices[213]: set y = 1144.872833
[2026-09-18 10:06:56.191] [INFO ] DataDriver - root.p_Vertices[213]: set z = 8.0E-6
[2026-09-18 10:06:56.192] [INFO ] DataDriver - root.p_Vertices[214]: set id = "vertex_214"
[2026-09-18 10:06:56.192] [INFO ] DataDriver - root.p_Vertices[214]: set edge_id = "edge_23"
[2026-09-18 10:06:56.192] [INFO ] DataDriver - root.p_Vertices[214]: set edge_index = 0
[2026-09-18 10:06:56.192] [INFO ] DataDriver - root.p_Vertices[214]: set x = 2386.393555
[2026-09-18 10:06:56.192] [INFO ] DataDriver - root.p_Vertices[214]: set y = 1141.989441
[2026-09-18 10:06:56.192] [INFO ] DataDriver - root.p_Vertices[214]: set z = 8.0E-6
[2026-09-18 10:06:56.192] [INFO ] DataDriver - root.p_Vertices[215]: set id = "vertex_215"
[2026-09-18 10:06:56.192] [INFO ] DataDriver - root.p_Vertices[215]: set edge_id = "edge_24"
[2026-09-18 10:06:56.192] [INFO ] DataDriver - root.p_Vertices[215]: set edge_index = 12
[2026-09-18 10:06:56.192] [INFO ] DataDriver - root.p_Vertices[215]: set x = 2129.0902100000003
[2026-09-18 10:06:56.192] [INFO ] DataDriver - root.p_Vertices[215]: set y = 1079.583099
[2026-09-18 10:06:56.192] [INFO ] DataDriver - root.p_Vertices[215]: set z = 8.0E-6
[2026-09-18 10:06:56.192] [INFO ] DataDriver - root.p_Vertices[216]: set id = "vertex_216"
[2026-09-18 10:06:56.192] [INFO ] DataDriver - root.p_Vertices[216]: set edge_id = "edge_24"
[2026-09-18 10:06:56.192] [INFO ] DataDriver - root.p_Vertices[216]: set edge_index = 11
[2026-09-18 10:06:56.192] [INFO ] DataDriver - root.p_Vertices[216]: set x = 2118.620178
[2026-09-18 10:06:56.192] [INFO ] DataDriver - root.p_Vertices[216]: set y = 1079.34845
[2026-09-18 10:06:56.192] [INFO ] DataDriver - root.p_Vertices[216]: set z = 0.0
[2026-09-18 10:06:56.192] [INFO ] DataDriver - root.p_Vertices[217]: set id = "vertex_217"
[2026-09-18 10:06:56.192] [INFO ] DataDriver - root.p_Vertices[217]: set edge_id = "edge_24"
[2026-09-18 10:06:56.192] [INFO ] DataDriver - root.p_Vertices[217]: set edge_index = 10
[2026-09-18 10:06:56.192] [INFO ] DataDriver - root.p_Vertices[217]: set x = 2081.402283
[2026-09-18 10:06:56.192] [INFO ] DataDriver - root.p_Vertices[217]: set y = 1074.831482
[2026-09-18 10:06:56.192] [INFO ] DataDriver - root.p_Vertices[217]: set z = 8.0E-6
[2026-09-18 10:06:56.192] [INFO ] DataDriver - root.p_Vertices[218]: set id = "vertex_218"
[2026-09-18 10:06:56.192] [INFO ] DataDriver - root.p_Vertices[218]: set edge_id = "edge_24"
[2026-09-18 10:06:56.192] [INFO ] DataDriver - root.p_Vertices[218]: set edge_index = 9
[2026-09-18 10:06:56.192] [INFO ] DataDriver - root.p_Vertices[218]: set x = 2056.410217
[2026-09-18 10:06:56.192] [INFO ] DataDriver - root.p_Vertices[218]: set y = 1068.914154
[2026-09-18 10:06:56.192] [INFO ] DataDriver - root.p_Vertices[218]: set z = 8.0E-6
[2026-09-18 10:06:56.192] [INFO ] DataDriver - root.p_Vertices[219]: set id = "vertex_219"
[2026-09-18 10:06:56.192] [INFO ] DataDriver - root.p_Vertices[219]: set edge_id = "edge_24"
[2026-09-18 10:06:56.192] [INFO ] DataDriver - root.p_Vertices[219]: set edge_index = 8
[2026-09-18 10:06:56.192] [INFO ] DataDriver - root.p_Vertices[219]: set x = 2001.316895
[2026-09-18 10:06:56.192] [INFO ] DataDriver - root.p_Vertices[219]: set y = 1049.018692
[2026-09-18 10:06:56.192] [INFO ] DataDriver - root.p_Vertices[219]: set z = 8.0E-6
[2026-09-18 10:06:56.192] [INFO ] DataDriver - root.p_Vertices[220]: set id = "vertex_220"
[2026-09-18 10:06:56.192] [INFO ] DataDriver - root.p_Vertices[220]: set edge_id = "edge_24"
[2026-09-18 10:06:56.192] [INFO ] DataDriver - root.p_Vertices[220]: set edge_index = 7
[2026-09-18 10:06:56.192] [INFO ] DataDriver - root.p_Vertices[220]: set x = 1897.126404
[2026-09-18 10:06:56.192] [INFO ] DataDriver - root.p_Vertices[220]: set y = 991.895218
[2026-09-18 10:06:56.192] [INFO ] DataDriver - root.p_Vertices[220]: set z = 0.0
[2026-09-18 10:06:56.192] [INFO ] DataDriver - root.p_Vertices[221]: set id = "vertex_221"
[2026-09-18 10:06:56.192] [INFO ] DataDriver - root.p_Vertices[221]: set edge_id = "edge_24"
[2026-09-18 10:06:56.192] [INFO ] DataDriver - root.p_Vertices[221]: set edge_index = 6
[2026-09-18 10:06:56.192] [INFO ] DataDriver - root.p_Vertices[221]: set x = 1892.75592
[2026-09-18 10:06:56.192] [INFO ] DataDriver - root.p_Vertices[221]: set y = 990.589523
[2026-09-18 10:06:56.192] [INFO ] DataDriver - root.p_Vertices[221]: set z = 1.5E-5
[2026-09-18 10:06:56.192] [INFO ] DataDriver - root.p_Vertices[222]: set id = "vertex_222"
[2026-09-18 10:06:56.192] [INFO ] DataDriver - root.p_Vertices[222]: set edge_id = "edge_24"
[2026-09-18 10:06:56.192] [INFO ] DataDriver - root.p_Vertices[222]: set edge_index = 5
[2026-09-18 10:06:56.192] [INFO ] DataDriver - root.p_Vertices[222]: set x = 1887.487793
[2026-09-18 10:06:56.192] [INFO ] DataDriver - root.p_Vertices[222]: set y = 989.51474
[2026-09-18 10:06:56.192] [INFO ] DataDriver - root.p_Vertices[222]: set z = 8.0E-6
[2026-09-18 10:06:56.192] [INFO ] DataDriver - root.p_Vertices[223]: set id = "vertex_223"
[2026-09-18 10:06:56.192] [INFO ] DataDriver - root.p_Vertices[223]: set edge_id = "edge_24"
[2026-09-18 10:06:56.192] [INFO ] DataDriver - root.p_Vertices[223]: set edge_index = 4
[2026-09-18 10:06:56.192] [INFO ] DataDriver - root.p_Vertices[223]: set x = 1870.0939939999998
[2026-09-18 10:06:56.192] [INFO ] DataDriver - root.p_Vertices[223]: set y = 987.451782
[2026-09-18 10:06:56.192] [INFO ] DataDriver - root.p_Vertices[223]: set z = 8.0E-6
[2026-09-18 10:06:56.192] [INFO ] DataDriver - root.p_Vertices[224]: set id = "vertex_224"
[2026-09-18 10:06:56.192] [INFO ] DataDriver - root.p_Vertices[224]: set edge_id = "edge_24"
[2026-09-18 10:06:56.192] [INFO ] DataDriver - root.p_Vertices[224]: set edge_index = 3
[2026-09-18 10:06:56.192] [INFO ] DataDriver - root.p_Vertices[224]: set x = 1865.149658
[2026-09-18 10:06:56.192] [INFO ] DataDriver - root.p_Vertices[224]: set y = 987.365112
[2026-09-18 10:06:56.192] [INFO ] DataDriver - root.p_Vertices[224]: set z = 0.0
[2026-09-18 10:06:56.192] [INFO ] DataDriver - root.p_Vertices[225]: set id = "vertex_225"
[2026-09-18 10:06:56.192] [INFO ] DataDriver - root.p_Vertices[225]: set edge_id = "edge_24"
[2026-09-18 10:06:56.192] [INFO ] DataDriver - root.p_Vertices[225]: set edge_index = 2
[2026-09-18 10:06:56.192] [INFO ] DataDriver - root.p_Vertices[225]: set x = 1844.380005
[2026-09-18 10:06:56.192] [INFO ] DataDriver - root.p_Vertices[225]: set y = 989.037567
[2026-09-18 10:06:56.192] [INFO ] DataDriver - root.p_Vertices[225]: set z = 0.0
[2026-09-18 10:06:56.192] [INFO ] DataDriver - root.p_Vertices[226]: set id = "vertex_226"
[2026-09-18 10:06:56.192] [INFO ] DataDriver - root.p_Vertices[226]: set edge_id = "edge_24"
[2026-09-18 10:06:56.192] [INFO ] DataDriver - root.p_Vertices[226]: set edge_index = 1
[2026-09-18 10:06:56.192] [INFO ] DataDriver - root.p_Vertices[226]: set x = 1839.826904
[2026-09-18 10:06:56.192] [INFO ] DataDriver - root.p_Vertices[226]: set y = 989.752441
[2026-09-18 10:06:56.192] [INFO ] DataDriver - root.p_Vertices[226]: set z = 0.0
[2026-09-18 10:06:56.192] [INFO ] DataDriver - root.p_Vertices[227]: set id = "vertex_227"
[2026-09-18 10:06:56.192] [INFO ] DataDriver - root.p_Vertices[227]: set edge_id = "edge_24"
[2026-09-18 10:06:56.192] [INFO ] DataDriver - root.p_Vertices[227]: set edge_index = 0
[2026-09-18 10:06:56.192] [INFO ] DataDriver - root.p_Vertices[227]: set x = 1650.748169
[2026-09-18 10:06:56.192] [INFO ] DataDriver - root.p_Vertices[227]: set y = 1047.272079
[2026-09-18 10:06:56.192] [INFO ] DataDriver - root.p_Vertices[227]: set z = 0.0
[2026-09-18 10:06:56.192] [INFO ] DataDriver - root.p_Vertices[228]: set id = "vertex_228"
[2026-09-18 10:06:56.192] [INFO ] DataDriver - root.p_Vertices[228]: set edge_id = "edge_25"
[2026-09-18 10:06:56.192] [INFO ] DataDriver - root.p_Vertices[228]: set edge_index = 78
[2026-09-18 10:06:56.192] [INFO ] DataDriver - root.p_Vertices[228]: set x = 718.848389
[2026-09-18 10:06:56.192] [INFO ] DataDriver - root.p_Vertices[228]: set y = 793.495804
[2026-09-18 10:06:56.192] [INFO ] DataDriver - root.p_Vertices[228]: set z = 8.0E-6
[2026-09-18 10:06:56.192] [INFO ] DataDriver - root.p_Vertices[229]: set id = "vertex_229"
[2026-09-18 10:06:56.192] [INFO ] DataDriver - root.p_Vertices[229]: set edge_id = "edge_25"
[2026-09-18 10:06:56.192] [INFO ] DataDriver - root.p_Vertices[229]: set edge_index = 77
[2026-09-18 10:06:56.192] [INFO ] DataDriver - root.p_Vertices[229]: set x = 669.337646
[2026-09-18 10:06:56.192] [INFO ] DataDriver - root.p_Vertices[229]: set y = 761.849579
[2026-09-18 10:06:56.192] [INFO ] DataDriver - root.p_Vertices[229]: set z = 8.0E-6
[2026-09-18 10:06:56.192] [INFO ] DataDriver - root.p_Vertices[230]: set id = "vertex_230"
[2026-09-18 10:06:56.192] [INFO ] DataDriver - root.p_Vertices[230]: set edge_id = "edge_25"
[2026-09-18 10:06:56.192] [INFO ] DataDriver - root.p_Vertices[230]: set edge_index = 76
[2026-09-18 10:06:56.192] [INFO ] DataDriver - root.p_Vertices[230]: set x = 653.173584
[2026-09-18 10:06:56.192] [INFO ] DataDriver - root.p_Vertices[230]: set y = 749.809036
[2026-09-18 10:06:56.192] [INFO ] DataDriver - root.p_Vertices[230]: set z = 0.0
[2026-09-18 10:06:56.192] [INFO ] DataDriver - root.p_Vertices[231]: set id = "vertex_231"
[2026-09-18 10:06:56.192] [INFO ] DataDriver - root.p_Vertices[231]: set edge_id = "edge_25"
[2026-09-18 10:06:56.193] [INFO ] DataDriver - root.p_Vertices[231]: set edge_index = 75
[2026-09-18 10:06:56.193] [INFO ] DataDriver - root.p_Vertices[231]: set x = 588.341064
[2026-09-18 10:06:56.193] [INFO ] DataDriver - root.p_Vertices[231]: set y = 693.527649
[2026-09-18 10:06:56.193] [INFO ] DataDriver - root.p_Vertices[231]: set z = 8.0E-6
[2026-09-18 10:06:56.193] [INFO ] DataDriver - root.p_Vertices[232]: set id = "vertex_232"
[2026-09-18 10:06:56.193] [INFO ] DataDriver - root.p_Vertices[232]: set edge_id = "edge_25"
[2026-09-18 10:06:56.193] [INFO ] DataDriver - root.p_Vertices[232]: set edge_index = 74
[2026-09-18 10:06:56.193] [INFO ] DataDriver - root.p_Vertices[232]: set x = 562.217407
[2026-09-18 10:06:56.193] [INFO ] DataDriver - root.p_Vertices[232]: set y = 675.300171
[2026-09-18 10:06:56.193] [INFO ] DataDriver - root.p_Vertices[232]: set z = -8.0E-6
[2026-09-18 10:06:56.193] [INFO ] DataDriver - root.p_Vertices[233]: set id = "vertex_233"
[2026-09-18 10:06:56.193] [INFO ] DataDriver - root.p_Vertices[233]: set edge_id = "edge_25"
[2026-09-18 10:06:56.193] [INFO ] DataDriver - root.p_Vertices[233]: set edge_index = 73
[2026-09-18 10:06:56.193] [INFO ] DataDriver - root.p_Vertices[233]: set x = 549.225098
[2026-09-18 10:06:56.193] [INFO ] DataDriver - root.p_Vertices[233]: set y = 667.926117
[2026-09-18 10:06:56.193] [INFO ] DataDriver - root.p_Vertices[233]: set z = 8.0E-6
[2026-09-18 10:06:56.193] [INFO ] DataDriver - root.p_Vertices[234]: set id = "vertex_234"
[2026-09-18 10:06:56.193] [INFO ] DataDriver - root.p_Vertices[234]: set edge_id = "edge_25"
[2026-09-18 10:06:56.193] [INFO ] DataDriver - root.p_Vertices[234]: set edge_index = 72
[2026-09-18 10:06:56.193] [INFO ] DataDriver - root.p_Vertices[234]: set x = 545.310181
[2026-09-18 10:06:56.193] [INFO ] DataDriver - root.p_Vertices[234]: set y = 666.18454
[2026-09-18 10:06:56.193] [INFO ] DataDriver - root.p_Vertices[234]: set z = 0.0
[2026-09-18 10:06:56.193] [INFO ] DataDriver - root.p_Vertices[235]: set id = "vertex_235"
[2026-09-18 10:06:56.193] [INFO ] DataDriver - root.p_Vertices[235]: set edge_id = "edge_25"
[2026-09-18 10:06:56.193] [INFO ] DataDriver - root.p_Vertices[235]: set edge_index = 71
[2026-09-18 10:06:56.193] [INFO ] DataDriver - root.p_Vertices[235]: set x = 541.654053
[2026-09-18 10:06:56.193] [INFO ] DataDriver - root.p_Vertices[235]: set y = 665.00116
[2026-09-18 10:06:56.193] [INFO ] DataDriver - root.p_Vertices[235]: set z = 8.0E-6
[2026-09-18 10:06:56.193] [INFO ] DataDriver - root.p_Vertices[236]: set id = "vertex_236"
[2026-09-18 10:06:56.193] [INFO ] DataDriver - root.p_Vertices[236]: set edge_id = "edge_25"
[2026-09-18 10:06:56.193] [INFO ] DataDriver - root.p_Vertices[236]: set edge_index = 70
[2026-09-18 10:06:56.193] [INFO ] DataDriver - root.p_Vertices[236]: set x = 534.881592
[2026-09-18 10:06:56.193] [INFO ] DataDriver - root.p_Vertices[236]: set y = 663.736084
[2026-09-18 10:06:56.193] [INFO ] DataDriver - root.p_Vertices[236]: set z = 0.0
[2026-09-18 10:06:56.193] [INFO ] DataDriver - root.p_Vertices[237]: set id = "vertex_237"
[2026-09-18 10:06:56.193] [INFO ] DataDriver - root.p_Vertices[237]: set edge_id = "edge_25"
[2026-09-18 10:06:56.193] [INFO ] DataDriver - root.p_Vertices[237]: set edge_index = 69
[2026-09-18 10:06:56.193] [INFO ] DataDriver - root.p_Vertices[237]: set x = 531.759399
[2026-09-18 10:06:56.193] [INFO ] DataDriver - root.p_Vertices[237]: set y = 663.497894
[2026-09-18 10:06:56.193] [INFO ] DataDriver - root.p_Vertices[237]: set z = 8.0E-6
[2026-09-18 10:06:56.193] [INFO ] DataDriver - root.p_Vertices[238]: set id = "vertex_238"
[2026-09-18 10:06:56.193] [INFO ] DataDriver - root.p_Vertices[238]: set edge_id = "edge_25"
[2026-09-18 10:06:56.193] [INFO ] DataDriver - root.p_Vertices[238]: set edge_index = 68
[2026-09-18 10:06:56.193] [INFO ] DataDriver - root.p_Vertices[238]: set x = 528.885986
[2026-09-18 10:06:56.193] [INFO ] DataDriver - root.p_Vertices[238]: set y = 663.576294
[2026-09-18 10:06:56.193] [INFO ] DataDriver - root.p_Vertices[238]: set z = 8.0E-6
[2026-09-18 10:06:56.193] [INFO ] DataDriver - root.p_Vertices[239]: set id = "vertex_239"
[2026-09-18 10:06:56.193] [INFO ] DataDriver - root.p_Vertices[239]: set edge_id = "edge_25"
[2026-09-18 10:06:56.193] [INFO ] DataDriver - root.p_Vertices[239]: set edge_index = 67
[2026-09-18 10:06:56.193] [INFO ] DataDriver - root.p_Vertices[239]: set x = 523.702759
[2026-09-18 10:06:56.193] [INFO ] DataDriver - root.p_Vertices[239]: set y = 664.326538
[2026-09-18 10:06:56.193] [INFO ] DataDriver - root.p_Vertices[239]: set z = 0.0
[2026-09-18 10:06:56.193] [INFO ] DataDriver - root.p_Vertices[240]: set id = "vertex_240"
[2026-09-18 10:06:56.193] [INFO ] DataDriver - root.p_Vertices[240]: set edge_id = "edge_25"
[2026-09-18 10:06:56.193] [INFO ] DataDriver - root.p_Vertices[240]: set edge_index = 66
[2026-09-18 10:06:56.193] [INFO ] DataDriver - root.p_Vertices[240]: set x = 521.452515
[2026-09-18 10:06:56.193] [INFO ] DataDriver - root.p_Vertices[240]: set y = 664.868866
[2026-09-18 10:06:56.193] [INFO ] DataDriver - root.p_Vertices[240]: set z = -8.0E-6
[2026-09-18 10:06:56.193] [INFO ] DataDriver - root.p_Vertices[241]: set id = "vertex_241"
[2026-09-18 10:06:56.193] [INFO ] DataDriver - root.p_Vertices[241]: set edge_id = "edge_25"
[2026-09-18 10:06:56.193] [INFO ] DataDriver - root.p_Vertices[241]: set edge_index = 65
[2026-09-18 10:06:56.193] [INFO ] DataDriver - root.p_Vertices[241]: set x = 519.542603
[2026-09-18 10:06:56.193] [INFO ] DataDriver - root.p_Vertices[241]: set y = 665.5271
[2026-09-18 10:06:56.193] [INFO ] DataDriver - root.p_Vertices[241]: set z = 0.0
[2026-09-18 10:06:56.193] [INFO ] DataDriver - root.p_Vertices[242]: set id = "vertex_242"
[2026-09-18 10:06:56.193] [INFO ] DataDriver - root.p_Vertices[242]: set edge_id = "edge_25"
[2026-09-18 10:06:56.193] [INFO ] DataDriver - root.p_Vertices[242]: set edge_index = 64
[2026-09-18 10:06:56.193] [INFO ] DataDriver - root.p_Vertices[242]: set x = 517.888672
[2026-09-18 10:06:56.193] [INFO ] DataDriver - root.p_Vertices[242]: set y = 666.2912289999999
[2026-09-18 10:06:56.193] [INFO ] DataDriver - root.p_Vertices[242]: set z = 8.0E-6
[2026-09-18 10:06:56.193] [INFO ] DataDriver - root.p_Vertices[243]: set id = "vertex_243"
[2026-09-18 10:06:56.193] [INFO ] DataDriver - root.p_Vertices[243]: set edge_id = "edge_25"
[2026-09-18 10:06:56.193] [INFO ] DataDriver - root.p_Vertices[243]: set edge_index = 63
[2026-09-18 10:06:56.193] [INFO ] DataDriver - root.p_Vertices[243]: set x = 516.384766
[2026-09-18 10:06:56.193] [INFO ] DataDriver - root.p_Vertices[243]: set y = 667.204041
[2026-09-18 10:06:56.193] [INFO ] DataDriver - root.p_Vertices[243]: set z = -8.0E-6
[2026-09-18 10:06:56.193] [INFO ] DataDriver - root.p_Vertices[244]: set id = "vertex_244"
[2026-09-18 10:06:56.193] [INFO ] DataDriver - root.p_Vertices[244]: set edge_id = "edge_25"
[2026-09-18 10:06:56.193] [INFO ] DataDriver - root.p_Vertices[244]: set edge_index = 62
[2026-09-18 10:06:56.193] [INFO ] DataDriver - root.p_Vertices[244]: set x = 515.023926
[2026-09-18 10:06:56.193] [INFO ] DataDriver - root.p_Vertices[244]: set y = 668.4130250000001
[2026-09-18 10:06:56.193] [INFO ] DataDriver - root.p_Vertices[244]: set z = 8.0E-6
[2026-09-18 10:06:56.193] [INFO ] DataDriver - root.p_Vertices[245]: set id = "vertex_245"
[2026-09-18 10:06:56.193] [INFO ] DataDriver - root.p_Vertices[245]: set edge_id = "edge_25"
[2026-09-18 10:06:56.193] [INFO ] DataDriver - root.p_Vertices[245]: set edge_index = 61
[2026-09-18 10:06:56.193] [INFO ] DataDriver - root.p_Vertices[245]: set x = 513.832275
[2026-09-18 10:06:56.193] [INFO ] DataDriver - root.p_Vertices[245]: set y = 670.025146
[2026-09-18 10:06:56.193] [INFO ] DataDriver - root.p_Vertices[245]: set z = 0.0
[2026-09-18 10:06:56.193] [INFO ] DataDriver - root.p_Vertices[246]: set id = "vertex_246"
[2026-09-18 10:06:56.193] [INFO ] DataDriver - root.p_Vertices[246]: set edge_id = "edge_25"
[2026-09-18 10:06:56.193] [INFO ] DataDriver - root.p_Vertices[246]: set edge_index = 60
[2026-09-18 10:06:56.193] [INFO ] DataDriver - root.p_Vertices[246]: set x = 512.783691
[2026-09-18 10:06:56.193] [INFO ] DataDriver - root.p_Vertices[246]: set y = 671.929382
[2026-09-18 10:06:56.193] [INFO ] DataDriver - root.p_Vertices[246]: set z = 0.0
[2026-09-18 10:06:56.193] [INFO ] DataDriver - root.p_Vertices[247]: set id = "vertex_247"
[2026-09-18 10:06:56.193] [INFO ] DataDriver - root.p_Vertices[247]: set edge_id = "edge_25"
[2026-09-18 10:06:56.193] [INFO ] DataDriver - root.p_Vertices[247]: set edge_index = 59
[2026-09-18 10:06:56.193] [INFO ] DataDriver - root.p_Vertices[247]: set x = 511.88330099999996
[2026-09-18 10:06:56.194] [INFO ] DataDriver - root.p_Vertices[247]: set y = 673.970215
[2026-09-18 10:06:56.194] [INFO ] DataDriver - root.p_Vertices[247]: set z = 8.0E-6
[2026-09-18 10:06:56.194] [INFO ] DataDriver - root.p_Vertices[248]: set id = "vertex_248"
[2026-09-18 10:06:56.194] [INFO ] DataDriver - root.p_Vertices[248]: set edge_id = "edge_25"
[2026-09-18 10:06:56.194] [INFO ] DataDriver - root.p_Vertices[248]: set edge_index = 58
[2026-09-18 10:06:56.194] [INFO ] DataDriver - root.p_Vertices[248]: set x = 511.23168899999996
[2026-09-18 10:06:56.194] [INFO ] DataDriver - root.p_Vertices[248]: set y = 676.0895390000001
[2026-09-18 10:06:56.194] [INFO ] DataDriver - root.p_Vertices[248]: set z = 8.0E-6
[2026-09-18 10:06:56.194] [INFO ] DataDriver - root.p_Vertices[249]: set id = "vertex_249"
[2026-09-18 10:06:56.194] [INFO ] DataDriver - root.p_Vertices[249]: set edge_id = "edge_25"
[2026-09-18 10:06:56.194] [INFO ] DataDriver - root.p_Vertices[249]: set edge_index = 57
[2026-09-18 10:06:56.194] [INFO ] DataDriver - root.p_Vertices[249]: set x = 510.912231
[2026-09-18 10:06:56.194] [INFO ] DataDriver - root.p_Vertices[249]: set y = 678.282074
[2026-09-18 10:06:56.194] [INFO ] DataDriver - root.p_Vertices[249]: set z = 0.0
[2026-09-18 10:06:56.194] [INFO ] DataDriver - root.p_Vertices[250]: set id = "vertex_250"
[2026-09-18 10:06:56.194] [INFO ] DataDriver - root.p_Vertices[250]: set edge_id = "edge_25"
[2026-09-18 10:06:56.194] [INFO ] DataDriver - root.p_Vertices[250]: set edge_index = 56
[2026-09-18 10:06:56.194] [INFO ] DataDriver - root.p_Vertices[250]: set x = 510.8573
[2026-09-18 10:06:56.194] [INFO ] DataDriver - root.p_Vertices[250]: set y = 680.519287
[2026-09-18 10:06:56.194] [INFO ] DataDriver - root.p_Vertices[250]: set z = 8.0E-6
[2026-09-18 10:06:56.194] [INFO ] DataDriver - root.p_Vertices[251]: set id = "vertex_251"
[2026-09-18 10:06:56.194] [INFO ] DataDriver - root.p_Vertices[251]: set edge_id = "edge_25"
[2026-09-18 10:06:56.194] [INFO ] DataDriver - root.p_Vertices[251]: set edge_index = 55
[2026-09-18 10:06:56.194] [INFO ] DataDriver - root.p_Vertices[251]: set x = 511.00268600000004
[2026-09-18 10:06:56.194] [INFO ] DataDriver - root.p_Vertices[251]: set y = 682.770081
[2026-09-18 10:06:56.194] [INFO ] DataDriver - root.p_Vertices[251]: set z = 8.0E-6
[2026-09-18 10:06:56.194] [INFO ] DataDriver - root.p_Vertices[252]: set id = "vertex_252"
[2026-09-18 10:06:56.194] [INFO ] DataDriver - root.p_Vertices[252]: set edge_id = "edge_25"
[2026-09-18 10:06:56.194] [INFO ] DataDriver - root.p_Vertices[252]: set edge_index = 54
[2026-09-18 10:06:56.194] [INFO ] DataDriver - root.p_Vertices[252]: set x = 511.405029
[2026-09-18 10:06:56.194] [INFO ] DataDriver - root.p_Vertices[252]: set y = 685.0270390000001
[2026-09-18 10:06:56.194] [INFO ] DataDriver - root.p_Vertices[252]: set z = 8.0E-6
[2026-09-18 10:06:56.194] [INFO ] DataDriver - root.p_Vertices[253]: set id = "vertex_253"
[2026-09-18 10:06:56.194] [INFO ] DataDriver - root.p_Vertices[253]: set edge_id = "edge_25"
[2026-09-18 10:06:56.194] [INFO ] DataDriver - root.p_Vertices[253]: set edge_index = 53
[2026-09-18 10:06:56.194] [INFO ] DataDriver - root.p_Vertices[253]: set x = 512.131348
[2026-09-18 10:06:56.194] [INFO ] DataDriver - root.p_Vertices[253]: set y = 687.294128
[2026-09-18 10:06:56.194] [INFO ] DataDriver - root.p_Vertices[253]: set z = 8.0E-6
[2026-09-18 10:06:56.194] [INFO ] DataDriver - root.p_Vertices[254]: set id = "vertex_254"
[2026-09-18 10:06:56.194] [INFO ] DataDriver - root.p_Vertices[254]: set edge_id = "edge_25"
[2026-09-18 10:06:56.194] [INFO ] DataDriver - root.p_Vertices[254]: set edge_index = 52
[2026-09-18 10:06:56.194] [INFO ] DataDriver - root.p_Vertices[254]: set x = 514.318115
[2026-09-18 10:06:56.194] [INFO ] DataDriver - root.p_Vertices[254]: set y = 691.914978
[2026-09-18 10:06:56.194] [INFO ] DataDriver - root.p_Vertices[254]: set z = 0.0
[2026-09-18 10:06:56.194] [INFO ] DataDriver - root.p_Vertices[255]: set id = "vertex_255"
[2026-09-18 10:06:56.194] [INFO ] DataDriver - root.p_Vertices[255]: set edge_id = "edge_25"
[2026-09-18 10:06:56.194] [INFO ] DataDriver - root.p_Vertices[255]: set edge_index = 51
[2026-09-18 10:06:56.194] [INFO ] DataDriver - root.p_Vertices[255]: set x = 517.704102
[2026-09-18 10:06:56.194] [INFO ] DataDriver - root.p_Vertices[255]: set y = 697.080383
[2026-09-18 10:06:56.194] [INFO ] DataDriver - root.p_Vertices[255]: set z = 0.0
[2026-09-18 10:06:56.194] [INFO ] DataDriver - root.p_Vertices[256]: set id = "vertex_256"
[2026-09-18 10:06:56.194] [INFO ] DataDriver - root.p_Vertices[256]: set edge_id = "edge_25"
[2026-09-18 10:06:56.194] [INFO ] DataDriver - root.p_Vertices[256]: set edge_index = 50
[2026-09-18 10:06:56.194] [INFO ] DataDriver - root.p_Vertices[256]: set x = 525.852417
[2026-09-18 10:06:56.194] [INFO ] DataDriver - root.p_Vertices[256]: set y = 706.736084
[2026-09-18 10:06:56.194] [INFO ] DataDriver - root.p_Vertices[256]: set z = 0.0
[2026-09-18 10:06:56.194] [INFO ] DataDriver - root.p_Vertices[257]: set id = "vertex_257"
[2026-09-18 10:06:56.194] [INFO ] DataDriver - root.p_Vertices[257]: set edge_id = "edge_25"
[2026-09-18 10:06:56.194] [INFO ] DataDriver - root.p_Vertices[257]: set edge_index = 49
[2026-09-18 10:06:56.194] [INFO ] DataDriver - root.p_Vertices[257]: set x = 617.9554439999999
[2026-09-18 10:06:56.194] [INFO ] DataDriver - root.p_Vertices[257]: set y = 798.683319
[2026-09-18 10:06:56.194] [INFO ] DataDriver - root.p_Vertices[257]: set z = 8.0E-6
[2026-09-18 10:06:56.194] [INFO ] DataDriver - root.p_Vertices[258]: set id = "vertex_258"
[2026-09-18 10:06:56.194] [INFO ] DataDriver - root.p_Vertices[258]: set edge_id = "edge_25"
[2026-09-18 10:06:56.194] [INFO ] DataDriver - root.p_Vertices[258]: set edge_index = 48
[2026-09-18 10:06:56.194] [INFO ] DataDriver - root.p_Vertices[258]: set x = 723.830688
[2026-09-18 10:06:56.194] [INFO ] DataDriver - root.p_Vertices[258]: set y = 940.651627
[2026-09-18 10:06:56.194] [INFO ] DataDriver - root.p_Vertices[258]: set z = 4.0E-6
[2026-09-18 10:06:56.194] [INFO ] DataDriver - root.p_Vertices[259]: set id = "vertex_259"
[2026-09-18 10:06:56.194] [INFO ] DataDriver - root.p_Vertices[259]: set edge_id = "edge_25"
[2026-09-18 10:06:56.194] [INFO ] DataDriver - root.p_Vertices[259]: set edge_index = 47
[2026-09-18 10:06:56.194] [INFO ] DataDriver - root.p_Vertices[259]: set x = 729.614868
[2026-09-18 10:06:56.194] [INFO ] DataDriver - root.p_Vertices[259]: set y = 946.775269
[2026-09-18 10:06:56.194] [INFO ] DataDriver - root.p_Vertices[259]: set z = 0.0
[2026-09-18 10:06:56.194] [INFO ] DataDriver - root.p_Vertices[260]: set id = "vertex_260"
[2026-09-18 10:06:56.194] [INFO ] DataDriver - root.p_Vertices[260]: set edge_id = "edge_25"
[2026-09-18 10:06:56.194] [INFO ] DataDriver - root.p_Vertices[260]: set edge_index = 46
[2026-09-18 10:06:56.194] [INFO ] DataDriver - root.p_Vertices[260]: set x = 748.419678
[2026-09-18 10:06:56.194] [INFO ] DataDriver - root.p_Vertices[260]: set y = 964.097809
[2026-09-18 10:06:56.194] [INFO ] DataDriver - root.p_Vertices[260]: set z = 4.0E-6
[2026-09-18 10:06:56.194] [INFO ] DataDriver - root.p_Vertices[261]: set id = "vertex_261"
[2026-09-18 10:06:56.194] [INFO ] DataDriver - root.p_Vertices[261]: set edge_id = "edge_25"
[2026-09-18 10:06:56.194] [INFO ] DataDriver - root.p_Vertices[261]: set edge_index = 45
[2026-09-18 10:06:56.194] [INFO ] DataDriver - root.p_Vertices[261]: set x = 799.4808350000001
[2026-09-18 10:06:56.194] [INFO ] DataDriver - root.p_Vertices[261]: set y = 1001.381714
[2026-09-18 10:06:56.194] [INFO ] DataDriver - root.p_Vertices[261]: set z = 4.0E-6
[2026-09-18 10:06:56.194] [INFO ] DataDriver - root.p_Vertices[262]: set id = "vertex_262"
[2026-09-18 10:06:56.194] [INFO ] DataDriver - root.p_Vertices[262]: set edge_id = "edge_25"
[2026-09-18 10:06:56.194] [INFO ] DataDriver - root.p_Vertices[262]: set edge_index = 44
[2026-09-18 10:06:56.194] [INFO ] DataDriver - root.p_Vertices[262]: set x = 802.1953120000001
[2026-09-18 10:06:56.194] [INFO ] DataDriver - root.p_Vertices[262]: set y = 1004.264236
[2026-09-18 10:06:56.194] [INFO ] DataDriver - root.p_Vertices[262]: set z = 4.0E-6
[2026-09-18 10:06:56.194] [INFO ] DataDriver - root.p_Vertices[263]: set id = "vertex_263"
[2026-09-18 10:06:56.194] [INFO ] DataDriver - root.p_Vertices[263]: set edge_id = "edge_25"
[2026-09-18 10:06:56.194] [INFO ] DataDriver - root.p_Vertices[263]: set edge_index = 43
[2026-09-18 10:06:56.194] [INFO ] DataDriver - root.p_Vertices[263]: set x = 804.438232
[2026-09-18 10:06:56.194] [INFO ] DataDriver - root.p_Vertices[263]: set y = 1007.2534029999999
[2026-09-18 10:06:56.194] [INFO ] DataDriver - root.p_Vertices[263]: set z = 4.0E-6
[2026-09-18 10:06:56.194] [INFO ] DataDriver - root.p_Vertices[264]: set id = "vertex_264"
[2026-09-18 10:06:56.194] [INFO ] DataDriver - root.p_Vertices[264]: set edge_id = "edge_25"
[2026-09-18 10:06:56.194] [INFO ] DataDriver - root.p_Vertices[264]: set edge_index = 42
[2026-09-18 10:06:56.194] [INFO ] DataDriver - root.p_Vertices[264]: set x = 807.956543
[2026-09-18 10:06:56.194] [INFO ] DataDriver - root.p_Vertices[264]: set y = 1013.3835750000001
[2026-09-18 10:06:56.194] [INFO ] DataDriver - root.p_Vertices[264]: set z = 0.0
[2026-09-18 10:06:56.194] [INFO ] DataDriver - root.p_Vertices[265]: set id = "vertex_265"
[2026-09-18 10:06:56.194] [INFO ] DataDriver - root.p_Vertices[265]: set edge_id = "edge_25"
[2026-09-18 10:06:56.194] [INFO ] DataDriver - root.p_Vertices[265]: set edge_index = 41
[2026-09-18 10:06:56.194] [INFO ] DataDriver - root.p_Vertices[265]: set x = 809.2979740000001
[2026-09-18 10:06:56.194] [INFO ] DataDriver - root.p_Vertices[265]: set y = 1016.391617
[2026-09-18 10:06:56.194] [INFO ] DataDriver - root.p_Vertices[265]: set z = 0.0
[2026-09-18 10:06:56.194] [INFO ] DataDriver - root.p_Vertices[266]: set id = "vertex_266"
[2026-09-18 10:06:56.194] [INFO ] DataDriver - root.p_Vertices[266]: set edge_id = "edge_25"
[2026-09-18 10:06:56.194] [INFO ] DataDriver - root.p_Vertices[266]: set edge_index = 40
[2026-09-18 10:06:56.195] [INFO ] DataDriver - root.p_Vertices[266]: set x = 810.271362
[2026-09-18 10:06:56.195] [INFO ] DataDriver - root.p_Vertices[266]: set y = 1019.301926
[2026-09-18 10:06:56.195] [INFO ] DataDriver - root.p_Vertices[266]: set z = 4.0E-6
[2026-09-18 10:06:56.195] [INFO ] DataDriver - root.p_Vertices[267]: set id = "vertex_267"
[2026-09-18 10:06:56.195] [INFO ] DataDriver - root.p_Vertices[267]: set edge_id = "edge_25"
[2026-09-18 10:06:56.195] [INFO ] DataDriver - root.p_Vertices[267]: set edge_index = 39
[2026-09-18 10:06:56.195] [INFO ] DataDriver - root.p_Vertices[267]: set x = 810.9521480000001
[2026-09-18 10:06:56.195] [INFO ] DataDriver - root.p_Vertices[267]: set y = 1022.13266
[2026-09-18 10:06:56.195] [INFO ] DataDriver - root.p_Vertices[267]: set z = 0.0
[2026-09-18 10:06:56.195] [INFO ] DataDriver - root.p_Vertices[268]: set id = "vertex_268"
[2026-09-18 10:06:56.195] [INFO ] DataDriver - root.p_Vertices[268]: set edge_id = "edge_25"
[2026-09-18 10:06:56.195] [INFO ] DataDriver - root.p_Vertices[268]: set edge_index = 38
[2026-09-18 10:06:56.195] [INFO ] DataDriver - root.p_Vertices[268]: set x = 811.3945309999999
[2026-09-18 10:06:56.195] [INFO ] DataDriver - root.p_Vertices[268]: set y = 1024.894714
[2026-09-18 10:06:56.195] [INFO ] DataDriver - root.p_Vertices[268]: set z = 0.0
[2026-09-18 10:06:56.195] [INFO ] DataDriver - root.p_Vertices[269]: set id = "vertex_269"
[2026-09-18 10:06:56.195] [INFO ] DataDriver - root.p_Vertices[269]: set edge_id = "edge_25"
[2026-09-18 10:06:56.195] [INFO ] DataDriver - root.p_Vertices[269]: set edge_index = 37
[2026-09-18 10:06:56.195] [INFO ] DataDriver - root.p_Vertices[269]: set x = 811.4918210000001
[2026-09-18 10:06:56.195] [INFO ] DataDriver - root.p_Vertices[269]: set y = 1027.549454
[2026-09-18 10:06:56.195] [INFO ] DataDriver - root.p_Vertices[269]: set z = -4.0E-6
[2026-09-18 10:06:56.195] [INFO ] DataDriver - root.p_Vertices[270]: set id = "vertex_270"
[2026-09-18 10:06:56.195] [INFO ] DataDriver - root.p_Vertices[270]: set edge_id = "edge_25"
[2026-09-18 10:06:56.195] [INFO ] DataDriver - root.p_Vertices[270]: set edge_index = 36
[2026-09-18 10:06:56.195] [INFO ] DataDriver - root.p_Vertices[270]: set x = 811.1403809999999
[2026-09-18 10:06:56.195] [INFO ] DataDriver - root.p_Vertices[270]: set y = 1030.058975
[2026-09-18 10:06:56.195] [INFO ] DataDriver - root.p_Vertices[270]: set z = 8.0E-6
[2026-09-18 10:06:56.195] [INFO ] DataDriver - root.p_Vertices[271]: set id = "vertex_271"
[2026-09-18 10:06:56.195] [INFO ] DataDriver - root.p_Vertices[271]: set edge_id = "edge_25"
[2026-09-18 10:06:56.195] [INFO ] DataDriver - root.p_Vertices[271]: set edge_index = 35
[2026-09-18 10:06:56.195] [INFO ] DataDriver - root.p_Vertices[271]: set x = 810.437988
[2026-09-18 10:06:56.195] [INFO ] DataDriver - root.p_Vertices[271]: set y = 1032.441101
[2026-09-18 10:06:56.195] [INFO ] DataDriver - root.p_Vertices[271]: set z = 0.0
[2026-09-18 10:06:56.195] [INFO ] DataDriver - root.p_Vertices[272]: set id = "vertex_272"
[2026-09-18 10:06:56.195] [INFO ] DataDriver - root.p_Vertices[272]: set edge_id = "edge_25"
[2026-09-18 10:06:56.195] [INFO ] DataDriver - root.p_Vertices[272]: set edge_index = 34
[2026-09-18 10:06:56.195] [INFO ] DataDriver - root.p_Vertices[272]: set x = 809.4729
[2026-09-18 10:06:56.195] [INFO ] DataDriver - root.p_Vertices[272]: set y = 1034.673645
[2026-09-18 10:06:56.195] [INFO ] DataDriver - root.p_Vertices[272]: set z = 8.0E-6
[2026-09-18 10:06:56.195] [INFO ] DataDriver - root.p_Vertices[273]: set id = "vertex_273"
[2026-09-18 10:06:56.195] [INFO ] DataDriver - root.p_Vertices[273]: set edge_id = "edge_25"
[2026-09-18 10:06:56.195] [INFO ] DataDriver - root.p_Vertices[273]: set edge_index = 33
[2026-09-18 10:06:56.195] [INFO ] DataDriver - root.p_Vertices[273]: set x = 808.158936
[2026-09-18 10:06:56.195] [INFO ] DataDriver - root.p_Vertices[273]: set y = 1036.629669
[2026-09-18 10:06:56.195] [INFO ] DataDriver - root.p_Vertices[273]: set z = 0.0
[2026-09-18 10:06:56.195] [INFO ] DataDriver - root.p_Vertices[274]: set id = "vertex_274"
[2026-09-18 10:06:56.195] [INFO ] DataDriver - root.p_Vertices[274]: set edge_id = "edge_25"
[2026-09-18 10:06:56.195] [INFO ] DataDriver - root.p_Vertices[274]: set edge_index = 32
[2026-09-18 10:06:56.195] [INFO ] DataDriver - root.p_Vertices[274]: set x = 806.395752
[2026-09-18 10:06:56.195] [INFO ] DataDriver - root.p_Vertices[274]: set y = 1038.207855
[2026-09-18 10:06:56.195] [INFO ] DataDriver - root.p_Vertices[274]: set z = 4.0E-6
[2026-09-18 10:06:56.195] [INFO ] DataDriver - root.p_Vertices[275]: set id = "vertex_275"
[2026-09-18 10:06:56.195] [INFO ] DataDriver - root.p_Vertices[275]: set edge_id = "edge_25"
[2026-09-18 10:06:56.195] [INFO ] DataDriver - root.p_Vertices[275]: set edge_index = 31
[2026-09-18 10:06:56.195] [INFO ] DataDriver - root.p_Vertices[275]: set x = 804.266113
[2026-09-18 10:06:56.195] [INFO ] DataDriver - root.p_Vertices[275]: set y = 1039.4854129999999
[2026-09-18 10:06:56.195] [INFO ] DataDriver - root.p_Vertices[275]: set z = 8.0E-6
[2026-09-18 10:06:56.195] [INFO ] DataDriver - root.p_Vertices[276]: set id = "vertex_276"
[2026-09-18 10:06:56.195] [INFO ] DataDriver - root.p_Vertices[276]: set edge_id = "edge_25"
[2026-09-18 10:06:56.195] [INFO ] DataDriver - root.p_Vertices[276]: set edge_index = 30
[2026-09-18 10:06:56.195] [INFO ] DataDriver - root.p_Vertices[276]: set x = 801.794922
[2026-09-18 10:06:56.195] [INFO ] DataDriver - root.p_Vertices[276]: set y = 1040.526062
[2026-09-18 10:06:56.195] [INFO ] DataDriver - root.p_Vertices[276]: set z = 0.0
[2026-09-18 10:06:56.195] [INFO ] DataDriver - root.p_Vertices[277]: set id = "vertex_277"
[2026-09-18 10:06:56.195] [INFO ] DataDriver - root.p_Vertices[277]: set edge_id = "edge_25"
[2026-09-18 10:06:56.195] [INFO ] DataDriver - root.p_Vertices[277]: set edge_index = 29
[2026-09-18 10:06:56.195] [INFO ] DataDriver - root.p_Vertices[277]: set x = 798.774048
[2026-09-18 10:06:56.195] [INFO ] DataDriver - root.p_Vertices[277]: set y = 1041.235489
[2026-09-18 10:06:56.195] [INFO ] DataDriver - root.p_Vertices[277]: set z = 4.0E-6
[2026-09-18 10:06:56.195] [INFO ] DataDriver - root.p_Vertices[278]: set id = "vertex_278"
[2026-09-18 10:06:56.195] [INFO ] DataDriver - root.p_Vertices[278]: set edge_id = "edge_25"
[2026-09-18 10:06:56.195] [INFO ] DataDriver - root.p_Vertices[278]: set edge_index = 28
[2026-09-18 10:06:56.195] [INFO ] DataDriver - root.p_Vertices[278]: set x = 795.024048
[2026-09-18 10:06:56.195] [INFO ] DataDriver - root.p_Vertices[278]: set y = 1041.51358
[2026-09-18 10:06:56.195] [INFO ] DataDriver - root.p_Vertices[278]: set z = 4.0E-6
[2026-09-18 10:06:56.195] [INFO ] DataDriver - root.p_Vertices[279]: set id = "vertex_279"
[2026-09-18 10:06:56.195] [INFO ] DataDriver - root.p_Vertices[279]: set edge_id = "edge_25"
[2026-09-18 10:06:56.195] [INFO ] DataDriver - root.p_Vertices[279]: set edge_index = 27
[2026-09-18 10:06:56.195] [INFO ] DataDriver - root.p_Vertices[279]: set x = 786.054443
[2026-09-18 10:06:56.195] [INFO ] DataDriver - root.p_Vertices[279]: set y = 1041.04158
[2026-09-18 10:06:56.195] [INFO ] DataDriver - root.p_Vertices[279]: set z = 0.0
[2026-09-18 10:06:56.195] [INFO ] DataDriver - root.p_Vertices[280]: set id = "vertex_280"
[2026-09-18 10:06:56.195] [INFO ] DataDriver - root.p_Vertices[280]: set edge_id = "edge_25"
[2026-09-18 10:06:56.195] [INFO ] DataDriver - root.p_Vertices[280]: set edge_index = 26
[2026-09-18 10:06:56.195] [INFO ] DataDriver - root.p_Vertices[280]: set x = 780.9735109999999
[2026-09-18 10:06:56.195] [INFO ] DataDriver - root.p_Vertices[280]: set y = 1040.138565
[2026-09-18 10:06:56.195] [INFO ] DataDriver - root.p_Vertices[280]: set z = 4.0E-6
[2026-09-18 10:06:56.195] [INFO ] DataDriver - root.p_Vertices[281]: set id = "vertex_281"
[2026-09-18 10:06:56.195] [INFO ] DataDriver - root.p_Vertices[281]: set edge_id = "edge_25"
[2026-09-18 10:06:56.195] [INFO ] DataDriver - root.p_Vertices[281]: set edge_index = 25
[2026-09-18 10:06:56.195] [INFO ] DataDriver - root.p_Vertices[281]: set x = 775.3795170000001
[2026-09-18 10:06:56.195] [INFO ] DataDriver - root.p_Vertices[281]: set y = 1038.556976
[2026-09-18 10:06:56.195] [INFO ] DataDriver - root.p_Vertices[281]: set z = 0.0
[2026-09-18 10:06:56.195] [INFO ] DataDriver - root.p_Vertices[282]: set id = "vertex_282"
[2026-09-18 10:06:56.195] [INFO ] DataDriver - root.p_Vertices[282]: set edge_id = "edge_25"
[2026-09-18 10:06:56.195] [INFO ] DataDriver - root.p_Vertices[282]: set edge_index = 24
[2026-09-18 10:06:56.195] [INFO ] DataDriver - root.p_Vertices[282]: set x = 763.134155
[2026-09-18 10:06:56.195] [INFO ] DataDriver - root.p_Vertices[282]: set y = 1033.676239
[2026-09-18 10:06:56.195] [INFO ] DataDriver - root.p_Vertices[282]: set z = 0.0
[2026-09-18 10:06:56.195] [INFO ] DataDriver - root.p_Vertices[283]: set id = "vertex_283"
[2026-09-18 10:06:56.195] [INFO ] DataDriver - root.p_Vertices[283]: set edge_id = "edge_25"
[2026-09-18 10:06:56.195] [INFO ] DataDriver - root.p_Vertices[283]: set edge_index = 23
[2026-09-18 10:06:56.195] [INFO ] DataDriver - root.p_Vertices[283]: set x = 756.45874
[2026-09-18 10:06:56.195] [INFO ] DataDriver - root.p_Vertices[283]: set y = 1030.053436
[2026-09-18 10:06:56.195] [INFO ] DataDriver - root.p_Vertices[283]: set z = 8.0E-6
[2026-09-18 10:06:56.195] [INFO ] DataDriver - root.p_Vertices[284]: set id = "vertex_284"
[2026-09-18 10:06:56.195] [INFO ] DataDriver - root.p_Vertices[284]: set edge_id = "edge_25"
[2026-09-18 10:06:56.195] [INFO ] DataDriver - root.p_Vertices[284]: set edge_index = 22
[2026-09-18 10:06:56.195] [INFO ] DataDriver - root.p_Vertices[284]: set x = 733.844604
[2026-09-18 10:06:56.195] [INFO ] DataDriver - root.p_Vertices[284]: set y = 1012.7771299999999
[2026-09-18 10:06:56.195] [INFO ] DataDriver - root.p_Vertices[284]: set z = -4.0E-6
[2026-09-18 10:06:56.195] [INFO ] DataDriver - root.p_Vertices[285]: set id = "vertex_285"
[2026-09-18 10:06:56.195] [INFO ] DataDriver - root.p_Vertices[285]: set edge_id = "edge_25"
[2026-09-18 10:06:56.195] [INFO ] DataDriver - root.p_Vertices[285]: set edge_index = 21
[2026-09-18 10:06:56.195] [INFO ] DataDriver - root.p_Vertices[285]: set x = 681.599731
[2026-09-18 10:06:56.195] [INFO ] DataDriver - root.p_Vertices[285]: set y = 961.430664
[2026-09-18 10:06:56.195] [INFO ] DataDriver - root.p_Vertices[285]: set z = 0.0
[2026-09-18 10:06:56.195] [INFO ] DataDriver - root.p_Vertices[286]: set id = "vertex_286"
[2026-09-18 10:06:56.195] [INFO ] DataDriver - root.p_Vertices[286]: set edge_id = "edge_25"
[2026-09-18 10:06:56.196] [INFO ] DataDriver - root.p_Vertices[286]: set edge_index = 20
[2026-09-18 10:06:56.196] [INFO ] DataDriver - root.p_Vertices[286]: set x = 667.908203
[2026-09-18 10:06:56.196] [INFO ] DataDriver - root.p_Vertices[286]: set y = 950.3500819999999
[2026-09-18 10:06:56.196] [INFO ] DataDriver - root.p_Vertices[286]: set z = 0.0
[2026-09-18 10:06:56.196] [INFO ] DataDriver - root.p_Vertices[287]: set id = "vertex_287"
[2026-09-18 10:06:56.196] [INFO ] DataDriver - root.p_Vertices[287]: set edge_id = "edge_25"
[2026-09-18 10:06:56.196] [INFO ] DataDriver - root.p_Vertices[287]: set edge_index = 19
[2026-09-18 10:06:56.196] [INFO ] DataDriver - root.p_Vertices[287]: set x = 654.494385
[2026-09-18 10:06:56.196] [INFO ] DataDriver - root.p_Vertices[287]: set y = 942.014725
[2026-09-18 10:06:56.196] [INFO ] DataDriver - root.p_Vertices[287]: set z = 4.0E-6
[2026-09-18 10:06:56.196] [INFO ] DataDriver - root.p_Vertices[288]: set id = "vertex_288"
[2026-09-18 10:06:56.196] [INFO ] DataDriver - root.p_Vertices[288]: set edge_id = "edge_25"
[2026-09-18 10:06:56.196] [INFO ] DataDriver - root.p_Vertices[288]: set edge_index = 18
[2026-09-18 10:06:56.196] [INFO ] DataDriver - root.p_Vertices[288]: set x = 633.952393
[2026-09-18 10:06:56.196] [INFO ] DataDriver - root.p_Vertices[288]: set y = 932.8130189999999
[2026-09-18 10:06:56.196] [INFO ] DataDriver - root.p_Vertices[288]: set z = 4.0E-6
[2026-09-18 10:06:56.196] [INFO ] DataDriver - root.p_Vertices[289]: set id = "vertex_289"
[2026-09-18 10:06:56.196] [INFO ] DataDriver - root.p_Vertices[289]: set edge_id = "edge_25"
[2026-09-18 10:06:56.196] [INFO ] DataDriver - root.p_Vertices[289]: set edge_index = 17
[2026-09-18 10:06:56.196] [INFO ] DataDriver - root.p_Vertices[289]: set x = 546.947021
[2026-09-18 10:06:56.196] [INFO ] DataDriver - root.p_Vertices[289]: set y = 904.57869
[2026-09-18 10:06:56.196] [INFO ] DataDriver - root.p_Vertices[289]: set z = 0.0
[2026-09-18 10:06:56.196] [INFO ] DataDriver - root.p_Vertices[290]: set id = "vertex_290"
[2026-09-18 10:06:56.196] [INFO ] DataDriver - root.p_Vertices[290]: set edge_id = "edge_25"
[2026-09-18 10:06:56.196] [INFO ] DataDriver - root.p_Vertices[290]: set edge_index = 16
[2026-09-18 10:06:56.196] [INFO ] DataDriver - root.p_Vertices[290]: set x = 445.092041
[2026-09-18 10:06:56.196] [INFO ] DataDriver - root.p_Vertices[290]: set y = 882.815048
[2026-09-18 10:06:56.196] [INFO ] DataDriver - root.p_Vertices[290]: set z = 4.0E-6
[2026-09-18 10:06:56.196] [INFO ] DataDriver - root.p_Vertices[291]: set id = "vertex_291"
[2026-09-18 10:06:56.196] [INFO ] DataDriver - root.p_Vertices[291]: set edge_id = "edge_25"
[2026-09-18 10:06:56.196] [INFO ] DataDriver - root.p_Vertices[291]: set edge_index = 15
[2026-09-18 10:06:56.196] [INFO ] DataDriver - root.p_Vertices[291]: set x = 320.387207
[2026-09-18 10:06:56.196] [INFO ] DataDriver - root.p_Vertices[291]: set y = 864.739716
[2026-09-18 10:06:56.196] [INFO ] DataDriver - root.p_Vertices[291]: set z = 0.0
[2026-09-18 10:06:56.196] [INFO ] DataDriver - root.p_Vertices[292]: set id = "vertex_292"
[2026-09-18 10:06:56.196] [INFO ] DataDriver - root.p_Vertices[292]: set edge_id = "edge_25"
[2026-09-18 10:06:56.196] [INFO ] DataDriver - root.p_Vertices[292]: set edge_index = 14
[2026-09-18 10:06:56.196] [INFO ] DataDriver - root.p_Vertices[292]: set x = 152.60839799999997
[2026-09-18 10:06:56.196] [INFO ] DataDriver - root.p_Vertices[292]: set y = 857.34465
[2026-09-18 10:06:56.196] [INFO ] DataDriver - root.p_Vertices[292]: set z = 4.0E-6
[2026-09-18 10:06:56.196] [INFO ] DataDriver - root.p_Vertices[293]: set id = "vertex_293"
[2026-09-18 10:06:56.196] [INFO ] DataDriver - root.p_Vertices[293]: set edge_id = "edge_25"
[2026-09-18 10:06:56.196] [INFO ] DataDriver - root.p_Vertices[293]: set edge_index = 13
[2026-09-18 10:06:56.196] [INFO ] DataDriver - root.p_Vertices[293]: set x = 140.634277
[2026-09-18 10:06:56.196] [INFO ] DataDriver - root.p_Vertices[293]: set y = 857.740128
[2026-09-18 10:06:56.196] [INFO ] DataDriver - root.p_Vertices[293]: set z = 0.0
[2026-09-18 10:06:56.196] [INFO ] DataDriver - root.p_Vertices[294]: set id = "vertex_294"
[2026-09-18 10:06:56.196] [INFO ] DataDriver - root.p_Vertices[294]: set edge_id = "edge_25"
[2026-09-18 10:06:56.196] [INFO ] DataDriver - root.p_Vertices[294]: set edge_index = 12
[2026-09-18 10:06:56.196] [INFO ] DataDriver - root.p_Vertices[294]: set x = 127.88500999999997
[2026-09-18 10:06:56.196] [INFO ] DataDriver - root.p_Vertices[294]: set y = 859.114685
[2026-09-18 10:06:56.196] [INFO ] DataDriver - root.p_Vertices[294]: set z = 0.0
[2026-09-18 10:06:56.196] [INFO ] DataDriver - root.p_Vertices[295]: set id = "vertex_295"
[2026-09-18 10:06:56.196] [INFO ] DataDriver - root.p_Vertices[295]: set edge_id = "edge_25"
[2026-09-18 10:06:56.196] [INFO ] DataDriver - root.p_Vertices[295]: set edge_index = 11
[2026-09-18 10:06:56.196] [INFO ] DataDriver - root.p_Vertices[295]: set x = 117.64624000000003
[2026-09-18 10:06:56.196] [INFO ] DataDriver - root.p_Vertices[295]: set y = 861.414841
[2026-09-18 10:06:56.196] [INFO ] DataDriver - root.p_Vertices[295]: set z = 0.0
[2026-09-18 10:06:56.196] [INFO ] DataDriver - root.p_Vertices[296]: set id = "vertex_296"
[2026-09-18 10:06:56.196] [INFO ] DataDriver - root.p_Vertices[296]: set edge_id = "edge_25"
[2026-09-18 10:06:56.196] [INFO ] DataDriver - root.p_Vertices[296]: set edge_index = 10
[2026-09-18 10:06:56.196] [INFO ] DataDriver - root.p_Vertices[296]: set x = 114.65856900000006
[2026-09-18 10:06:56.196] [INFO ] DataDriver - root.p_Vertices[296]: set y = 862.45668
[2026-09-18 10:06:56.196] [INFO ] DataDriver - root.p_Vertices[296]: set z = -4.0E-6
[2026-09-18 10:06:56.196] [INFO ] DataDriver - root.p_Vertices[297]: set id = "vertex_297"
[2026-09-18 10:06:56.196] [INFO ] DataDriver - root.p_Vertices[297]: set edge_id = "edge_25"
[2026-09-18 10:06:56.196] [INFO ] DataDriver - root.p_Vertices[297]: set edge_index = 9
[2026-09-18 10:06:56.196] [INFO ] DataDriver - root.p_Vertices[297]: set x = 111.97680700000001
[2026-09-18 10:06:56.196] [INFO ] DataDriver - root.p_Vertices[297]: set y = 863.725677
[2026-09-18 10:06:56.196] [INFO ] DataDriver - root.p_Vertices[297]: set z = 0.0
[2026-09-18 10:06:56.196] [INFO ] DataDriver - root.p_Vertices[298]: set id = "vertex_298"
[2026-09-18 10:06:56.196] [INFO ] DataDriver - root.p_Vertices[298]: set edge_id = "edge_25"
[2026-09-18 10:06:56.196] [INFO ] DataDriver - root.p_Vertices[298]: set edge_index = 8
[2026-09-18 10:06:56.196] [INFO ] DataDriver - root.p_Vertices[298]: set x = 107.25
[2026-09-18 10:06:56.196] [INFO ] DataDriver - root.p_Vertices[298]: set y = 866.674118
[2026-09-18 10:06:56.196] [INFO ] DataDriver - root.p_Vertices[298]: set z = 4.0E-6
[2026-09-18 10:06:56.196] [INFO ] DataDriver - root.p_Vertices[299]: set id = "vertex_299"
[2026-09-18 10:06:56.196] [INFO ] DataDriver - root.p_Vertices[299]: set edge_id = "edge_25"
[2026-09-18 10:06:56.196] [INFO ] DataDriver - root.p_Vertices[299]: set edge_index = 7
[2026-09-18 10:06:56.196] [INFO ] DataDriver - root.p_Vertices[299]: set x = 105.17260699999997
[2026-09-18 10:06:56.196] [INFO ] DataDriver - root.p_Vertices[299]: set y = 868.240341
[2026-09-18 10:06:56.196] [INFO ] DataDriver - root.p_Vertices[299]: set z = 4.0E-6
[2026-09-18 10:06:56.196] [INFO ] DataDriver - root.p_Vertices[300]: set id = "vertex_300"
[2026-09-18 10:06:56.196] [INFO ] DataDriver - root.p_Vertices[300]: set edge_id = "edge_25"
[2026-09-18 10:06:56.196] [INFO ] DataDriver - root.p_Vertices[300]: set edge_index = 6
[2026-09-18 10:06:56.196] [INFO ] DataDriver - root.p_Vertices[300]: set x = 103.35058600000002
[2026-09-18 10:06:56.196] [INFO ] DataDriver - root.p_Vertices[300]: set y = 869.8588560000001
[2026-09-18 10:06:56.196] [INFO ] DataDriver - root.p_Vertices[300]: set z = 0.0
[2026-09-18 10:06:56.196] [INFO ] DataDriver - root.p_Vertices[301]: set id = "vertex_301"
[2026-09-18 10:06:56.196] [INFO ] DataDriver - root.p_Vertices[301]: set edge_id = "edge_25"
[2026-09-18 10:06:56.196] [INFO ] DataDriver - root.p_Vertices[301]: set edge_index = 5
[2026-09-18 10:06:56.196] [INFO ] DataDriver - root.p_Vertices[301]: set x = 100.196777
[2026-09-18 10:06:56.196] [INFO ] DataDriver - root.p_Vertices[301]: set y = 873.213593
[2026-09-18 10:06:56.196] [INFO ] DataDriver - root.p_Vertices[301]: set z = 0.0
[2026-09-18 10:06:56.196] [INFO ] DataDriver - root.p_Vertices[302]: set id = "vertex_302"
[2026-09-18 10:06:56.196] [INFO ] DataDriver - root.p_Vertices[302]: set edge_id = "edge_25"
[2026-09-18 10:06:56.196] [INFO ] DataDriver - root.p_Vertices[302]: set edge_index = 4
[2026-09-18 10:06:56.196] [INFO ] DataDriver - root.p_Vertices[302]: set x = 97.47607400000004
[2026-09-18 10:06:56.196] [INFO ] DataDriver - root.p_Vertices[302]: set y = 876.804741
[2026-09-18 10:06:56.196] [INFO ] DataDriver - root.p_Vertices[302]: set z = 0.0
[2026-09-18 10:06:56.196] [INFO ] DataDriver - root.p_Vertices[303]: set id = "vertex_303"
[2026-09-18 10:06:56.196] [INFO ] DataDriver - root.p_Vertices[303]: set edge_id = "edge_25"
[2026-09-18 10:06:56.196] [INFO ] DataDriver - root.p_Vertices[303]: set edge_index = 3
[2026-09-18 10:06:56.196] [INFO ] DataDriver - root.p_Vertices[303]: set x = 95.14025900000001
[2026-09-18 10:06:56.196] [INFO ] DataDriver - root.p_Vertices[303]: set y = 880.629417
[2026-09-18 10:06:56.196] [INFO ] DataDriver - root.p_Vertices[303]: set z = 0.0
[2026-09-18 10:06:56.196] [INFO ] DataDriver - root.p_Vertices[304]: set id = "vertex_304"
[2026-09-18 10:06:56.197] [INFO ] DataDriver - root.p_Vertices[304]: set edge_id = "edge_25"
[2026-09-18 10:06:56.197] [INFO ] DataDriver - root.p_Vertices[304]: set edge_index = 2
[2026-09-18 10:06:56.197] [INFO ] DataDriver - root.p_Vertices[304]: set x = 93.21875
[2026-09-18 10:06:56.197] [INFO ] DataDriver - root.p_Vertices[304]: set y = 884.635086
[2026-09-18 10:06:56.197] [INFO ] DataDriver - root.p_Vertices[304]: set z = 0.0
[2026-09-18 10:06:56.197] [INFO ] DataDriver - root.p_Vertices[305]: set id = "vertex_305"
[2026-09-18 10:06:56.197] [INFO ] DataDriver - root.p_Vertices[305]: set edge_id = "edge_25"
[2026-09-18 10:06:56.197] [INFO ] DataDriver - root.p_Vertices[305]: set edge_index = 1
[2026-09-18 10:06:56.197] [INFO ] DataDriver - root.p_Vertices[305]: set x = 91.71362299999998
[2026-09-18 10:06:56.197] [INFO ] DataDriver - root.p_Vertices[305]: set y = 888.80896
[2026-09-18 10:06:56.197] [INFO ] DataDriver - root.p_Vertices[305]: set z = -4.0E-6
[2026-09-18 10:06:56.197] [INFO ] DataDriver - root.p_Vertices[306]: set id = "vertex_306"
[2026-09-18 10:06:56.197] [INFO ] DataDriver - root.p_Vertices[306]: set edge_id = "edge_25"
[2026-09-18 10:06:56.197] [INFO ] DataDriver - root.p_Vertices[306]: set edge_index = 0
[2026-09-18 10:06:56.197] [INFO ] DataDriver - root.p_Vertices[306]: set x = 90.64184599999999
[2026-09-18 10:06:56.197] [INFO ] DataDriver - root.p_Vertices[306]: set y = 893.09697
[2026-09-18 10:06:56.197] [INFO ] DataDriver - root.p_Vertices[306]: set z = 0.0
[2026-09-18 10:06:56.197] [INFO ] DataDriver - root.p_Vertices[307]: set id = "vertex_307"
[2026-09-18 10:06:56.197] [INFO ] DataDriver - root.p_Vertices[307]: set edge_id = "edge_26"
[2026-09-18 10:06:56.197] [INFO ] DataDriver - root.p_Vertices[307]: set edge_index = 0
[2026-09-18 10:06:56.197] [INFO ] DataDriver - root.p_Vertices[307]: set x = 2356.28064
[2026-09-18 10:06:56.197] [INFO ] DataDriver - root.p_Vertices[307]: set y = 1063.6185
[2026-09-18 10:06:56.197] [INFO ] DataDriver - root.p_Vertices[307]: set z = -8.0E-6
[2026-09-18 10:06:56.197] [INFO ] DataDriver - root.p_Vertices[308]: set id = "vertex_308"
[2026-09-18 10:06:56.197] [INFO ] DataDriver - root.p_Vertices[308]: set edge_id = "edge_26"
[2026-09-18 10:06:56.197] [INFO ] DataDriver - root.p_Vertices[308]: set edge_index = 1
[2026-09-18 10:06:56.197] [INFO ] DataDriver - root.p_Vertices[308]: set x = 2362.675171
[2026-09-18 10:06:56.197] [INFO ] DataDriver - root.p_Vertices[308]: set y = 1061.537659
[2026-09-18 10:06:56.197] [INFO ] DataDriver - root.p_Vertices[308]: set z = 0.0
[2026-09-18 10:06:56.197] [INFO ] DataDriver - root.p_Vertices[309]: set id = "vertex_309"
[2026-09-18 10:06:56.197] [INFO ] DataDriver - root.p_Vertices[309]: set edge_id = "edge_26"
[2026-09-18 10:06:56.197] [INFO ] DataDriver - root.p_Vertices[309]: set edge_index = 2
[2026-09-18 10:06:56.197] [INFO ] DataDriver - root.p_Vertices[309]: set x = 2367.068604
[2026-09-18 10:06:56.197] [INFO ] DataDriver - root.p_Vertices[309]: set y = 1060.677795
[2026-09-18 10:06:56.197] [INFO ] DataDriver - root.p_Vertices[309]: set z = 8.0E-6
[2026-09-18 10:06:56.197] [INFO ] DataDriver - root.p_Vertices[310]: set id = "vertex_310"
[2026-09-18 10:06:56.197] [INFO ] DataDriver - root.p_Vertices[310]: set edge_id = "edge_26"
[2026-09-18 10:06:56.197] [INFO ] DataDriver - root.p_Vertices[310]: set edge_index = 3
[2026-09-18 10:06:56.197] [INFO ] DataDriver - root.p_Vertices[310]: set x = 2371.5378419999997
[2026-09-18 10:06:56.197] [INFO ] DataDriver - root.p_Vertices[310]: set y = 1060.252197
[2026-09-18 10:06:56.197] [INFO ] DataDriver - root.p_Vertices[310]: set z = 0.0
[2026-09-18 10:06:56.197] [INFO ] DataDriver - root.p_Vertices[311]: set id = "vertex_311"
[2026-09-18 10:06:56.197] [INFO ] DataDriver - root.p_Vertices[311]: set edge_id = "edge_26"
[2026-09-18 10:06:56.197] [INFO ] DataDriver - root.p_Vertices[311]: set edge_index = 4
[2026-09-18 10:06:56.197] [INFO ] DataDriver - root.p_Vertices[311]: set x = 2376.02002
[2026-09-18 10:06:56.197] [INFO ] DataDriver - root.p_Vertices[311]: set y = 1060.2673340000001
[2026-09-18 10:06:56.197] [INFO ] DataDriver - root.p_Vertices[311]: set z = 8.0E-6
[2026-09-18 10:06:56.197] [INFO ] DataDriver - root.p_Vertices[312]: set id = "vertex_312"
[2026-09-18 10:06:56.197] [INFO ] DataDriver - root.p_Vertices[312]: set edge_id = "edge_26"
[2026-09-18 10:06:56.197] [INFO ] DataDriver - root.p_Vertices[312]: set edge_index = 5
[2026-09-18 10:06:56.197] [INFO ] DataDriver - root.p_Vertices[312]: set x = 2380.487183
[2026-09-18 10:06:56.197] [INFO ] DataDriver - root.p_Vertices[312]: set y = 1060.727264
[2026-09-18 10:06:56.197] [INFO ] DataDriver - root.p_Vertices[312]: set z = 0.0
[2026-09-18 10:06:56.197] [INFO ] DataDriver - root.p_Vertices[313]: set id = "vertex_313"
[2026-09-18 10:06:56.197] [INFO ] DataDriver - root.p_Vertices[313]: set edge_id = "edge_26"
[2026-09-18 10:06:56.197] [INFO ] DataDriver - root.p_Vertices[313]: set edge_index = 6
[2026-09-18 10:06:56.197] [INFO ] DataDriver - root.p_Vertices[313]: set x = 2384.869995
[2026-09-18 10:06:56.197] [INFO ] DataDriver - root.p_Vertices[313]: set y = 1061.632629
[2026-09-18 10:06:56.197] [INFO ] DataDriver - root.p_Vertices[313]: set z = 8.0E-6
[2026-09-18 10:06:56.197] [INFO ] DataDriver - root.p_Vertices[314]: set id = "vertex_314"
[2026-09-18 10:06:56.197] [INFO ] DataDriver - root.p_Vertices[314]: set edge_id = "edge_26"
[2026-09-18 10:06:56.197] [INFO ] DataDriver - root.p_Vertices[314]: set edge_index = 7
[2026-09-18 10:06:56.197] [INFO ] DataDriver - root.p_Vertices[314]: set x = 2389.1427000000003
[2026-09-18 10:06:56.197] [INFO ] DataDriver - root.p_Vertices[314]: set y = 1062.981384
[2026-09-18 10:06:56.197] [INFO ] DataDriver - root.p_Vertices[314]: set z = 0.0
[2026-09-18 10:06:56.197] [INFO ] DataDriver - root.p_Vertices[315]: set id = "vertex_315"
[2026-09-18 10:06:56.197] [INFO ] DataDriver - root.p_Vertices[315]: set edge_id = "edge_26"
[2026-09-18 10:06:56.197] [INFO ] DataDriver - root.p_Vertices[315]: set edge_index = 8
[2026-09-18 10:06:56.197] [INFO ] DataDriver - root.p_Vertices[315]: set x = 2393.253052
[2026-09-18 10:06:56.197] [INFO ] DataDriver - root.p_Vertices[315]: set y = 1064.7467040000001
[2026-09-18 10:06:56.197] [INFO ] DataDriver - root.p_Vertices[315]: set z = 8.0E-6
[2026-09-18 10:06:56.197] [INFO ] DataDriver - root.p_Vertices[316]: set id = "vertex_316"
[2026-09-18 10:06:56.197] [INFO ] DataDriver - root.p_Vertices[316]: set edge_id = "edge_26"
[2026-09-18 10:06:56.197] [INFO ] DataDriver - root.p_Vertices[316]: set edge_index = 9
[2026-09-18 10:06:56.197] [INFO ] DataDriver - root.p_Vertices[316]: set x = 2397.1921389999998
[2026-09-18 10:06:56.197] [INFO ] DataDriver - root.p_Vertices[316]: set y = 1066.906769
[2026-09-18 10:06:56.197] [INFO ] DataDriver - root.p_Vertices[316]: set z = 0.0
[2026-09-18 10:06:56.197] [INFO ] DataDriver - root.p_Vertices[317]: set id = "vertex_317"
[2026-09-18 10:06:56.197] [INFO ] DataDriver - root.p_Vertices[317]: set edge_id = "edge_26"
[2026-09-18 10:06:56.197] [INFO ] DataDriver - root.p_Vertices[317]: set edge_index = 10
[2026-09-18 10:06:56.197] [INFO ] DataDriver - root.p_Vertices[317]: set x = 2400.9107670000003
[2026-09-18 10:06:56.197] [INFO ] DataDriver - root.p_Vertices[317]: set y = 1069.426544
[2026-09-18 10:06:56.197] [INFO ] DataDriver - root.p_Vertices[317]: set z = 8.0E-6
[2026-09-18 10:06:56.197] [INFO ] DataDriver - root.p_Vertices[318]: set id = "vertex_318"
[2026-09-18 10:06:56.197] [INFO ] DataDriver - root.p_Vertices[318]: set edge_id = "edge_26"
[2026-09-18 10:06:56.197] [INFO ] DataDriver - root.p_Vertices[318]: set edge_index = 11
[2026-09-18 10:06:56.197] [INFO ] DataDriver - root.p_Vertices[318]: set x = 2404.413818
[2026-09-18 10:06:56.197] [INFO ] DataDriver - root.p_Vertices[318]: set y = 1072.296448
[2026-09-18 10:06:56.197] [INFO ] DataDriver - root.p_Vertices[318]: set z = 0.0
[2026-09-18 10:06:56.197] [INFO ] DataDriver - root.p_Vertices[319]: set id = "vertex_319"
[2026-09-18 10:06:56.197] [INFO ] DataDriver - root.p_Vertices[319]: set edge_id = "edge_26"
[2026-09-18 10:06:56.197] [INFO ] DataDriver - root.p_Vertices[319]: set edge_index = 12
[2026-09-18 10:06:56.197] [INFO ] DataDriver - root.p_Vertices[319]: set x = 2407.816772
[2026-09-18 10:06:56.197] [INFO ] DataDriver - root.p_Vertices[319]: set y = 1075.501221
[2026-09-18 10:06:56.197] [INFO ] DataDriver - root.p_Vertices[319]: set z = 0.0
[2026-09-18 10:06:56.197] [INFO ] DataDriver - root.p_Vertices[320]: set id = "vertex_320"
[2026-09-18 10:06:56.197] [INFO ] DataDriver - root.p_Vertices[320]: set edge_id = "edge_26"
[2026-09-18 10:06:56.197] [INFO ] DataDriver - root.p_Vertices[320]: set edge_index = 13
[2026-09-18 10:06:56.197] [INFO ] DataDriver - root.p_Vertices[320]: set x = 2411.581177
[2026-09-18 10:06:56.197] [INFO ] DataDriver - root.p_Vertices[320]: set y = 1079.852234
[2026-09-18 10:06:56.197] [INFO ] DataDriver - root.p_Vertices[320]: set z = 0.0
[2026-09-18 10:06:56.197] [INFO ] DataDriver - root.p_Vertices[321]: set id = "vertex_321"
[2026-09-18 10:06:56.197] [INFO ] DataDriver - root.p_Vertices[321]: set edge_id = "edge_29"
[2026-09-18 10:06:56.197] [INFO ] DataDriver - root.p_Vertices[321]: set edge_index = 0
[2026-09-18 10:06:56.197] [INFO ] DataDriver - root.p_Vertices[321]: set x = 2155.053833
[2026-09-18 10:06:56.197] [INFO ] DataDriver - root.p_Vertices[321]: set y = 1075.991669
[2026-09-18 10:06:56.198] [INFO ] DataDriver - root.p_Vertices[321]: set z = -8.0E-6
[2026-09-18 10:06:56.198] [INFO ] DataDriver - root.p_Vertices[322]: set id = "vertex_322"
[2026-09-18 10:06:56.198] [INFO ] DataDriver - root.p_Vertices[322]: set edge_id = "edge_29"
[2026-09-18 10:06:56.198] [INFO ] DataDriver - root.p_Vertices[322]: set edge_index = 1
[2026-09-18 10:06:56.198] [INFO ] DataDriver - root.p_Vertices[322]: set x = 2166.670166
[2026-09-18 10:06:56.198] [INFO ] DataDriver - root.p_Vertices[322]: set y = 1068.431274
[2026-09-18 10:06:56.198] [INFO ] DataDriver - root.p_Vertices[322]: set z = 8.0E-6
[2026-09-18 10:06:56.198] [INFO ] DataDriver - root.p_Vertices[323]: set id = "vertex_323"
[2026-09-18 10:06:56.198] [INFO ] DataDriver - root.p_Vertices[323]: set edge_id = "edge_29"
[2026-09-18 10:06:56.198] [INFO ] DataDriver - root.p_Vertices[323]: set edge_index = 2
[2026-09-18 10:06:56.198] [INFO ] DataDriver - root.p_Vertices[323]: set x = 2189.902954
[2026-09-18 10:06:56.198] [INFO ] DataDriver - root.p_Vertices[323]: set y = 1047.694565
[2026-09-18 10:06:56.198] [INFO ] DataDriver - root.p_Vertices[323]: set z = 0.0
[2026-09-18 10:06:56.198] [INFO ] DataDriver - root.p_Vertices[324]: set id = "vertex_324"
[2026-09-18 10:06:56.198] [INFO ] DataDriver - root.p_Vertices[324]: set edge_id = "edge_29"
[2026-09-18 10:06:56.198] [INFO ] DataDriver - root.p_Vertices[324]: set edge_index = 3
[2026-09-18 10:06:56.198] [INFO ] DataDriver - root.p_Vertices[324]: set x = 2197.54126
[2026-09-18 10:06:56.198] [INFO ] DataDriver - root.p_Vertices[324]: set y = 1041.304016
[2026-09-18 10:06:56.198] [INFO ] DataDriver - root.p_Vertices[324]: set z = 1.5E-5
[2026-09-18 10:06:56.198] [INFO ] DataDriver - root.p_Vertices[325]: set id = "vertex_325"
[2026-09-18 10:06:56.198] [INFO ] DataDriver - root.p_Vertices[325]: set edge_id = "edge_29"
[2026-09-18 10:06:56.198] [INFO ] DataDriver - root.p_Vertices[325]: set edge_index = 4
[2026-09-18 10:06:56.198] [INFO ] DataDriver - root.p_Vertices[325]: set x = 2237.816772
[2026-09-18 10:06:56.198] [INFO ] DataDriver - root.p_Vertices[325]: set y = 999.911102
[2026-09-18 10:06:56.198] [INFO ] DataDriver - root.p_Vertices[325]: set z = 1.5E-5
[2026-09-18 10:06:56.198] [INFO ] DataDriver - root.p_Vertices[326]: set id = "vertex_326"
[2026-09-18 10:06:56.198] [INFO ] DataDriver - root.p_Vertices[326]: set edge_id = "edge_29"
[2026-09-18 10:06:56.198] [INFO ] DataDriver - root.p_Vertices[326]: set edge_index = 5
[2026-09-18 10:06:56.198] [INFO ] DataDriver - root.p_Vertices[326]: set x = 2243.5322269999997
[2026-09-18 10:06:56.198] [INFO ] DataDriver - root.p_Vertices[326]: set y = 992.43924
[2026-09-18 10:06:56.198] [INFO ] DataDriver - root.p_Vertices[326]: set z = -8.0E-6
[2026-09-18 10:06:56.198] [INFO ] DataDriver - root.p_Vertices[327]: set id = "vertex_327"
[2026-09-18 10:06:56.198] [INFO ] DataDriver - root.p_Vertices[327]: set edge_id = "edge_29"
[2026-09-18 10:06:56.198] [INFO ] DataDriver - root.p_Vertices[327]: set edge_index = 6
[2026-09-18 10:06:56.198] [INFO ] DataDriver - root.p_Vertices[327]: set x = 2248.516235
[2026-09-18 10:06:56.198] [INFO ] DataDriver - root.p_Vertices[327]: set y = 984.498779
[2026-09-18 10:06:56.198] [INFO ] DataDriver - root.p_Vertices[327]: set z = -8.0E-6
[2026-09-18 10:06:56.198] [INFO ] DataDriver - root.p_Vertices[328]: set id = "vertex_328"
[2026-09-18 10:06:56.198] [INFO ] DataDriver - root.p_Vertices[328]: set edge_id = "edge_29"
[2026-09-18 10:06:56.198] [INFO ] DataDriver - root.p_Vertices[328]: set edge_index = 7
[2026-09-18 10:06:56.198] [INFO ] DataDriver - root.p_Vertices[328]: set x = 2260.408081
[2026-09-18 10:06:56.198] [INFO ] DataDriver - root.p_Vertices[328]: set y = 959.9754330000001
[2026-09-18 10:06:56.198] [INFO ] DataDriver - root.p_Vertices[328]: set z = 2.3E-5
[2026-09-18 10:06:56.198] [INFO ] DataDriver - root.p_Vertices[329]: set id = "vertex_329"
[2026-09-18 10:06:56.198] [INFO ] DataDriver - root.p_Vertices[329]: set edge_id = "edge_29"
[2026-09-18 10:06:56.198] [INFO ] DataDriver - root.p_Vertices[329]: set edge_index = 8
[2026-09-18 10:06:56.198] [INFO ] DataDriver - root.p_Vertices[329]: set x = 2278.123291
[2026-09-18 10:06:56.198] [INFO ] DataDriver - root.p_Vertices[329]: set y = 908.166481
[2026-09-18 10:06:56.198] [INFO ] DataDriver - root.p_Vertices[329]: set z = 0.0
[2026-09-18 10:06:56.198] [INFO ] DataDriver - root.p_Vertices[330]: set id = "vertex_330"
[2026-09-18 10:06:56.198] [INFO ] DataDriver - root.p_Vertices[330]: set edge_id = "edge_29"
[2026-09-18 10:06:56.198] [INFO ] DataDriver - root.p_Vertices[330]: set edge_index = 9
[2026-09-18 10:06:56.198] [INFO ] DataDriver - root.p_Vertices[330]: set x = 2281.2146000000002
[2026-09-18 10:06:56.198] [INFO ] DataDriver - root.p_Vertices[330]: set y = 901.278488
[2026-09-18 10:06:56.198] [INFO ] DataDriver - root.p_Vertices[330]: set z = 1.5E-5
[2026-09-18 10:06:56.198] [INFO ] DataDriver - root.p_Vertices[331]: set id = "vertex_331"
[2026-09-18 10:06:56.198] [INFO ] DataDriver - root.p_Vertices[331]: set edge_id = "edge_29"
[2026-09-18 10:06:56.198] [INFO ] DataDriver - root.p_Vertices[331]: set edge_index = 10
[2026-09-18 10:06:56.198] [INFO ] DataDriver - root.p_Vertices[331]: set x = 2284.638916
[2026-09-18 10:06:56.198] [INFO ] DataDriver - root.p_Vertices[331]: set y = 895.071182
[2026-09-18 10:06:56.198] [INFO ] DataDriver - root.p_Vertices[331]: set z = 0.0
[2026-09-18 10:06:56.198] [INFO ] DataDriver - root.p_Vertices[332]: set id = "vertex_332"
[2026-09-18 10:06:56.198] [INFO ] DataDriver - root.p_Vertices[332]: set edge_id = "edge_29"
[2026-09-18 10:06:56.198] [INFO ] DataDriver - root.p_Vertices[332]: set edge_index = 11
[2026-09-18 10:06:56.198] [INFO ] DataDriver - root.p_Vertices[332]: set x = 2292.0196530000003
[2026-09-18 10:06:56.198] [INFO ] DataDriver - root.p_Vertices[332]: set y = 884.210609
[2026-09-18 10:06:56.198] [INFO ] DataDriver - root.p_Vertices[332]: set z = -8.0E-6
[2026-09-18 10:06:56.198] [INFO ] DataDriver - root.p_Vertices[333]: set id = "vertex_333"
[2026-09-18 10:06:56.198] [INFO ] DataDriver - root.p_Vertices[333]: set edge_id = "edge_29"
[2026-09-18 10:06:56.198] [INFO ] DataDriver - root.p_Vertices[333]: set edge_index = 12
[2026-09-18 10:06:56.198] [INFO ] DataDriver - root.p_Vertices[333]: set x = 2295.6295170000003
[2026-09-18 10:06:56.198] [INFO ] DataDriver - root.p_Vertices[333]: set y = 879.746101
[2026-09-18 10:06:56.198] [INFO ] DataDriver - root.p_Vertices[333]: set z = 8.0E-6
[2026-09-18 10:06:56.198] [INFO ] DataDriver - root.p_Vertices[334]: set id = "vertex_334"
[2026-09-18 10:06:56.198] [INFO ] DataDriver - root.p_Vertices[334]: set edge_id = "edge_29"
[2026-09-18 10:06:56.198] [INFO ] DataDriver - root.p_Vertices[334]: set edge_index = 13
[2026-09-18 10:06:56.198] [INFO ] DataDriver - root.p_Vertices[334]: set x = 2299.04248
[2026-09-18 10:06:56.198] [INFO ] DataDriver - root.p_Vertices[334]: set y = 876.253845
[2026-09-18 10:06:56.199] [INFO ] DataDriver - root.p_Vertices[334]: set z = 0.0
[2026-09-18 10:06:56.199] [INFO ] DataDriver - root.p_Vertices[335]: set id = "vertex_335"
[2026-09-18 10:06:56.199] [INFO ] DataDriver - root.p_Vertices[335]: set edge_id = "edge_29"
[2026-09-18 10:06:56.199] [INFO ] DataDriver - root.p_Vertices[335]: set edge_index = 14
[2026-09-18 10:06:56.199] [INFO ] DataDriver - root.p_Vertices[335]: set x = 2302.327759
[2026-09-18 10:06:56.199] [INFO ] DataDriver - root.p_Vertices[335]: set y = 873.463089
[2026-09-18 10:06:56.199] [INFO ] DataDriver - root.p_Vertices[335]: set z = 1.5E-5
[2026-09-18 10:06:56.199] [INFO ] DataDriver - root.p_Vertices[336]: set id = "vertex_336"
[2026-09-18 10:06:56.199] [INFO ] DataDriver - root.p_Vertices[336]: set edge_id = "edge_29"
[2026-09-18 10:06:56.199] [INFO ] DataDriver - root.p_Vertices[336]: set edge_index = 15
[2026-09-18 10:06:56.199] [INFO ] DataDriver - root.p_Vertices[336]: set x = 2309.001709
[2026-09-18 10:06:56.199] [INFO ] DataDriver - root.p_Vertices[336]: set y = 868.735458
[2026-09-18 10:06:56.199] [INFO ] DataDriver - root.p_Vertices[336]: set z = 1.5E-5
[2026-09-18 10:06:56.199] [INFO ] DataDriver - root.p_Vertices[337]: set id = "vertex_337"
[2026-09-18 10:06:56.199] [INFO ] DataDriver - root.p_Vertices[337]: set edge_id = "edge_29"
[2026-09-18 10:06:56.199] [INFO ] DataDriver - root.p_Vertices[337]: set edge_index = 16
[2026-09-18 10:06:56.199] [INFO ] DataDriver - root.p_Vertices[337]: set x = 2319.977417
[2026-09-18 10:06:56.199] [INFO ] DataDriver - root.p_Vertices[337]: set y = 862.940887
[2026-09-18 10:06:56.199] [INFO ] DataDriver - root.p_Vertices[337]: set z = -8.0E-6
[2026-09-18 10:06:56.199] [INFO ] DataDriver - root.p_Vertices[338]: set id = "vertex_338"
[2026-09-18 10:06:56.199] [INFO ] DataDriver - root.p_Vertices[338]: set edge_id = "edge_29"
[2026-09-18 10:06:56.199] [INFO ] DataDriver - root.p_Vertices[338]: set edge_index = 17
[2026-09-18 10:06:56.199] [INFO ] DataDriver - root.p_Vertices[338]: set x = 2336.9964600000003
[2026-09-18 10:06:56.199] [INFO ] DataDriver - root.p_Vertices[338]: set y = 856.706253
[2026-09-18 10:06:56.199] [INFO ] DataDriver - root.p_Vertices[338]: set z = 0.0
[2026-09-18 10:06:56.199] [INFO ] DataDriver - root.p_Vertices[339]: set id = "vertex_339"
[2026-09-18 10:06:56.199] [INFO ] DataDriver - root.p_Vertices[339]: set edge_id = "edge_29"
[2026-09-18 10:06:56.199] [INFO ] DataDriver - root.p_Vertices[339]: set edge_index = 18
[2026-09-18 10:06:56.199] [INFO ] DataDriver - root.p_Vertices[339]: set x = 2366.564209
[2026-09-18 10:06:56.199] [INFO ] DataDriver - root.p_Vertices[339]: set y = 849.906708
[2026-09-18 10:06:56.199] [INFO ] DataDriver - root.p_Vertices[339]: set z = -8.0E-6
[2026-09-18 10:06:56.199] [INFO ] DataDriver - root.p_Vertices[340]: set id = "vertex_340"
[2026-09-18 10:06:56.199] [INFO ] DataDriver - root.p_Vertices[340]: set edge_id = "edge_29"
[2026-09-18 10:06:56.199] [INFO ] DataDriver - root.p_Vertices[340]: set edge_index = 19
[2026-09-18 10:06:56.199] [INFO ] DataDriver - root.p_Vertices[340]: set x = 2408.985718
[2026-09-18 10:06:56.199] [INFO ] DataDriver - root.p_Vertices[340]: set y = 844.841339
[2026-09-18 10:06:56.199] [INFO ] DataDriver - root.p_Vertices[340]: set z = 0.0
[2026-09-18 10:06:56.199] [INFO ] DataDriver - root.p_Vertices[341]: set id = "vertex_341"
[2026-09-18 10:06:56.199] [INFO ] DataDriver - root.p_Vertices[341]: set edge_id = "edge_29"
[2026-09-18 10:06:56.199] [INFO ] DataDriver - root.p_Vertices[341]: set edge_index = 20
[2026-09-18 10:06:56.199] [INFO ] DataDriver - root.p_Vertices[341]: set x = 2444.550537
[2026-09-18 10:06:56.199] [INFO ] DataDriver - root.p_Vertices[341]: set y = 845.483612
[2026-09-18 10:06:56.199] [INFO ] DataDriver - root.p_Vertices[341]: set z = 0.0
[2026-09-18 10:06:56.199] [INFO ] DataDriver - root.p_Vertices[342]: set id = "vertex_342"
[2026-09-18 10:06:56.199] [INFO ] DataDriver - root.p_Vertices[342]: set edge_id = "edge_29"
[2026-09-18 10:06:56.199] [INFO ] DataDriver - root.p_Vertices[342]: set edge_index = 21
[2026-09-18 10:06:56.199] [INFO ] DataDriver - root.p_Vertices[342]: set x = 2506.372559
[2026-09-18 10:06:56.199] [INFO ] DataDriver - root.p_Vertices[342]: set y = 849.703217
[2026-09-18 10:06:56.199] [INFO ] DataDriver - root.p_Vertices[342]: set z = 3.1E-5
[2026-09-18 10:06:56.199] [INFO ] DataDriver - root.p_Vertices[343]: set id = "vertex_343"
[2026-09-18 10:06:56.199] [INFO ] DataDriver - root.p_Vertices[343]: set edge_id = "edge_29"
[2026-09-18 10:06:56.199] [INFO ] DataDriver - root.p_Vertices[343]: set edge_index = 22
[2026-09-18 10:06:56.199] [INFO ] DataDriver - root.p_Vertices[343]: set x = 2516.718872
[2026-09-18 10:06:56.199] [INFO ] DataDriver - root.p_Vertices[343]: set y = 850.980453
[2026-09-18 10:06:56.199] [INFO ] DataDriver - root.p_Vertices[343]: set z = 1.5E-5
[2026-09-18 10:06:56.199] [INFO ] DataDriver - root.p_Vertices[344]: set id = "vertex_344"
[2026-09-18 10:06:56.199] [INFO ] DataDriver - root.p_Vertices[344]: set edge_id = "edge_29"
[2026-09-18 10:06:56.199] [INFO ] DataDriver - root.p_Vertices[344]: set edge_index = 23
[2026-09-18 10:06:56.199] [INFO ] DataDriver - root.p_Vertices[344]: set x = 2526.302124
[2026-09-18 10:06:56.199] [INFO ] DataDriver - root.p_Vertices[344]: set y = 852.884064
[2026-09-18 10:06:56.199] [INFO ] DataDriver - root.p_Vertices[344]: set z = 0.0
[2026-09-18 10:06:56.199] [INFO ] DataDriver - root.p_Vertices[345]: set id = "vertex_345"
[2026-09-18 10:06:56.199] [INFO ] DataDriver - root.p_Vertices[345]: set edge_id = "edge_29"
[2026-09-18 10:06:56.199] [INFO ] DataDriver - root.p_Vertices[345]: set edge_index = 24
[2026-09-18 10:06:56.199] [INFO ] DataDriver - root.p_Vertices[345]: set x = 2543.522949
[2026-09-18 10:06:56.199] [INFO ] DataDriver - root.p_Vertices[345]: set y = 857.8727260000001
[2026-09-18 10:06:56.199] [INFO ] DataDriver - root.p_Vertices[345]: set z = 0.0
[2026-09-18 10:06:56.199] [INFO ] DataDriver - root.p_Vertices[346]: set id = "vertex_346"
[2026-09-18 10:06:56.199] [INFO ] DataDriver - root.p_Vertices[346]: set edge_id = "edge_29"
[2026-09-18 10:06:56.199] [INFO ] DataDriver - root.p_Vertices[346]: set edge_index = 25
[2026-09-18 10:06:56.199] [INFO ] DataDriver - root.p_Vertices[346]: set x = 2550.772461
[2026-09-18 10:06:56.199] [INFO ] DataDriver - root.p_Vertices[346]: set y = 860.647797
[2026-09-18 10:06:56.199] [INFO ] DataDriver - root.p_Vertices[346]: set z = 0.0
[2026-09-18 10:06:56.199] [INFO ] DataDriver - root.p_Vertices[347]: set id = "vertex_347"
[2026-09-18 10:06:56.199] [INFO ] DataDriver - root.p_Vertices[347]: set edge_id = "edge_29"
[2026-09-18 10:06:56.199] [INFO ] DataDriver - root.p_Vertices[347]: set edge_index = 26
[2026-09-18 10:06:56.200] [INFO ] DataDriver - root.p_Vertices[347]: set x = 2556.6422119999997
[2026-09-18 10:06:56.200] [INFO ] DataDriver - root.p_Vertices[347]: set y = 863.595459
[2026-09-18 10:06:56.200] [INFO ] DataDriver - root.p_Vertices[347]: set z = 0.0
[2026-09-18 10:06:56.200] [INFO ] DataDriver - root.p_Vertices[348]: set id = "vertex_348"
[2026-09-18 10:06:56.200] [INFO ] DataDriver - root.p_Vertices[348]: set edge_id = "edge_29"
[2026-09-18 10:06:56.200] [INFO ] DataDriver - root.p_Vertices[348]: set edge_index = 27
[2026-09-18 10:06:56.200] [INFO ] DataDriver - root.p_Vertices[348]: set x = 2561.523682
[2026-09-18 10:06:56.200] [INFO ] DataDriver - root.p_Vertices[348]: set y = 866.686646
[2026-09-18 10:06:56.200] [INFO ] DataDriver - root.p_Vertices[348]: set z = 0.0
[2026-09-18 10:06:56.200] [INFO ] DataDriver - root.p_Vertices[349]: set id = "vertex_349"
[2026-09-18 10:06:56.200] [INFO ] DataDriver - root.p_Vertices[349]: set edge_id = "edge_29"
[2026-09-18 10:06:56.200] [INFO ] DataDriver - root.p_Vertices[349]: set edge_index = 28
[2026-09-18 10:06:56.200] [INFO ] DataDriver - root.p_Vertices[349]: set x = 2570.38501
[2026-09-18 10:06:56.200] [INFO ] DataDriver - root.p_Vertices[349]: set y = 873.437683
[2026-09-18 10:06:56.200] [INFO ] DataDriver - root.p_Vertices[349]: set z = 0.0
[2026-09-18 10:06:56.200] [INFO ] DataDriver - root.p_Vertices[350]: set id = "vertex_350"
[2026-09-18 10:06:56.200] [INFO ] DataDriver - root.p_Vertices[350]: set edge_id = "edge_29"
[2026-09-18 10:06:56.200] [INFO ] DataDriver - root.p_Vertices[350]: set edge_index = 29
[2026-09-18 10:06:56.200] [INFO ] DataDriver - root.p_Vertices[350]: set x = 2614.036255
[2026-09-18 10:06:56.200] [INFO ] DataDriver - root.p_Vertices[350]: set y = 913.129745
[2026-09-18 10:06:56.200] [INFO ] DataDriver - root.p_Vertices[350]: set z = -1.5E-5
[2026-09-18 10:06:56.200] [INFO ] DataDriver - root.p_Vertices[351]: set id = "vertex_351"
[2026-09-18 10:06:56.200] [INFO ] DataDriver - root.p_Vertices[351]: set edge_id = "edge_29"
[2026-09-18 10:06:56.200] [INFO ] DataDriver - root.p_Vertices[351]: set edge_index = 30
[2026-09-18 10:06:56.200] [INFO ] DataDriver - root.p_Vertices[351]: set x = 2623.0877689999998
[2026-09-18 10:06:56.200] [INFO ] DataDriver - root.p_Vertices[351]: set y = 919.161407
[2026-09-18 10:06:56.200] [INFO ] DataDriver - root.p_Vertices[351]: set z = 0.0
[2026-09-18 10:06:56.200] [INFO ] DataDriver - root.p_Vertices[352]: set id = "vertex_352"
[2026-09-18 10:06:56.200] [INFO ] DataDriver - root.p_Vertices[352]: set edge_id = "edge_29"
[2026-09-18 10:06:56.200] [INFO ] DataDriver - root.p_Vertices[352]: set edge_index = 31
[2026-09-18 10:06:56.200] [INFO ] DataDriver - root.p_Vertices[352]: set x = 2632.523193
[2026-09-18 10:06:56.200] [INFO ] DataDriver - root.p_Vertices[352]: set y = 923.410004
[2026-09-18 10:06:56.200] [INFO ] DataDriver - root.p_Vertices[352]: set z = 1.5E-5
[2026-09-18 10:06:56.200] [INFO ] DataDriver - root.p_Vertices[353]: set id = "vertex_353"
[2026-09-18 10:06:56.200] [INFO ] DataDriver - root.p_Vertices[353]: set edge_id = "edge_29"
[2026-09-18 10:06:56.200] [INFO ] DataDriver - root.p_Vertices[353]: set edge_index = 32
[2026-09-18 10:06:56.200] [INFO ] DataDriver - root.p_Vertices[353]: set x = 2642.182373
[2026-09-18 10:06:56.200] [INFO ] DataDriver - root.p_Vertices[353]: set y = 926.308548
[2026-09-18 10:06:56.200] [INFO ] DataDriver - root.p_Vertices[353]: set z = 0.0
[2026-09-18 10:06:56.200] [INFO ] DataDriver - root.p_Vertices[354]: set id = "vertex_354"
[2026-09-18 10:06:56.200] [INFO ] DataDriver - root.p_Vertices[354]: set edge_id = "edge_29"
[2026-09-18 10:06:56.200] [INFO ] DataDriver - root.p_Vertices[354]: set edge_index = 33
[2026-09-18 10:06:56.200] [INFO ] DataDriver - root.p_Vertices[354]: set x = 2651.784302
[2026-09-18 10:06:56.200] [INFO ] DataDriver - root.p_Vertices[354]: set y = 928.399414
[2026-09-18 10:06:56.200] [INFO ] DataDriver - root.p_Vertices[354]: set z = 0.0
[2026-09-18 10:06:56.200] [INFO ] DataDriver - root.p_Vertices[355]: set id = "vertex_355"
[2026-09-18 10:06:56.200] [INFO ] DataDriver - root.p_Vertices[355]: set edge_id = "edge_29"
[2026-09-18 10:06:56.200] [INFO ] DataDriver - root.p_Vertices[355]: set edge_index = 34
[2026-09-18 10:06:56.200] [INFO ] DataDriver - root.p_Vertices[355]: set x = 2661.0257570000003
[2026-09-18 10:06:56.200] [INFO ] DataDriver - root.p_Vertices[355]: set y = 929.665527
[2026-09-18 10:06:56.200] [INFO ] DataDriver - root.p_Vertices[355]: set z = 0.0
[2026-09-18 10:06:56.200] [INFO ] DataDriver - root.p_Vertices[356]: set id = "vertex_356"
[2026-09-18 10:06:56.200] [INFO ] DataDriver - root.p_Vertices[356]: set edge_id = "edge_29"
[2026-09-18 10:06:56.200] [INFO ] DataDriver - root.p_Vertices[356]: set edge_index = 35
[2026-09-18 10:06:56.200] [INFO ] DataDriver - root.p_Vertices[356]: set x = 2669.7615969999997
[2026-09-18 10:06:56.200] [INFO ] DataDriver - root.p_Vertices[356]: set y = 929.937363
[2026-09-18 10:06:56.200] [INFO ] DataDriver - root.p_Vertices[356]: set z = 1.5E-5
[2026-09-18 10:06:56.200] [INFO ] DataDriver - root.p_Vertices[357]: set id = "vertex_357"
[2026-09-18 10:06:56.200] [INFO ] DataDriver - root.p_Vertices[357]: set edge_id = "edge_29"
[2026-09-18 10:06:56.200] [INFO ] DataDriver - root.p_Vertices[357]: set edge_index = 36
[2026-09-18 10:06:56.200] [INFO ] DataDriver - root.p_Vertices[357]: set x = 2687.1603999999998
[2026-09-18 10:06:56.200] [INFO ] DataDriver - root.p_Vertices[357]: set y = 928.548309
[2026-09-18 10:06:56.200] [INFO ] DataDriver - root.p_Vertices[357]: set z = 0.0
[2026-09-18 10:06:56.200] [INFO ] DataDriver - root.p_Vertices[358]: set id = "vertex_358"
[2026-09-18 10:06:56.200] [INFO ] DataDriver - root.p_Vertices[358]: set edge_id = "edge_29"
[2026-09-18 10:06:56.200] [INFO ] DataDriver - root.p_Vertices[358]: set edge_index = 37
[2026-09-18 10:06:56.200] [INFO ] DataDriver - root.p_Vertices[358]: set x = 2796.911377
[2026-09-18 10:06:56.200] [INFO ] DataDriver - root.p_Vertices[358]: set y = 911.176697
[2026-09-18 10:06:56.200] [INFO ] DataDriver - root.p_Vertices[358]: set z = 3.1E-5
[2026-09-18 10:06:56.200] [INFO ] DataDriver - root.p_Vertices[359]: set id = "vertex_359"
[2026-09-18 10:06:56.200] [INFO ] DataDriver - root.p_Vertices[359]: set edge_id = "edge_29"
[2026-09-18 10:06:56.200] [INFO ] DataDriver - root.p_Vertices[359]: set edge_index = 38
[2026-09-18 10:06:56.200] [INFO ] DataDriver - root.p_Vertices[359]: set x = 2810.341187
[2026-09-18 10:06:56.200] [INFO ] DataDriver - root.p_Vertices[359]: set y = 910.183365
[2026-09-18 10:06:56.200] [INFO ] DataDriver - root.p_Vertices[359]: set z = 0.0
[2026-09-18 10:06:56.200] [INFO ] DataDriver - root.p_Vertices[360]: set id = "vertex_360"
[2026-09-18 10:06:56.200] [INFO ] DataDriver - root.p_Vertices[360]: set edge_id = "edge_29"
[2026-09-18 10:06:56.200] [INFO ] DataDriver - root.p_Vertices[360]: set edge_index = 39
[2026-09-18 10:06:56.200] [INFO ] DataDriver - root.p_Vertices[360]: set x = 2821.8291019999997
[2026-09-18 10:06:56.200] [INFO ] DataDriver - root.p_Vertices[360]: set y = 910.525146
[2026-09-18 10:06:56.200] [INFO ] DataDriver - root.p_Vertices[360]: set z = 0.0
[2026-09-18 10:06:56.200] [INFO ] DataDriver - root.p_Vertices[361]: set id = "vertex_361"
[2026-09-18 10:06:56.200] [INFO ] DataDriver - root.p_Vertices[361]: set edge_id = "edge_29"
[2026-09-18 10:06:56.200] [INFO ] DataDriver - root.p_Vertices[361]: set edge_index = 40
[2026-09-18 10:06:56.200] [INFO ] DataDriver - root.p_Vertices[361]: set x = 2831.860229
[2026-09-18 10:06:56.200] [INFO ] DataDriver - root.p_Vertices[361]: set y = 911.870346
[2026-09-18 10:06:56.200] [INFO ] DataDriver - root.p_Vertices[361]: set z = 0.0
[2026-09-18 10:06:56.200] [INFO ] DataDriver - root.p_Vertices[362]: set id = "vertex_362"
[2026-09-18 10:06:56.200] [INFO ] DataDriver - root.p_Vertices[362]: set edge_id = "edge_29"
[2026-09-18 10:06:56.200] [INFO ] DataDriver - root.p_Vertices[362]: set edge_index = 41
[2026-09-18 10:06:56.201] [INFO ] DataDriver - root.p_Vertices[362]: set x = 2841.086304
[2026-09-18 10:06:56.201] [INFO ] DataDriver - root.p_Vertices[362]: set y = 913.783768
[2026-09-18 10:06:56.201] [INFO ] DataDriver - root.p_Vertices[362]: set z = 1.5E-5
[2026-09-18 10:06:56.201] [INFO ] DataDriver - root.p_Vertices[363]: set id = "vertex_363"
[2026-09-18 10:06:56.201] [INFO ] DataDriver - root.p_Vertices[363]: set edge_id = "edge_29"
[2026-09-18 10:06:56.201] [INFO ] DataDriver - root.p_Vertices[363]: set edge_index = 42
[2026-09-18 10:06:56.201] [INFO ] DataDriver - root.p_Vertices[363]: set x = 2849.622437
[2026-09-18 10:06:56.201] [INFO ] DataDriver - root.p_Vertices[363]: set y = 916.204803
[2026-09-18 10:06:56.201] [INFO ] DataDriver - root.p_Vertices[363]: set z = 0.0
[2026-09-18 10:06:56.201] [INFO ] DataDriver - root.p_Vertices[364]: set id = "vertex_364"
[2026-09-18 10:06:56.201] [INFO ] DataDriver - root.p_Vertices[364]: set edge_id = "edge_29"
[2026-09-18 10:06:56.201] [INFO ] DataDriver - root.p_Vertices[364]: set edge_index = 43
[2026-09-18 10:06:56.201] [INFO ] DataDriver - root.p_Vertices[364]: set x = 2857.375854
[2026-09-18 10:06:56.201] [INFO ] DataDriver - root.p_Vertices[364]: set y = 919.207062
[2026-09-18 10:06:56.201] [INFO ] DataDriver - root.p_Vertices[364]: set z = 0.0
[2026-09-18 10:06:56.201] [INFO ] DataDriver - root.p_Vertices[365]: set id = "vertex_365"
[2026-09-18 10:06:56.201] [INFO ] DataDriver - root.p_Vertices[365]: set edge_id = "edge_29"
[2026-09-18 10:06:56.201] [INFO ] DataDriver - root.p_Vertices[365]: set edge_index = 44
[2026-09-18 10:06:56.201] [INFO ] DataDriver - root.p_Vertices[365]: set x = 2871.128052
[2026-09-18 10:06:56.201] [INFO ] DataDriver - root.p_Vertices[365]: set y = 926.385818
[2026-09-18 10:06:56.201] [INFO ] DataDriver - root.p_Vertices[365]: set z = 1.5E-5
[2026-09-18 10:06:56.201] [INFO ] DataDriver - root.p_Vertices[366]: set id = "vertex_366"
[2026-09-18 10:06:56.201] [INFO ] DataDriver - root.p_Vertices[366]: set edge_id = "edge_29"
[2026-09-18 10:06:56.201] [INFO ] DataDriver - root.p_Vertices[366]: set edge_index = 45
[2026-09-18 10:06:56.201] [INFO ] DataDriver - root.p_Vertices[366]: set x = 2876.945801
[2026-09-18 10:06:56.201] [INFO ] DataDriver - root.p_Vertices[366]: set y = 930.502014
[2026-09-18 10:06:56.201] [INFO ] DataDriver - root.p_Vertices[366]: set z = 1.5E-5
[2026-09-18 10:06:56.201] [INFO ] DataDriver - root.p_Vertices[367]: set id = "vertex_367"
[2026-09-18 10:06:56.201] [INFO ] DataDriver - root.p_Vertices[367]: set edge_id = "edge_29"
[2026-09-18 10:06:56.201] [INFO ] DataDriver - root.p_Vertices[367]: set edge_index = 46
[2026-09-18 10:06:56.201] [INFO ] DataDriver - root.p_Vertices[367]: set x = 2881.716919
[2026-09-18 10:06:56.201] [INFO ] DataDriver - root.p_Vertices[367]: set y = 935.097382
[2026-09-18 10:06:56.201] [INFO ] DataDriver - root.p_Vertices[367]: set z = 0.0
[2026-09-18 10:06:56.201] [INFO ] DataDriver - root.p_Vertices[368]: set id = "vertex_368"
[2026-09-18 10:06:56.201] [INFO ] DataDriver - root.p_Vertices[368]: set edge_id = "edge_29"
[2026-09-18 10:06:56.201] [INFO ] DataDriver - root.p_Vertices[368]: set edge_index = 47
[2026-09-18 10:06:56.201] [INFO ] DataDriver - root.p_Vertices[368]: set x = 2885.691895
[2026-09-18 10:06:56.201] [INFO ] DataDriver - root.p_Vertices[368]: set y = 940.072647
[2026-09-18 10:06:56.201] [INFO ] DataDriver - root.p_Vertices[368]: set z = 1.5E-5
[2026-09-18 10:06:56.201] [INFO ] DataDriver - root.p_Vertices[369]: set id = "vertex_369"
[2026-09-18 10:06:56.201] [INFO ] DataDriver - root.p_Vertices[369]: set edge_id = "edge_29"
[2026-09-18 10:06:56.201] [INFO ] DataDriver - root.p_Vertices[369]: set edge_index = 48
[2026-09-18 10:06:56.201] [INFO ] DataDriver - root.p_Vertices[369]: set x = 2889.147583
[2026-09-18 10:06:56.201] [INFO ] DataDriver - root.p_Vertices[369]: set y = 945.357742
[2026-09-18 10:06:56.201] [INFO ] DataDriver - root.p_Vertices[369]: set z = 0.0
[2026-09-18 10:06:56.201] [INFO ] DataDriver - root.p_Vertices[370]: set id = "vertex_370"
[2026-09-18 10:06:56.201] [INFO ] DataDriver - root.p_Vertices[370]: set edge_id = "edge_29"
[2026-09-18 10:06:56.201] [INFO ] DataDriver - root.p_Vertices[370]: set edge_index = 49
[2026-09-18 10:06:56.201] [INFO ] DataDriver - root.p_Vertices[370]: set x = 2892.010742
[2026-09-18 10:06:56.201] [INFO ] DataDriver - root.p_Vertices[370]: set y = 951.0889589999999
[2026-09-18 10:06:56.201] [INFO ] DataDriver - root.p_Vertices[370]: set z = 1.5E-5
[2026-09-18 10:06:56.201] [INFO ] DataDriver - root.p_Vertices[371]: set id = "vertex_371"
[2026-09-18 10:06:56.201] [INFO ] DataDriver - root.p_Vertices[371]: set edge_id = "edge_29"
[2026-09-18 10:06:56.201] [INFO ] DataDriver - root.p_Vertices[371]: set edge_index = 50
[2026-09-18 10:06:56.201] [INFO ] DataDriver - root.p_Vertices[371]: set x = 2894.1391599999997
[2026-09-18 10:06:56.201] [INFO ] DataDriver - root.p_Vertices[371]: set y = 957.386002
[2026-09-18 10:06:56.201] [INFO ] DataDriver - root.p_Vertices[371]: set z = 0.0
[2026-09-18 10:06:56.201] [INFO ] DataDriver - root.p_Vertices[372]: set id = "vertex_372"
[2026-09-18 10:06:56.201] [INFO ] DataDriver - root.p_Vertices[372]: set edge_id = "edge_29"
[2026-09-18 10:06:56.201] [INFO ] DataDriver - root.p_Vertices[372]: set edge_index = 51
[2026-09-18 10:06:56.201] [INFO ] DataDriver - root.p_Vertices[372]: set x = 2896.736084
[2026-09-18 10:06:56.201] [INFO ] DataDriver - root.p_Vertices[372]: set y = 970.572906
[2026-09-18 10:06:56.201] [INFO ] DataDriver - root.p_Vertices[372]: set z = 0.0
[2026-09-18 10:06:56.201] [INFO ] DataDriver - root.p_Vertices[373]: set id = "vertex_373"
[2026-09-18 10:06:56.201] [INFO ] DataDriver - root.p_Vertices[373]: set edge_id = "edge_29"
[2026-09-18 10:06:56.201] [INFO ] DataDriver - root.p_Vertices[373]: set edge_index = 52
[2026-09-18 10:06:56.201] [INFO ] DataDriver - root.p_Vertices[373]: set x = 2897.064819
[2026-09-18 10:06:56.201] [INFO ] DataDriver - root.p_Vertices[373]: set y = 976.512436
[2026-09-18 10:06:56.201] [INFO ] DataDriver - root.p_Vertices[373]: set z = 1.5E-5
[2026-09-18 10:06:56.201] [INFO ] DataDriver - root.p_Vertices[374]: set id = "vertex_374"
[2026-09-18 10:06:56.201] [INFO ] DataDriver - root.p_Vertices[374]: set edge_id = "edge_29"
[2026-09-18 10:06:56.201] [INFO ] DataDriver - root.p_Vertices[374]: set edge_index = 53
[2026-09-18 10:06:56.201] [INFO ] DataDriver - root.p_Vertices[374]: set x = 2896.447998
[2026-09-18 10:06:56.201] [INFO ] DataDriver - root.p_Vertices[374]: set y = 981.551987
[2026-09-18 10:06:56.201] [INFO ] DataDriver - root.p_Vertices[374]: set z = 1.5E-5
[2026-09-18 10:06:56.201] [INFO ] DataDriver - root.p_Vertices[375]: set id = "vertex_375"
[2026-09-18 10:06:56.201] [INFO ] DataDriver - root.p_Vertices[375]: set edge_id = "edge_29"
[2026-09-18 10:06:56.201] [INFO ] DataDriver - root.p_Vertices[375]: set edge_index = 54
[2026-09-18 10:06:56.201] [INFO ] DataDriver - root.p_Vertices[375]: set x = 2895.118286
[2026-09-18 10:06:56.201] [INFO ] DataDriver - root.p_Vertices[375]: set y = 985.901169
[2026-09-18 10:06:56.201] [INFO ] DataDriver - root.p_Vertices[375]: set z = -1.5E-5
[2026-09-18 10:06:56.201] [INFO ] DataDriver - root.p_Vertices[376]: set id = "vertex_376"
[2026-09-18 10:06:56.201] [INFO ] DataDriver - root.p_Vertices[376]: set edge_id = "edge_29"
[2026-09-18 10:06:56.201] [INFO ] DataDriver - root.p_Vertices[376]: set edge_index = 55
[2026-09-18 10:06:56.201] [INFO ] DataDriver - root.p_Vertices[376]: set x = 2893.334351
[2026-09-18 10:06:56.202] [INFO ] DataDriver - root.p_Vertices[376]: set y = 989.8247220000001
[2026-09-18 10:06:56.202] [INFO ] DataDriver - root.p_Vertices[376]: set z = 0.0
[2026-09-18 10:06:56.202] [INFO ] DataDriver - root.p_Vertices[377]: set id = "vertex_377"
[2026-09-18 10:06:56.202] [INFO ] DataDriver - root.p_Vertices[377]: set edge_id = "edge_29"
[2026-09-18 10:06:56.202] [INFO ] DataDriver - root.p_Vertices[377]: set edge_index = 56
[2026-09-18 10:06:56.202] [INFO ] DataDriver - root.p_Vertices[377]: set x = 2891.04126
[2026-09-18 10:06:56.202] [INFO ] DataDriver - root.p_Vertices[377]: set y = 993.30751
[2026-09-18 10:06:56.202] [INFO ] DataDriver - root.p_Vertices[377]: set z = 1.5E-5
[2026-09-18 10:06:56.202] [INFO ] DataDriver - root.p_Vertices[378]: set id = "vertex_378"
[2026-09-18 10:06:56.202] [INFO ] DataDriver - root.p_Vertices[378]: set edge_id = "edge_29"
[2026-09-18 10:06:56.202] [INFO ] DataDriver - root.p_Vertices[378]: set edge_index = 57
[2026-09-18 10:06:56.202] [INFO ] DataDriver - root.p_Vertices[378]: set x = 2888.115112
[2026-09-18 10:06:56.202] [INFO ] DataDriver - root.p_Vertices[378]: set y = 996.2651060000001
[2026-09-18 10:06:56.202] [INFO ] DataDriver - root.p_Vertices[378]: set z = 0.0
[2026-09-18 10:06:56.202] [INFO ] DataDriver - root.p_Vertices[379]: set id = "vertex_379"
[2026-09-18 10:06:56.202] [INFO ] DataDriver - root.p_Vertices[379]: set edge_id = "edge_29"
[2026-09-18 10:06:56.202] [INFO ] DataDriver - root.p_Vertices[379]: set edge_index = 58
[2026-09-18 10:06:56.202] [INFO ] DataDriver - root.p_Vertices[379]: set x = 2884.693726
[2026-09-18 10:06:56.202] [INFO ] DataDriver - root.p_Vertices[379]: set y = 998.844193
[2026-09-18 10:06:56.202] [INFO ] DataDriver - root.p_Vertices[379]: set z = 1.5E-5
[2026-09-18 10:06:56.202] [INFO ] DataDriver - root.p_Vertices[380]: set id = "vertex_380"
[2026-09-18 10:06:56.202] [INFO ] DataDriver - root.p_Vertices[380]: set edge_id = "edge_29"
[2026-09-18 10:06:56.202] [INFO ] DataDriver - root.p_Vertices[380]: set edge_index = 59
[2026-09-18 10:06:56.202] [INFO ] DataDriver - root.p_Vertices[380]: set x = 2880.899292
[2026-09-18 10:06:56.202] [INFO ] DataDriver - root.p_Vertices[380]: set y = 1001.224564
[2026-09-18 10:06:56.202] [INFO ] DataDriver - root.p_Vertices[380]: set z = 0.0
[2026-09-18 10:06:56.202] [INFO ] DataDriver - root.p_Vertices[381]: set id = "vertex_381"
[2026-09-18 10:06:56.202] [INFO ] DataDriver - root.p_Vertices[381]: set edge_id = "edge_29"
[2026-09-18 10:06:56.202] [INFO ] DataDriver - root.p_Vertices[381]: set edge_index = 60
[2026-09-18 10:06:56.202] [INFO ] DataDriver - root.p_Vertices[381]: set x = 2876.607544
[2026-09-18 10:06:56.202] [INFO ] DataDriver - root.p_Vertices[381]: set y = 1003.441086
[2026-09-18 10:06:56.202] [INFO ] DataDriver - root.p_Vertices[381]: set z = 0.0
[2026-09-18 10:06:56.202] [INFO ] DataDriver - root.p_Vertices[382]: set id = "vertex_382"
[2026-09-18 10:06:56.202] [INFO ] DataDriver - root.p_Vertices[382]: set edge_id = "edge_29"
[2026-09-18 10:06:56.202] [INFO ] DataDriver - root.p_Vertices[382]: set edge_index = 61
[2026-09-18 10:06:56.202] [INFO ] DataDriver - root.p_Vertices[382]: set x = 2871.681152
[2026-09-18 10:06:56.202] [INFO ] DataDriver - root.p_Vertices[382]: set y = 1005.469299
[2026-09-18 10:06:56.202] [INFO ] DataDriver - root.p_Vertices[382]: set z = 0.0
[2026-09-18 10:06:56.202] [INFO ] DataDriver - root.p_Vertices[383]: set id = "vertex_383"
[2026-09-18 10:06:56.202] [INFO ] DataDriver - root.p_Vertices[383]: set edge_id = "edge_29"
[2026-09-18 10:06:56.202] [INFO ] DataDriver - root.p_Vertices[383]: set edge_index = 62
[2026-09-18 10:06:56.202] [INFO ] DataDriver - root.p_Vertices[383]: set x = 2860.4395750000003
[2026-09-18 10:06:56.202] [INFO ] DataDriver - root.p_Vertices[383]: set y = 1009.1052090000001
[2026-09-18 10:06:56.202] [INFO ] DataDriver - root.p_Vertices[383]: set z = 0.0
[2026-09-18 10:06:56.202] [INFO ] DataDriver - root.p_Vertices[384]: set id = "vertex_384"
[2026-09-18 10:06:56.202] [INFO ] DataDriver - root.p_Vertices[384]: set edge_id = "edge_31"
[2026-09-18 10:06:56.202] [INFO ] DataDriver - root.p_Vertices[384]: set edge_index = 0
[2026-09-18 10:06:56.202] [INFO ] DataDriver - root.p_Vertices[384]: set x = 720.440918
[2026-09-18 10:06:56.202] [INFO ] DataDriver - root.p_Vertices[384]: set y = 796.666916
[2026-09-18 10:06:56.202] [INFO ] DataDriver - root.p_Vertices[384]: set z = 0.0
[2026-09-18 10:06:56.202] [INFO ] DataDriver - root.p_Vertices[385]: set id = "vertex_385"
[2026-09-18 10:06:56.202] [INFO ] DataDriver - root.p_Vertices[385]: set edge_id = "edge_33"
[2026-09-18 10:06:56.202] [INFO ] DataDriver - root.p_Vertices[385]: set edge_index = 0
[2026-09-18 10:06:56.202] [INFO ] DataDriver - root.p_Vertices[385]: set x = 2816.366211
[2026-09-18 10:06:56.202] [INFO ] DataDriver - root.p_Vertices[385]: set y = 1018.2890170000001
[2026-09-18 10:06:56.202] [INFO ] DataDriver - root.p_Vertices[385]: set z = 0.0
[2026-09-18 10:06:56.202] [INFO ] DataDriver - root.p_Vertices[386]: set id = "vertex_386"
[2026-09-18 10:06:56.202] [INFO ] DataDriver - root.p_Vertices[386]: set edge_id = "edge_37"
[2026-09-18 10:06:56.202] [INFO ] DataDriver - root.p_Vertices[386]: set edge_index = 0
[2026-09-18 10:06:56.202] [INFO ] DataDriver - root.p_Vertices[386]: set x = 2123.828674
[2026-09-18 10:06:56.202] [INFO ] DataDriver - root.p_Vertices[386]: set y = 1089.235962
[2026-09-18 10:06:56.202] [INFO ] DataDriver - root.p_Vertices[386]: set z = 0.0
[2026-09-18 10:06:56.202] [INFO ] DataDriver - root.p_Vertices[387]: set id = "vertex_387"
[2026-09-18 10:06:56.202] [INFO ] DataDriver - root.p_Vertices[387]: set edge_id = "edge_37"
[2026-09-18 10:06:56.202] [INFO ] DataDriver - root.p_Vertices[387]: set edge_index = 1
[2026-09-18 10:06:56.202] [INFO ] DataDriver - root.p_Vertices[387]: set x = 2108.1687620000002
[2026-09-18 10:06:56.202] [INFO ] DataDriver - root.p_Vertices[387]: set y = 1088.695984
[2026-09-18 10:06:56.202] [INFO ] DataDriver - root.p_Vertices[387]: set z = 0.0
[2026-09-18 10:06:56.202] [INFO ] DataDriver - root.p_Vertices[388]: set id = "vertex_388"
[2026-09-18 10:06:56.202] [INFO ] DataDriver - root.p_Vertices[388]: set edge_id = "edge_38"
[2026-09-18 10:06:56.202] [INFO ] DataDriver - root.p_Vertices[388]: set edge_index = 0
[2026-09-18 10:06:56.202] [INFO ] DataDriver - root.p_Vertices[388]: set x = 2311.1572269999997
[2026-09-18 10:06:56.202] [INFO ] DataDriver - root.p_Vertices[388]: set y = 1091.6434629999999
[2026-09-18 10:06:56.202] [INFO ] DataDriver - root.p_Vertices[388]: set z = 8.0E-6
[2026-09-18 10:06:56.202] [INFO ] DataDriver - root.p_Vertices[389]: set id = "vertex_389"
[2026-09-18 10:06:56.202] [INFO ] DataDriver - root.p_Vertices[389]: set edge_id = "edge_38"
[2026-09-18 10:06:56.202] [INFO ] DataDriver - root.p_Vertices[389]: set edge_index = 1
[2026-09-18 10:06:56.202] [INFO ] DataDriver - root.p_Vertices[389]: set x = 2317.564209
[2026-09-18 10:06:56.202] [INFO ] DataDriver - root.p_Vertices[389]: set y = 1089.549683
[2026-09-18 10:06:56.202] [INFO ] DataDriver - root.p_Vertices[389]: set z = 8.0E-6
[2026-09-18 10:06:56.202] [INFO ] DataDriver - root.p_Vertices[390]: set id = "vertex_390"
[2026-09-18 10:06:56.202] [INFO ] DataDriver - root.p_Vertices[390]: set edge_id = "edge_38"
[2026-09-18 10:06:56.202] [INFO ] DataDriver - root.p_Vertices[390]: set edge_index = 2
[2026-09-18 10:06:56.202] [INFO ] DataDriver - root.p_Vertices[390]: set x = 2321.961792
[2026-09-18 10:06:56.202] [INFO ] DataDriver - root.p_Vertices[390]: set y = 1088.6854250000001
[2026-09-18 10:06:56.202] [INFO ] DataDriver - root.p_Vertices[390]: set z = 0.0
[2026-09-18 10:06:56.202] [INFO ] DataDriver - root.p_Vertices[391]: set id = "vertex_391"
[2026-09-18 10:06:56.202] [INFO ] DataDriver - root.p_Vertices[391]: set edge_id = "edge_38"
[2026-09-18 10:06:56.202] [INFO ] DataDriver - root.p_Vertices[391]: set edge_index = 3
[2026-09-18 10:06:56.202] [INFO ] DataDriver - root.p_Vertices[391]: set x = 2326.429443
[2026-09-18 10:06:56.202] [INFO ] DataDriver - root.p_Vertices[391]: set y = 1088.261658
[2026-09-18 10:06:56.202] [INFO ] DataDriver - root.p_Vertices[391]: set z = 8.0E-6
[2026-09-18 10:06:56.202] [INFO ] DataDriver - root.p_Vertices[392]: set id = "vertex_392"
[2026-09-18 10:06:56.202] [INFO ] DataDriver - root.p_Vertices[392]: set edge_id = "edge_38"
[2026-09-18 10:06:56.202] [INFO ] DataDriver - root.p_Vertices[392]: set edge_index = 4
[2026-09-18 10:06:56.202] [INFO ] DataDriver - root.p_Vertices[392]: set x = 2330.906006
[2026-09-18 10:06:56.202] [INFO ] DataDriver - root.p_Vertices[392]: set y = 1088.282349
[2026-09-18 10:06:56.203] [INFO ] DataDriver - root.p_Vertices[392]: set z = 0.0
[2026-09-18 10:06:56.203] [INFO ] DataDriver - root.p_Vertices[393]: set id = "vertex_393"
[2026-09-18 10:06:56.203] [INFO ] DataDriver - root.p_Vertices[393]: set edge_id = "edge_38"
[2026-09-18 10:06:56.203] [INFO ] DataDriver - root.p_Vertices[393]: set edge_index = 5
[2026-09-18 10:06:56.203] [INFO ] DataDriver - root.p_Vertices[393]: set x = 2335.366821
[2026-09-18 10:06:56.203] [INFO ] DataDriver - root.p_Vertices[393]: set y = 1088.748627
[2026-09-18 10:06:56.203] [INFO ] DataDriver - root.p_Vertices[393]: set z = 0.0
[2026-09-18 10:06:56.203] [INFO ] DataDriver - root.p_Vertices[394]: set id = "vertex_394"
[2026-09-18 10:06:56.203] [INFO ] DataDriver - root.p_Vertices[394]: set edge_id = "edge_38"
[2026-09-18 10:06:56.203] [INFO ] DataDriver - root.p_Vertices[394]: set edge_index = 6
[2026-09-18 10:06:56.203] [INFO ] DataDriver - root.p_Vertices[394]: set x = 2339.742676
[2026-09-18 10:06:56.203] [INFO ] DataDriver - root.p_Vertices[394]: set y = 1089.6610719999999
[2026-09-18 10:06:56.203] [INFO ] DataDriver - root.p_Vertices[394]: set z = 8.0E-6
[2026-09-18 10:06:56.203] [INFO ] DataDriver - root.p_Vertices[395]: set id = "vertex_395"
[2026-09-18 10:06:56.203] [INFO ] DataDriver - root.p_Vertices[395]: set edge_id = "edge_38"
[2026-09-18 10:06:56.203] [INFO ] DataDriver - root.p_Vertices[395]: set edge_index = 7
[2026-09-18 10:06:56.203] [INFO ] DataDriver - root.p_Vertices[395]: set x = 2344.012329
[2026-09-18 10:06:56.203] [INFO ] DataDriver - root.p_Vertices[395]: set y = 1091.012512
[2026-09-18 10:06:56.203] [INFO ] DataDriver - root.p_Vertices[395]: set z = 8.0E-6
[2026-09-18 10:06:56.203] [INFO ] DataDriver - root.p_Vertices[396]: set id = "vertex_396"
[2026-09-18 10:06:56.203] [INFO ] DataDriver - root.p_Vertices[396]: set edge_id = "edge_38"
[2026-09-18 10:06:56.203] [INFO ] DataDriver - root.p_Vertices[396]: set edge_index = 8
[2026-09-18 10:06:56.203] [INFO ] DataDriver - root.p_Vertices[396]: set x = 2348.135254
[2026-09-18 10:06:56.203] [INFO ] DataDriver - root.p_Vertices[396]: set y = 1092.765472
[2026-09-18 10:06:56.203] [INFO ] DataDriver - root.p_Vertices[396]: set z = 8.0E-6
[2026-09-18 10:06:56.203] [INFO ] DataDriver - root.p_Vertices[397]: set id = "vertex_397"
[2026-09-18 10:06:56.203] [INFO ] DataDriver - root.p_Vertices[397]: set edge_id = "edge_38"
[2026-09-18 10:06:56.203] [INFO ] DataDriver - root.p_Vertices[397]: set edge_index = 9
[2026-09-18 10:06:56.203] [INFO ] DataDriver - root.p_Vertices[397]: set x = 2354.016357
[2026-09-18 10:06:56.203] [INFO ] DataDriver - root.p_Vertices[397]: set y = 1096.082733
[2026-09-18 10:06:56.203] [INFO ] DataDriver - root.p_Vertices[397]: set z = 8.0E-6
[2026-09-18 10:06:56.203] [INFO ] DataDriver - root.p_Vertices[398]: set id = "vertex_398"
[2026-09-18 10:06:56.203] [INFO ] DataDriver - root.p_Vertices[398]: set edge_id = "edge_38"
[2026-09-18 10:06:56.203] [INFO ] DataDriver - root.p_Vertices[398]: set edge_index = 10
[2026-09-18 10:06:56.203] [INFO ] DataDriver - root.p_Vertices[398]: set x = 2359.388062
[2026-09-18 10:06:56.203] [INFO ] DataDriver - root.p_Vertices[398]: set y = 1100.223328
[2026-09-18 10:06:56.203] [INFO ] DataDriver - root.p_Vertices[398]: set z = -8.0E-6
[2026-09-18 10:06:56.203] [INFO ] DataDriver - root.p_Vertices[399]: set id = "vertex_399"
[2026-09-18 10:06:56.203] [INFO ] DataDriver - root.p_Vertices[399]: set edge_id = "edge_38"
[2026-09-18 10:06:56.203] [INFO ] DataDriver - root.p_Vertices[399]: set edge_index = 11
[2026-09-18 10:06:56.203] [INFO ] DataDriver - root.p_Vertices[399]: set x = 2362.8129879999997
[2026-09-18 10:06:56.203] [INFO ] DataDriver - root.p_Vertices[399]: set y = 1103.4057619999999
[2026-09-18 10:06:56.203] [INFO ] DataDriver - root.p_Vertices[399]: set z = 0.0
[2026-09-18 10:06:56.203] [INFO ] DataDriver - root.p_Vertices[400]: set id = "vertex_400"
[2026-09-18 10:06:56.203] [INFO ] DataDriver - root.p_Vertices[400]: set edge_id = "edge_38"
[2026-09-18 10:06:56.203] [INFO ] DataDriver - root.p_Vertices[400]: set edge_index = 12
[2026-09-18 10:06:56.203] [INFO ] DataDriver - root.p_Vertices[400]: set x = 2366.5896000000002
[2026-09-18 10:06:56.203] [INFO ] DataDriver - root.p_Vertices[400]: set y = 1107.744446
[2026-09-18 10:06:56.203] [INFO ] DataDriver - root.p_Vertices[400]: set z = 8.0E-6
[2026-09-18 10:06:56.203] [INFO ] DataDriver - root.p_Vertices[401]: set id = "vertex_401"
[2026-09-18 10:06:56.203] [INFO ] DataDriver - root.p_Vertices[401]: set edge_id = "edge_39"
[2026-09-18 10:06:56.203] [INFO ] DataDriver - root.p_Vertices[401]: set edge_index = 1
[2026-09-18 10:06:56.203] [INFO ] DataDriver - root.p_Vertices[401]: set x = 2812.001709
[2026-09-18 10:06:56.203] [INFO ] DataDriver - root.p_Vertices[401]: set y = 1017.903015
[2026-09-18 10:06:56.203] [INFO ] DataDriver - root.p_Vertices[401]: set z = 0.0
[2026-09-18 10:06:56.203] [INFO ] DataDriver - root.p_Vertices[402]: set id = "vertex_402"
[2026-09-18 10:06:56.203] [INFO ] DataDriver - root.p_Vertices[402]: set edge_id = "edge_39"
[2026-09-18 10:06:56.203] [INFO ] DataDriver - root.p_Vertices[402]: set edge_index = 0
[2026-09-18 10:06:56.203] [INFO ] DataDriver - root.p_Vertices[402]: set x = 2815.043701
[2026-09-18 10:06:56.203] [INFO ] DataDriver - root.p_Vertices[402]: set y = 1020.243103
[2026-09-18 10:06:56.203] [INFO ] DataDriver - root.p_Vertices[402]: set z = 0.0
[2026-09-18 10:06:56.203] [INFO ] DataDriver - root.p_Vertices[403]: set id = "vertex_403"
[2026-09-18 10:06:56.203] [INFO ] DataDriver - root.p_Vertices[403]: set edge_id = "edge_40"
[2026-09-18 10:06:56.203] [INFO ] DataDriver - root.p_Vertices[403]: set edge_index = 0
[2026-09-18 10:06:56.203] [INFO ] DataDriver - root.p_Vertices[403]: set x = 1590.472473
[2026-09-18 10:06:56.203] [INFO ] DataDriver - root.p_Vertices[403]: set y = 1092.368347
[2026-09-18 10:06:56.203] [INFO ] DataDriver - root.p_Vertices[403]: set z = 0.0
[2026-09-18 10:06:56.203] [INFO ] DataDriver - root.p_Vertices[404]: set id = "vertex_404"
[2026-09-18 10:06:56.203] [INFO ] DataDriver - root.p_Vertices[404]: set edge_id = "edge_40"
[2026-09-18 10:06:56.203] [INFO ] DataDriver - root.p_Vertices[404]: set edge_index = 1
[2026-09-18 10:06:56.203] [INFO ] DataDriver - root.p_Vertices[404]: set x = 1588.667664
[2026-09-18 10:06:56.204] [INFO ] DataDriver - root.p_Vertices[404]: set y = 1095.616028
[2026-09-18 10:06:56.204] [INFO ] DataDriver - root.p_Vertices[404]: set z = 0.0
[2026-09-18 10:06:56.204] [INFO ] DataDriver - root.p_Vertices[405]: set id = "vertex_405"
[2026-09-18 10:06:56.204] [INFO ] DataDriver - root.p_Vertices[405]: set edge_id = "edge_40"
[2026-09-18 10:06:56.204] [INFO ] DataDriver - root.p_Vertices[405]: set edge_index = 2
[2026-09-18 10:06:56.204] [INFO ] DataDriver - root.p_Vertices[405]: set x = 1587.63031
[2026-09-18 10:06:56.204] [INFO ] DataDriver - root.p_Vertices[405]: set y = 1098.666443
[2026-09-18 10:06:56.204] [INFO ] DataDriver - root.p_Vertices[405]: set z = 0.0
[2026-09-18 10:06:56.204] [INFO ] DataDriver - root.p_Vertices[406]: set id = "vertex_406"
[2026-09-18 10:06:56.204] [INFO ] DataDriver - root.p_Vertices[406]: set edge_id = "edge_40"
[2026-09-18 10:06:56.204] [INFO ] DataDriver - root.p_Vertices[406]: set edge_index = 3
[2026-09-18 10:06:56.204] [INFO ] DataDriver - root.p_Vertices[406]: set x = 1587.166718
[2026-09-18 10:06:56.204] [INFO ] DataDriver - root.p_Vertices[406]: set y = 1101.543976
[2026-09-18 10:06:56.204] [INFO ] DataDriver - root.p_Vertices[406]: set z = 8.0E-6
[2026-09-18 10:06:56.204] [INFO ] DataDriver - root.p_Vertices[407]: set id = "vertex_407"
[2026-09-18 10:06:56.204] [INFO ] DataDriver - root.p_Vertices[407]: set edge_id = "edge_40"
[2026-09-18 10:06:56.204] [INFO ] DataDriver - root.p_Vertices[407]: set edge_index = 4
[2026-09-18 10:06:56.204] [INFO ] DataDriver - root.p_Vertices[407]: set x = 1587.007263
[2026-09-18 10:06:56.204] [INFO ] DataDriver - root.p_Vertices[407]: set y = 1104.2456670000001
[2026-09-18 10:06:56.204] [INFO ] DataDriver - root.p_Vertices[407]: set z = 0.0
[2026-09-18 10:06:56.204] [INFO ] DataDriver - root.p_Vertices[408]: set id = "vertex_408"
[2026-09-18 10:06:56.204] [INFO ] DataDriver - root.p_Vertices[408]: set edge_id = "edge_40"
[2026-09-18 10:06:56.204] [INFO ] DataDriver - root.p_Vertices[408]: set edge_index = 5
[2026-09-18 10:06:56.204] [INFO ] DataDriver - root.p_Vertices[408]: set x = 1587.082916
[2026-09-18 10:06:56.204] [INFO ] DataDriver - root.p_Vertices[408]: set y = 1106.6564640000001
[2026-09-18 10:06:56.204] [INFO ] DataDriver - root.p_Vertices[408]: set z = 1.5E-5
[2026-09-18 10:06:56.204] [INFO ] DataDriver - root.p_Vertices[409]: set id = "vertex_409"
[2026-09-18 10:06:56.204] [INFO ] DataDriver - root.p_Vertices[409]: set edge_id = "edge_40"
[2026-09-18 10:06:56.204] [INFO ] DataDriver - root.p_Vertices[409]: set edge_index = 6
[2026-09-18 10:06:56.204] [INFO ] DataDriver - root.p_Vertices[409]: set x = 1587.41217
[2026-09-18 10:06:56.204] [INFO ] DataDriver - root.p_Vertices[409]: set y = 1108.686829
[2026-09-18 10:06:56.204] [INFO ] DataDriver - root.p_Vertices[409]: set z = 8.0E-6
[2026-09-18 10:06:56.204] [INFO ] DataDriver - root.p_Vertices[410]: set id = "vertex_410"
[2026-09-18 10:06:56.204] [INFO ] DataDriver - root.p_Vertices[410]: set edge_id = "edge_40"
[2026-09-18 10:06:56.204] [INFO ] DataDriver - root.p_Vertices[410]: set edge_index = 7
[2026-09-18 10:06:56.204] [INFO ] DataDriver - root.p_Vertices[410]: set x = 1587.932343
[2026-09-18 10:06:56.204] [INFO ] DataDriver - root.p_Vertices[410]: set y = 1110.453766
[2026-09-18 10:06:56.204] [INFO ] DataDriver - root.p_Vertices[410]: set z = -8.0E-6
[2026-09-18 10:06:56.204] [INFO ] DataDriver - root.p_Vertices[411]: set id = "vertex_411"
[2026-09-18 10:06:56.204] [INFO ] DataDriver - root.p_Vertices[411]: set edge_id = "edge_40"
[2026-09-18 10:06:56.204] [INFO ] DataDriver - root.p_Vertices[411]: set edge_index = 8
[2026-09-18 10:06:56.204] [INFO ] DataDriver - root.p_Vertices[411]: set x = 1589.407166
[2026-09-18 10:06:56.204] [INFO ] DataDriver - root.p_Vertices[411]: set y = 1113.9160769999999
[2026-09-18 10:06:56.204] [INFO ] DataDriver - root.p_Vertices[411]: set z = 8.0E-6
[2026-09-18 10:06:56.204] [INFO ] DataDriver - root.p_Vertices[412]: set id = "vertex_412"
[2026-09-18 10:06:56.204] [INFO ] DataDriver - root.p_Vertices[412]: set edge_id = "edge_40"
[2026-09-18 10:06:56.204] [INFO ] DataDriver - root.p_Vertices[412]: set edge_index = 9
[2026-09-18 10:06:56.204] [INFO ] DataDriver - root.p_Vertices[412]: set x = 1591.63443
[2026-09-18 10:06:56.204] [INFO ] DataDriver - root.p_Vertices[412]: set y = 1117.784149
[2026-09-18 10:06:56.204] [INFO ] DataDriver - root.p_Vertices[412]: set z = 8.0E-6
[2026-09-18 10:06:56.204] [INFO ] DataDriver - root.p_Vertices[413]: set id = "vertex_413"
[2026-09-18 10:06:56.204] [INFO ] DataDriver - root.p_Vertices[413]: set edge_id = "edge_40"
[2026-09-18 10:06:56.204] [INFO ] DataDriver - root.p_Vertices[413]: set edge_index = 10
[2026-09-18 10:06:56.204] [INFO ] DataDriver - root.p_Vertices[413]: set x = 1592.957275
[2026-09-18 10:06:56.204] [INFO ] DataDriver - root.p_Vertices[413]: set y = 1119.665527
[2026-09-18 10:06:56.204] [INFO ] DataDriver - root.p_Vertices[413]: set z = 8.0E-6
[2026-09-18 10:06:56.204] [INFO ] DataDriver - root.p_Vertices[414]: set id = "vertex_414"
[2026-09-18 10:06:56.204] [INFO ] DataDriver - root.p_Vertices[414]: set edge_id = "edge_40"
[2026-09-18 10:06:56.204] [INFO ] DataDriver - root.p_Vertices[414]: set edge_index = 11
[2026-09-18 10:06:56.204] [INFO ] DataDriver - root.p_Vertices[414]: set x = 1594.46109
[2026-09-18 10:06:56.204] [INFO ] DataDriver - root.p_Vertices[414]: set y = 1121.238861
[2026-09-18 10:06:56.204] [INFO ] DataDriver - root.p_Vertices[414]: set z = 0.0
[2026-09-18 10:06:56.204] [INFO ] DataDriver - root.p_Vertices[415]: set id = "vertex_415"
[2026-09-18 10:06:56.204] [INFO ] DataDriver - root.p_Vertices[415]: set edge_id = "edge_40"
[2026-09-18 10:06:56.204] [INFO ] DataDriver - root.p_Vertices[415]: set edge_index = 12
[2026-09-18 10:06:56.204] [INFO ] DataDriver - root.p_Vertices[415]: set x = 1596.209656
[2026-09-18 10:06:56.204] [INFO ] DataDriver - root.p_Vertices[415]: set y = 1122.3667599999999
[2026-09-18 10:06:56.204] [INFO ] DataDriver - root.p_Vertices[415]: set z = 1.5E-5
[2026-09-18 10:06:56.204] [INFO ] DataDriver - root.p_Vertices[416]: set id = "vertex_416"
[2026-09-18 10:06:56.204] [INFO ] DataDriver - root.p_Vertices[416]: set edge_id = "edge_40"
[2026-09-18 10:06:56.204] [INFO ] DataDriver - root.p_Vertices[416]: set edge_index = 13
[2026-09-18 10:06:56.204] [INFO ] DataDriver - root.p_Vertices[416]: set x = 1598.194153
[2026-09-18 10:06:56.204] [INFO ] DataDriver - root.p_Vertices[416]: set y = 1123.15863
[2026-09-18 10:06:56.204] [INFO ] DataDriver - root.p_Vertices[416]: set z = 8.0E-6
[2026-09-18 10:06:56.204] [INFO ] DataDriver - root.p_Vertices[417]: set id = "vertex_417"
[2026-09-18 10:06:56.204] [INFO ] DataDriver - root.p_Vertices[417]: set edge_id = "edge_40"
[2026-09-18 10:06:56.204] [INFO ] DataDriver - root.p_Vertices[417]: set edge_index = 14
[2026-09-18 10:06:56.204] [INFO ] DataDriver - root.p_Vertices[417]: set x = 1600.518372
[2026-09-18 10:06:56.204] [INFO ] DataDriver - root.p_Vertices[417]: set y = 1123.757874
[2026-09-18 10:06:56.204] [INFO ] DataDriver - root.p_Vertices[417]: set z = -8.0E-6
[2026-09-18 10:06:56.204] [INFO ] DataDriver - root.p_Vertices[418]: set id = "vertex_418"
[2026-09-18 10:06:56.204] [INFO ] DataDriver - root.p_Vertices[418]: set edge_id = "edge_40"
[2026-09-18 10:06:56.204] [INFO ] DataDriver - root.p_Vertices[418]: set edge_index = 15
[2026-09-18 10:06:56.204] [INFO ] DataDriver - root.p_Vertices[418]: set x = 1603.517151
[2026-09-18 10:06:56.204] [INFO ] DataDriver - root.p_Vertices[418]: set y = 1124.178162
[2026-09-18 10:06:56.204] [INFO ] DataDriver - root.p_Vertices[418]: set z = -8.0E-6
[2026-09-18 10:06:56.204] [INFO ] DataDriver - root.p_Vertices[419]: set id = "vertex_419"
[2026-09-18 10:06:56.204] [INFO ] DataDriver - root.p_Vertices[419]: set edge_id = "edge_40"
[2026-09-18 10:06:56.204] [INFO ] DataDriver - root.p_Vertices[419]: set edge_index = 16
[2026-09-18 10:06:56.204] [INFO ] DataDriver - root.p_Vertices[419]: set x = 1607.448547
[2026-09-18 10:06:56.204] [INFO ] DataDriver - root.p_Vertices[419]: set y = 1124.381775
[2026-09-18 10:06:56.204] [INFO ] DataDriver - root.p_Vertices[419]: set z = 0.0
[2026-09-18 10:06:56.204] [INFO ] DataDriver - root.p_Vertices[420]: set id = "vertex_420"
[2026-09-18 10:06:56.204] [INFO ] DataDriver - root.p_Vertices[420]: set edge_id = "edge_40"
[2026-09-18 10:06:56.204] [INFO ] DataDriver - root.p_Vertices[420]: set edge_index = 17
[2026-09-18 10:06:56.204] [INFO ] DataDriver - root.p_Vertices[420]: set x = 1623.824036
[2026-09-18 10:06:56.204] [INFO ] DataDriver - root.p_Vertices[420]: set y = 1123.678375
[2026-09-18 10:06:56.204] [INFO ] DataDriver - root.p_Vertices[420]: set z = 0.0
[2026-09-18 10:06:56.204] [INFO ] DataDriver - root.p_Vertices[421]: set id = "vertex_421"
[2026-09-18 10:06:56.204] [INFO ] DataDriver - root.p_Vertices[421]: set edge_id = "edge_40"
[2026-09-18 10:06:56.204] [INFO ] DataDriver - root.p_Vertices[421]: set edge_index = 18
[2026-09-18 10:06:56.204] [INFO ] DataDriver - root.p_Vertices[421]: set x = 1667.7489620000001
[2026-09-18 10:06:56.204] [INFO ] DataDriver - root.p_Vertices[421]: set y = 1115.611633
[2026-09-18 10:06:56.204] [INFO ] DataDriver - root.p_Vertices[421]: set z = 8.0E-6
[2026-09-18 10:06:56.204] [INFO ] DataDriver - root.p_Vertices[422]: set id = "vertex_422"
[2026-09-18 10:06:56.206] [INFO ] DataDriver - root.p_Vertices[422]: set edge_id = "edge_40"
[2026-09-18 10:06:56.206] [INFO ] DataDriver - root.p_Vertices[422]: set edge_index = 19
[2026-09-18 10:06:56.206] [INFO ] DataDriver - root.p_Vertices[422]: set x = 1760.7011109999999
[2026-09-18 10:06:56.206] [INFO ] DataDriver - root.p_Vertices[422]: set y = 1085.883942
[2026-09-18 10:06:56.206] [INFO ] DataDriver - root.p_Vertices[422]: set z = 8.0E-6
[2026-09-18 10:06:56.206] [INFO ] DataDriver - root.p_Vertices[423]: set id = "vertex_423"
[2026-09-18 10:06:56.206] [INFO ] DataDriver - root.p_Vertices[423]: set edge_id = "edge_40"
[2026-09-18 10:06:56.206] [INFO ] DataDriver - root.p_Vertices[423]: set edge_index = 20
[2026-09-18 10:06:56.206] [INFO ] DataDriver - root.p_Vertices[423]: set x = 1793.6361080000001
[2026-09-18 10:06:56.206] [INFO ] DataDriver - root.p_Vertices[423]: set y = 1078.222412
[2026-09-18 10:06:56.206] [INFO ] DataDriver - root.p_Vertices[423]: set z = 0.0
[2026-09-18 10:06:56.206] [INFO ] DataDriver - root.p_Vertices[424]: set id = "vertex_424"
[2026-09-18 10:06:56.206] [INFO ] DataDriver - root.p_Vertices[424]: set edge_id = "edge_40"
[2026-09-18 10:06:56.206] [INFO ] DataDriver - root.p_Vertices[424]: set edge_index = 21
[2026-09-18 10:06:56.206] [INFO ] DataDriver - root.p_Vertices[424]: set x = 1799.721863
[2026-09-18 10:06:56.206] [INFO ] DataDriver - root.p_Vertices[424]: set y = 1077.609955
[2026-09-18 10:06:56.206] [INFO ] DataDriver - root.p_Vertices[424]: set z = 0.0
[2026-09-18 10:06:56.206] [INFO ] DataDriver - root.p_Vertices[425]: set id = "vertex_425"
[2026-09-18 10:06:56.206] [INFO ] DataDriver - root.p_Vertices[425]: set edge_id = "edge_40"
[2026-09-18 10:06:56.206] [INFO ] DataDriver - root.p_Vertices[425]: set edge_index = 22
[2026-09-18 10:06:56.206] [INFO ] DataDriver - root.p_Vertices[425]: set x = 1804.7948000000001
[2026-09-18 10:06:56.206] [INFO ] DataDriver - root.p_Vertices[425]: set y = 1077.556305
[2026-09-18 10:06:56.206] [INFO ] DataDriver - root.p_Vertices[425]: set z = 0.0
[2026-09-18 10:06:56.206] [INFO ] DataDriver - root.p_Vertices[426]: set id = "vertex_426"
[2026-09-18 10:06:56.206] [INFO ] DataDriver - root.p_Vertices[426]: set edge_id = "edge_40"
[2026-09-18 10:06:56.206] [INFO ] DataDriver - root.p_Vertices[426]: set edge_index = 23
[2026-09-18 10:06:56.206] [INFO ] DataDriver - root.p_Vertices[426]: set x = 1809.290955
[2026-09-18 10:06:56.206] [INFO ] DataDriver - root.p_Vertices[426]: set y = 1077.866516
[2026-09-18 10:06:56.206] [INFO ] DataDriver - root.p_Vertices[426]: set z = 8.0E-6
[2026-09-18 10:06:56.206] [INFO ] DataDriver - root.p_Vertices[427]: set id = "vertex_427"
[2026-09-18 10:06:56.206] [INFO ] DataDriver - root.p_Vertices[427]: set edge_id = "edge_40"
[2026-09-18 10:06:56.206] [INFO ] DataDriver - root.p_Vertices[427]: set edge_index = 24
[2026-09-18 10:06:56.206] [INFO ] DataDriver - root.p_Vertices[427]: set x = 1813.259277
[2026-09-18 10:06:56.206] [INFO ] DataDriver - root.p_Vertices[427]: set y = 1078.591461
[2026-09-18 10:06:56.206] [INFO ] DataDriver - root.p_Vertices[427]: set z = 0.0
[2026-09-18 10:06:56.206] [INFO ] DataDriver - root.p_Vertices[428]: set id = "vertex_428"
[2026-09-18 10:06:56.206] [INFO ] DataDriver - root.p_Vertices[428]: set edge_id = "edge_40"
[2026-09-18 10:06:56.206] [INFO ] DataDriver - root.p_Vertices[428]: set edge_index = 25
[2026-09-18 10:06:56.206] [INFO ] DataDriver - root.p_Vertices[428]: set x = 1816.61438
[2026-09-18 10:06:56.206] [INFO ] DataDriver - root.p_Vertices[428]: set y = 1079.829956
[2026-09-18 10:06:56.206] [INFO ] DataDriver - root.p_Vertices[428]: set z = 8.0E-6
[2026-09-18 10:06:56.206] [INFO ] DataDriver - root.p_Vertices[429]: set id = "vertex_429"
[2026-09-18 10:06:56.206] [INFO ] DataDriver - root.p_Vertices[429]: set edge_id = "edge_40"
[2026-09-18 10:06:56.206] [INFO ] DataDriver - root.p_Vertices[429]: set edge_index = 26
[2026-09-18 10:06:56.206] [INFO ] DataDriver - root.p_Vertices[429]: set x = 1819.504883
[2026-09-18 10:06:56.206] [INFO ] DataDriver - root.p_Vertices[429]: set y = 1081.470215
[2026-09-18 10:06:56.206] [INFO ] DataDriver - root.p_Vertices[429]: set z = 0.0
[2026-09-18 10:06:56.206] [INFO ] DataDriver - root.p_Vertices[430]: set id = "vertex_430"
[2026-09-18 10:06:56.206] [INFO ] DataDriver - root.p_Vertices[430]: set edge_id = "edge_40"
[2026-09-18 10:06:56.206] [INFO ] DataDriver - root.p_Vertices[430]: set edge_index = 27
[2026-09-18 10:06:56.206] [INFO ] DataDriver - root.p_Vertices[430]: set x = 1822.0680539999998
[2026-09-18 10:06:56.206] [INFO ] DataDriver - root.p_Vertices[430]: set y = 1083.427307
[2026-09-18 10:06:56.206] [INFO ] DataDriver - root.p_Vertices[430]: set z = 8.0E-6
[2026-09-18 10:06:56.206] [INFO ] DataDriver - root.p_Vertices[431]: set id = "vertex_431"
[2026-09-18 10:06:56.206] [INFO ] DataDriver - root.p_Vertices[431]: set edge_id = "edge_40"
[2026-09-18 10:06:56.206] [INFO ] DataDriver - root.p_Vertices[431]: set edge_index = 28
[2026-09-18 10:06:56.206] [INFO ] DataDriver - root.p_Vertices[431]: set x = 1824.215576
[2026-09-18 10:06:56.206] [INFO ] DataDriver - root.p_Vertices[431]: set y = 1085.834229
[2026-09-18 10:06:56.206] [INFO ] DataDriver - root.p_Vertices[431]: set z = 0.0
[2026-09-18 10:06:56.206] [INFO ] DataDriver - root.p_Vertices[432]: set id = "vertex_432"
[2026-09-18 10:06:56.206] [INFO ] DataDriver - root.p_Vertices[432]: set edge_id = "edge_40"
[2026-09-18 10:06:56.206] [INFO ] DataDriver - root.p_Vertices[432]: set edge_index = 29
[2026-09-18 10:06:56.206] [INFO ] DataDriver - root.p_Vertices[432]: set x = 1825.836548
[2026-09-18 10:06:56.206] [INFO ] DataDriver - root.p_Vertices[432]: set y = 1088.822418
[2026-09-18 10:06:56.206] [INFO ] DataDriver - root.p_Vertices[432]: set z = -8.0E-6
[2026-09-18 10:06:56.206] [INFO ] DataDriver - root.p_Vertices[433]: set id = "vertex_433"
[2026-09-18 10:06:56.206] [INFO ] DataDriver - root.p_Vertices[433]: set edge_id = "edge_40"
[2026-09-18 10:06:56.206] [INFO ] DataDriver - root.p_Vertices[433]: set edge_index = 30
[2026-09-18 10:06:56.206] [INFO ] DataDriver - root.p_Vertices[433]: set x = 1827.061829
[2026-09-18 10:06:56.206] [INFO ] DataDriver - root.p_Vertices[433]: set y = 1092.238586
[2026-09-18 10:06:56.206] [INFO ] DataDriver - root.p_Vertices[433]: set z = 0.0
[2026-09-18 10:06:56.206] [INFO ] DataDriver - root.p_Vertices[434]: set id = "vertex_434"
[2026-09-18 10:06:56.206] [INFO ] DataDriver - root.p_Vertices[434]: set edge_id = "edge_40"
[2026-09-18 10:06:56.206] [INFO ] DataDriver - root.p_Vertices[434]: set edge_index = 31
[2026-09-18 10:06:56.206] [INFO ] DataDriver - root.p_Vertices[434]: set x = 1828.0438840000002
[2026-09-18 10:06:56.206] [INFO ] DataDriver - root.p_Vertices[434]: set y = 1095.879852
[2026-09-18 10:06:56.207] [INFO ] DataDriver - root.p_Vertices[434]: set z = 8.0E-6
[2026-09-18 10:06:56.207] [INFO ] DataDriver - root.p_Vertices[435]: set id = "vertex_435"
[2026-09-18 10:06:56.207] [INFO ] DataDriver - root.p_Vertices[435]: set edge_id = "edge_40"
[2026-09-18 10:06:56.207] [INFO ] DataDriver - root.p_Vertices[435]: set edge_index = 32
[2026-09-18 10:06:56.207] [INFO ] DataDriver - root.p_Vertices[435]: set x = 1828.770813
[2026-09-18 10:06:56.207] [INFO ] DataDriver - root.p_Vertices[435]: set y = 1099.695221
[2026-09-18 10:06:56.207] [INFO ] DataDriver - root.p_Vertices[435]: set z = 0.0
[2026-09-18 10:06:56.207] [INFO ] DataDriver - root.p_Vertices[436]: set id = "vertex_436"
[2026-09-18 10:06:56.207] [INFO ] DataDriver - root.p_Vertices[436]: set edge_id = "edge_40"
[2026-09-18 10:06:56.207] [INFO ] DataDriver - root.p_Vertices[436]: set edge_index = 33
[2026-09-18 10:06:56.207] [INFO ] DataDriver - root.p_Vertices[436]: set x = 1829.190979
[2026-09-18 10:06:56.207] [INFO ] DataDriver - root.p_Vertices[436]: set y = 1103.699524
[2026-09-18 10:06:56.207] [INFO ] DataDriver - root.p_Vertices[436]: set z = 0.0
[2026-09-18 10:06:56.207] [INFO ] DataDriver - root.p_Vertices[437]: set id = "vertex_437"
[2026-09-18 10:06:56.207] [INFO ] DataDriver - root.p_Vertices[437]: set edge_id = "edge_40"
[2026-09-18 10:06:56.207] [INFO ] DataDriver - root.p_Vertices[437]: set edge_index = 34
[2026-09-18 10:06:56.207] [INFO ] DataDriver - root.p_Vertices[437]: set x = 1829.341492
[2026-09-18 10:06:56.207] [INFO ] DataDriver - root.p_Vertices[437]: set y = 1116.505676
[2026-09-18 10:06:56.207] [INFO ] DataDriver - root.p_Vertices[437]: set z = 8.0E-6
[2026-09-18 10:06:56.207] [INFO ] DataDriver - root.p_Vertices[438]: set id = "vertex_438"
[2026-09-18 10:06:56.207] [INFO ] DataDriver - root.p_Vertices[438]: set edge_id = "edge_40"
[2026-09-18 10:06:56.207] [INFO ] DataDriver - root.p_Vertices[438]: set edge_index = 35
[2026-09-18 10:06:56.207] [INFO ] DataDriver - root.p_Vertices[438]: set x = 1824.6163940000001
[2026-09-18 10:06:56.207] [INFO ] DataDriver - root.p_Vertices[438]: set y = 1171.064178
[2026-09-18 10:06:56.207] [INFO ] DataDriver - root.p_Vertices[438]: set z = 8.0E-6
[2026-09-18 10:06:56.207] [INFO ] DataDriver - root.p_Vertices[439]: set id = "vertex_439"
[2026-09-18 10:06:56.207] [INFO ] DataDriver - root.p_Vertices[439]: set edge_id = "edge_40"
[2026-09-18 10:06:56.207] [INFO ] DataDriver - root.p_Vertices[439]: set edge_index = 36
[2026-09-18 10:06:56.207] [INFO ] DataDriver - root.p_Vertices[439]: set x = 1824.7028810000002
[2026-09-18 10:06:56.207] [INFO ] DataDriver - root.p_Vertices[439]: set y = 1175.037994
[2026-09-18 10:06:56.207] [INFO ] DataDriver - root.p_Vertices[439]: set z = 8.0E-6
[2026-09-18 10:06:56.207] [INFO ] DataDriver - root.p_Vertices[440]: set id = "vertex_440"
[2026-09-18 10:06:56.207] [INFO ] DataDriver - root.p_Vertices[440]: set edge_id = "edge_40"
[2026-09-18 10:06:56.207] [INFO ] DataDriver - root.p_Vertices[440]: set edge_index = 37
[2026-09-18 10:06:56.207] [INFO ] DataDriver - root.p_Vertices[440]: set x = 1825.4533689999998
[2026-09-18 10:06:56.207] [INFO ] DataDriver - root.p_Vertices[440]: set y = 1181.771729
[2026-09-18 10:06:56.207] [INFO ] DataDriver - root.p_Vertices[440]: set z = -8.0E-6
[2026-09-18 10:06:56.207] [INFO ] DataDriver - root.p_Vertices[441]: set id = "vertex_441"
[2026-09-18 10:06:56.207] [INFO ] DataDriver - root.p_Vertices[441]: set edge_id = "edge_40"
[2026-09-18 10:06:56.207] [INFO ] DataDriver - root.p_Vertices[441]: set edge_index = 38
[2026-09-18 10:06:56.207] [INFO ] DataDriver - root.p_Vertices[441]: set x = 1826.7761839999998
[2026-09-18 10:06:56.207] [INFO ] DataDriver - root.p_Vertices[441]: set y = 1187.675598
[2026-09-18 10:06:56.207] [INFO ] DataDriver - root.p_Vertices[441]: set z = -8.0E-6
[2026-09-18 10:06:56.207] [INFO ] DataDriver - root.p_Vertices[442]: set id = "vertex_442"
[2026-09-18 10:06:56.207] [INFO ] DataDriver - root.p_Vertices[442]: set edge_id = "edge_40"
[2026-09-18 10:06:56.207] [INFO ] DataDriver - root.p_Vertices[442]: set edge_index = 39
[2026-09-18 10:06:56.207] [INFO ] DataDriver - root.p_Vertices[442]: set x = 1828.6043089999998
[2026-09-18 10:06:56.207] [INFO ] DataDriver - root.p_Vertices[442]: set y = 1192.874817
[2026-09-18 10:06:56.207] [INFO ] DataDriver - root.p_Vertices[442]: set z = 8.0E-6
[2026-09-18 10:06:56.207] [INFO ] DataDriver - root.p_Vertices[443]: set id = "vertex_443"
[2026-09-18 10:06:56.207] [INFO ] DataDriver - root.p_Vertices[443]: set edge_id = "edge_40"
[2026-09-18 10:06:56.207] [INFO ] DataDriver - root.p_Vertices[443]: set edge_index = 40
[2026-09-18 10:06:56.207] [INFO ] DataDriver - root.p_Vertices[443]: set x = 1829.652832
[2026-09-18 10:06:56.207] [INFO ] DataDriver - root.p_Vertices[443]: set y = 1195.134888
[2026-09-18 10:06:56.207] [INFO ] DataDriver - root.p_Vertices[443]: set z = 0.0
[2026-09-18 10:06:56.207] [INFO ] DataDriver - root.p_Vertices[444]: set id = "vertex_444"
[2026-09-18 10:06:56.207] [INFO ] DataDriver - root.p_Vertices[444]: set edge_id = "edge_40"
[2026-09-18 10:06:56.207] [INFO ] DataDriver - root.p_Vertices[444]: set edge_index = 41
[2026-09-18 10:06:56.207] [INFO ] DataDriver - root.p_Vertices[444]: set x = 1830.814026
[2026-09-18 10:06:56.207] [INFO ] DataDriver - root.p_Vertices[444]: set y = 1197.056732
[2026-09-18 10:06:56.207] [INFO ] DataDriver - root.p_Vertices[444]: set z = 8.0E-6
[2026-09-18 10:06:56.207] [INFO ] DataDriver - root.p_Vertices[445]: set id = "vertex_445"
[2026-09-18 10:06:56.207] [INFO ] DataDriver - root.p_Vertices[445]: set edge_id = "edge_40"
[2026-09-18 10:06:56.207] [INFO ] DataDriver - root.p_Vertices[445]: set edge_index = 42
[2026-09-18 10:06:56.207] [INFO ] DataDriver - root.p_Vertices[445]: set x = 1832.0726319999999
[2026-09-18 10:06:56.207] [INFO ] DataDriver - root.p_Vertices[445]: set y = 1198.736206
[2026-09-18 10:06:56.207] [INFO ] DataDriver - root.p_Vertices[445]: set z = 0.0
[2026-09-18 10:06:56.207] [INFO ] DataDriver - root.p_Vertices[446]: set id = "vertex_446"
[2026-09-18 10:06:56.207] [INFO ] DataDriver - root.p_Vertices[446]: set edge_id = "edge_40"
[2026-09-18 10:06:56.207] [INFO ] DataDriver - root.p_Vertices[446]: set edge_index = 43
[2026-09-18 10:06:56.207] [INFO ] DataDriver - root.p_Vertices[446]: set x = 1834.978943
[2026-09-18 10:06:56.207] [INFO ] DataDriver - root.p_Vertices[446]: set y = 1201.896362
[2026-09-18 10:06:56.207] [INFO ] DataDriver - root.p_Vertices[446]: set z = 0.0
[2026-09-18 10:06:56.207] [INFO ] DataDriver - root.p_Vertices[447]: set id = "vertex_447"
[2026-09-18 10:06:56.207] [INFO ] DataDriver - root.p_Vertices[447]: set edge_id = "edge_40"
[2026-09-18 10:06:56.207] [INFO ] DataDriver - root.p_Vertices[447]: set edge_index = 44
[2026-09-18 10:06:56.207] [INFO ] DataDriver - root.p_Vertices[447]: set x = 1840.768372
[2026-09-18 10:06:56.207] [INFO ] DataDriver - root.p_Vertices[447]: set y = 1206.6416629999999
[2026-09-18 10:06:56.207] [INFO ] DataDriver - root.p_Vertices[447]: set z = 0.0
[2026-09-18 10:06:56.207] [INFO ] DataDriver - root.p_Vertices[448]: set id = "vertex_448"
[2026-09-18 10:06:56.207] [INFO ] DataDriver - root.p_Vertices[448]: set edge_id = "edge_40"
[2026-09-18 10:06:56.207] [INFO ] DataDriver - root.p_Vertices[448]: set edge_index = 45
[2026-09-18 10:06:56.207] [INFO ] DataDriver - root.p_Vertices[448]: set x = 1842.935364
[2026-09-18 10:06:56.207] [INFO ] DataDriver - root.p_Vertices[448]: set y = 1208.027985
[2026-09-18 10:06:56.207] [INFO ] DataDriver - root.p_Vertices[448]: set z = 8.0E-6
[2026-09-18 10:06:56.207] [INFO ] DataDriver - root.p_Vertices[449]: set id = "vertex_449"
[2026-09-18 10:06:56.207] [INFO ] DataDriver - root.p_Vertices[449]: set edge_id = "edge_40"
[2026-09-18 10:06:56.207] [INFO ] DataDriver - root.p_Vertices[449]: set edge_index = 46
[2026-09-18 10:06:56.207] [INFO ] DataDriver - root.p_Vertices[449]: set x = 1845.2326659999999
[2026-09-18 10:06:56.207] [INFO ] DataDriver - root.p_Vertices[449]: set y = 1209.189545
[2026-09-18 10:06:56.207] [INFO ] DataDriver - root.p_Vertices[449]: set z = 8.0E-6
[2026-09-18 10:06:56.207] [INFO ] DataDriver - root.p_Vertices[450]: set id = "vertex_450"
[2026-09-18 10:06:56.207] [INFO ] DataDriver - root.p_Vertices[450]: set edge_id = "edge_40"
[2026-09-18 10:06:56.207] [INFO ] DataDriver - root.p_Vertices[450]: set edge_index = 47
[2026-09-18 10:06:56.207] [INFO ] DataDriver - root.p_Vertices[450]: set x = 1850.1610719999999
[2026-09-18 10:06:56.207] [INFO ] DataDriver - root.p_Vertices[450]: set y = 1211.024261
[2026-09-18 10:06:56.207] [INFO ] DataDriver - root.p_Vertices[450]: set z = 0.0
[2026-09-18 10:06:56.207] [INFO ] DataDriver - root.p_Vertices[451]: set id = "vertex_451"
[2026-09-18 10:06:56.207] [INFO ] DataDriver - root.p_Vertices[451]: set edge_id = "edge_40"
[2026-09-18 10:06:56.207] [INFO ] DataDriver - root.p_Vertices[451]: set edge_index = 48
[2026-09-18 10:06:56.207] [INFO ] DataDriver - root.p_Vertices[451]: set x = 1852.896301
[2026-09-18 10:06:56.207] [INFO ] DataDriver - root.p_Vertices[451]: set y = 1211.6763310000001
[2026-09-18 10:06:56.207] [INFO ] DataDriver - root.p_Vertices[451]: set z = 0.0
[2026-09-18 10:06:56.207] [INFO ] DataDriver - root.p_Vertices[452]: set id = "vertex_452"
[2026-09-18 10:06:56.207] [INFO ] DataDriver - root.p_Vertices[452]: set edge_id = "edge_40"
[2026-09-18 10:06:56.207] [INFO ] DataDriver - root.p_Vertices[452]: set edge_index = 49
[2026-09-18 10:06:56.207] [INFO ] DataDriver - root.p_Vertices[452]: set x = 1855.915894
[2026-09-18 10:06:56.207] [INFO ] DataDriver - root.p_Vertices[452]: set y = 1212.068726
[2026-09-18 10:06:56.207] [INFO ] DataDriver - root.p_Vertices[452]: set z = 0.0
[2026-09-18 10:06:56.207] [INFO ] DataDriver - root.p_Vertices[453]: set id = "vertex_453"
[2026-09-18 10:06:56.207] [INFO ] DataDriver - root.p_Vertices[453]: set edge_id = "edge_40"
[2026-09-18 10:06:56.207] [INFO ] DataDriver - root.p_Vertices[453]: set edge_index = 50
[2026-09-18 10:06:56.207] [INFO ] DataDriver - root.p_Vertices[453]: set x = 1862.307251
[2026-09-18 10:06:56.207] [INFO ] DataDriver - root.p_Vertices[453]: set y = 1212.304382
[2026-09-18 10:06:56.207] [INFO ] DataDriver - root.p_Vertices[453]: set z = 8.0E-6
[2026-09-18 10:06:56.207] [INFO ] DataDriver - root.p_Vertices[454]: set id = "vertex_454"
[2026-09-18 10:06:56.207] [INFO ] DataDriver - root.p_Vertices[454]: set edge_id = "edge_40"
[2026-09-18 10:06:56.207] [INFO ] DataDriver - root.p_Vertices[454]: set edge_index = 51
[2026-09-18 10:06:56.207] [INFO ] DataDriver - root.p_Vertices[454]: set x = 1865.282166
[2026-09-18 10:06:56.207] [INFO ] DataDriver - root.p_Vertices[454]: set y = 1212.158508
[2026-09-18 10:06:56.207] [INFO ] DataDriver - root.p_Vertices[454]: set z = 8.0E-6
[2026-09-18 10:06:56.207] [INFO ] DataDriver - root.p_Vertices[455]: set id = "vertex_455"
[2026-09-18 10:06:56.207] [INFO ] DataDriver - root.p_Vertices[455]: set edge_id = "edge_40"
[2026-09-18 10:06:56.207] [INFO ] DataDriver - root.p_Vertices[455]: set edge_index = 52
[2026-09-18 10:06:56.207] [INFO ] DataDriver - root.p_Vertices[455]: set x = 1867.9329830000001
[2026-09-18 10:06:56.208] [INFO ] DataDriver - root.p_Vertices[455]: set y = 1211.7708440000001
[2026-09-18 10:06:56.208] [INFO ] DataDriver - root.p_Vertices[455]: set z = 8.0E-6
[2026-09-18 10:06:56.208] [INFO ] DataDriver - root.p_Vertices[456]: set id = "vertex_456"
[2026-09-18 10:06:56.208] [INFO ] DataDriver - root.p_Vertices[456]: set edge_id = "edge_40"
[2026-09-18 10:06:56.208] [INFO ] DataDriver - root.p_Vertices[456]: set edge_index = 53
[2026-09-18 10:06:56.208] [INFO ] DataDriver - root.p_Vertices[456]: set x = 1883.69342
[2026-09-18 10:06:56.208] [INFO ] DataDriver - root.p_Vertices[456]: set y = 1207.47403
[2026-09-18 10:06:56.208] [INFO ] DataDriver - root.p_Vertices[456]: set z = 0.0
[2026-09-18 10:06:56.208] [INFO ] DataDriver - root.p_Vertices[457]: set id = "vertex_457"
[2026-09-18 10:06:56.208] [INFO ] DataDriver - root.p_Vertices[457]: set edge_id = "edge_40"
[2026-09-18 10:06:56.208] [INFO ] DataDriver - root.p_Vertices[457]: set edge_index = 54
[2026-09-18 10:06:56.208] [INFO ] DataDriver - root.p_Vertices[457]: set x = 1890.368042
[2026-09-18 10:06:56.208] [INFO ] DataDriver - root.p_Vertices[457]: set y = 1206.691376
[2026-09-18 10:06:56.208] [INFO ] DataDriver - root.p_Vertices[457]: set z = 0.0
[2026-09-18 10:06:56.208] [INFO ] DataDriver - root.p_Vertices[458]: set id = "vertex_458"
[2026-09-18 10:06:56.208] [INFO ] DataDriver - root.p_Vertices[458]: set edge_id = "edge_40"
[2026-09-18 10:06:56.208] [INFO ] DataDriver - root.p_Vertices[458]: set edge_index = 55
[2026-09-18 10:06:56.208] [INFO ] DataDriver - root.p_Vertices[458]: set x = 1894.843811
[2026-09-18 10:06:56.208] [INFO ] DataDriver - root.p_Vertices[458]: set y = 1206.71283
[2026-09-18 10:06:56.208] [INFO ] DataDriver - root.p_Vertices[458]: set z = 0.0
[2026-09-18 10:06:56.208] [INFO ] DataDriver - root.p_Vertices[459]: set id = "vertex_459"
[2026-09-18 10:06:56.208] [INFO ] DataDriver - root.p_Vertices[459]: set edge_id = "edge_40"
[2026-09-18 10:06:56.208] [INFO ] DataDriver - root.p_Vertices[459]: set edge_index = 56
[2026-09-18 10:06:56.208] [INFO ] DataDriver - root.p_Vertices[459]: set x = 1899.315918
[2026-09-18 10:06:56.208] [INFO ] DataDriver - root.p_Vertices[459]: set y = 1207.1678160000001
[2026-09-18 10:06:56.208] [INFO ] DataDriver - root.p_Vertices[459]: set z = -8.0E-6
[2026-09-18 10:06:56.208] [INFO ] DataDriver - root.p_Vertices[460]: set id = "vertex_460"
[2026-09-18 10:06:56.208] [INFO ] DataDriver - root.p_Vertices[460]: set edge_id = "edge_40"
[2026-09-18 10:06:56.208] [INFO ] DataDriver - root.p_Vertices[460]: set edge_index = 57
[2026-09-18 10:06:56.208] [INFO ] DataDriver - root.p_Vertices[460]: set x = 1903.719482
[2026-09-18 10:06:56.208] [INFO ] DataDriver - root.p_Vertices[460]: set y = 1208.05249
[2026-09-18 10:06:56.208] [INFO ] DataDriver - root.p_Vertices[460]: set z = -8.0E-6
[2026-09-18 10:06:56.208] [INFO ] DataDriver - root.p_Vertices[461]: set id = "vertex_461"
[2026-09-18 10:06:56.208] [INFO ] DataDriver - root.p_Vertices[461]: set edge_id = "edge_40"
[2026-09-18 10:06:56.208] [INFO ] DataDriver - root.p_Vertices[461]: set edge_index = 58
[2026-09-18 10:06:56.208] [INFO ] DataDriver - root.p_Vertices[461]: set x = 1908.0302729999999
[2026-09-18 10:06:56.208] [INFO ] DataDriver - root.p_Vertices[461]: set y = 1209.363068
[2026-09-18 10:06:56.208] [INFO ] DataDriver - root.p_Vertices[461]: set z = 8.0E-6
[2026-09-18 10:06:56.208] [INFO ] DataDriver - root.p_Vertices[462]: set id = "vertex_462"
[2026-09-18 10:06:56.208] [INFO ] DataDriver - root.p_Vertices[462]: set edge_id = "edge_40"
[2026-09-18 10:06:56.208] [INFO ] DataDriver - root.p_Vertices[462]: set edge_index = 59
[2026-09-18 10:06:56.208] [INFO ] DataDriver - root.p_Vertices[462]: set x = 1912.18811
[2026-09-18 10:06:56.208] [INFO ] DataDriver - root.p_Vertices[462]: set y = 1211.080933
[2026-09-18 10:06:56.208] [INFO ] DataDriver - root.p_Vertices[462]: set z = 0.0
[2026-09-18 10:06:56.208] [INFO ] DataDriver - root.p_Vertices[463]: set id = "vertex_463"
[2026-09-18 10:06:56.208] [INFO ] DataDriver - root.p_Vertices[463]: set edge_id = "edge_40"
[2026-09-18 10:06:56.208] [INFO ] DataDriver - root.p_Vertices[463]: set edge_index = 60
[2026-09-18 10:06:56.208] [INFO ] DataDriver - root.p_Vertices[463]: set x = 1918.080017
[2026-09-18 10:06:56.208] [INFO ] DataDriver - root.p_Vertices[463]: set y = 1214.387634
[2026-09-18 10:06:56.208] [INFO ] DataDriver - root.p_Vertices[463]: set z = 0.0
[2026-09-18 10:06:56.208] [INFO ] DataDriver - root.p_Vertices[464]: set id = "vertex_464"
[2026-09-18 10:06:56.208] [INFO ] DataDriver - root.p_Vertices[464]: set edge_id = "edge_40"
[2026-09-18 10:06:56.208] [INFO ] DataDriver - root.p_Vertices[464]: set edge_index = 61
[2026-09-18 10:06:56.208] [INFO ] DataDriver - root.p_Vertices[464]: set x = 1923.431396
[2026-09-18 10:06:56.208] [INFO ] DataDriver - root.p_Vertices[464]: set y = 1218.548462
[2026-09-18 10:06:56.208] [INFO ] DataDriver - root.p_Vertices[464]: set z = 0.0
[2026-09-18 10:06:56.208] [INFO ] DataDriver - root.p_Vertices[465]: set id = "vertex_465"
[2026-09-18 10:06:56.208] [INFO ] DataDriver - root.p_Vertices[465]: set edge_id = "edge_40"
[2026-09-18 10:06:56.208] [INFO ] DataDriver - root.p_Vertices[465]: set edge_index = 62
[2026-09-18 10:06:56.208] [INFO ] DataDriver - root.p_Vertices[465]: set x = 1926.856934
[2026-09-18 10:06:56.208] [INFO ] DataDriver - root.p_Vertices[465]: set y = 1221.730347
[2026-09-18 10:06:56.208] [INFO ] DataDriver - root.p_Vertices[465]: set z = -8.0E-6
[2026-09-18 10:06:56.208] [INFO ] DataDriver - root.p_Vertices[466]: set id = "vertex_466"
[2026-09-18 10:06:56.208] [INFO ] DataDriver - root.p_Vertices[466]: set edge_id = "edge_40"
[2026-09-18 10:06:56.208] [INFO ] DataDriver - root.p_Vertices[466]: set edge_index = 63
[2026-09-18 10:06:56.208] [INFO ] DataDriver - root.p_Vertices[466]: set x = 1930.665649
[2026-09-18 10:06:56.208] [INFO ] DataDriver - root.p_Vertices[466]: set y = 1226.036987
[2026-09-18 10:06:56.208] [INFO ] DataDriver - root.p_Vertices[466]: set z = -8.0E-6
[2026-09-18 10:06:56.208] [INFO ] DataDriver - root.p_Vertices[467]: set id = "vertex_467"
[2026-09-18 10:06:56.208] [INFO ] DataDriver - root.p_Vertices[467]: set edge_id = "edge_40"
[2026-09-18 10:06:56.208] [INFO ] DataDriver - root.p_Vertices[467]: set edge_index = 64
[2026-09-18 10:06:56.208] [INFO ] DataDriver - root.p_Vertices[467]: set x = 1933.3873899999999
[2026-09-18 10:06:56.208] [INFO ] DataDriver - root.p_Vertices[467]: set y = 1229.901062
[2026-09-18 10:06:56.208] [INFO ] DataDriver - root.p_Vertices[467]: set z = -8.0E-6
[2026-09-18 10:06:56.208] [INFO ] DataDriver - root.p_Vertices[468]: set id = "vertex_468"
[2026-09-18 10:06:56.208] [INFO ] DataDriver - root.p_Vertices[468]: set edge_id = "edge_40"
[2026-09-18 10:06:56.208] [INFO ] DataDriver - root.p_Vertices[468]: set edge_index = 65
[2026-09-18 10:06:56.208] [INFO ] DataDriver - root.p_Vertices[468]: set x = 1948.601868
[2026-09-18 10:06:56.208] [INFO ] DataDriver - root.p_Vertices[468]: set y = 1255.935974
[2026-09-18 10:06:56.208] [INFO ] DataDriver - root.p_Vertices[468]: set z = 1.5E-5
[2026-09-18 10:06:56.208] [INFO ] DataDriver - root.p_Vertices[469]: set id = "vertex_469"
[2026-09-18 10:06:56.208] [INFO ] DataDriver - root.p_Vertices[469]: set edge_id = "edge_40"
[2026-09-18 10:06:56.208] [INFO ] DataDriver - root.p_Vertices[469]: set edge_index = 66
[2026-09-18 10:06:56.208] [INFO ] DataDriver - root.p_Vertices[469]: set x = 1950.615295
[2026-09-18 10:06:56.208] [INFO ] DataDriver - root.p_Vertices[469]: set y = 1260.136108
[2026-09-18 10:06:56.208] [INFO ] DataDriver - root.p_Vertices[469]: set z = 8.0E-6
[2026-09-18 10:06:56.208] [INFO ] DataDriver - root.p_Vertices[470]: set id = "vertex_470"
[2026-09-18 10:06:56.208] [INFO ] DataDriver - root.p_Vertices[470]: set edge_id = "edge_40"
[2026-09-18 10:06:56.208] [INFO ] DataDriver - root.p_Vertices[470]: set edge_index = 67
[2026-09-18 10:06:56.208] [INFO ] DataDriver - root.p_Vertices[470]: set x = 1951.712097
[2026-09-18 10:06:56.208] [INFO ] DataDriver - root.p_Vertices[470]: set y = 1263.033936
[2026-09-18 10:06:56.208] [INFO ] DataDriver - root.p_Vertices[470]: set z = 0.0
[2026-09-18 10:06:56.209] [INFO ] DataDriver - root.p_Vertices[471]: set id = "vertex_471"
[2026-09-18 10:06:56.209] [INFO ] DataDriver - root.p_Vertices[471]: set edge_id = "edge_40"
[2026-09-18 10:06:56.209] [INFO ] DataDriver - root.p_Vertices[471]: set edge_index = 68
[2026-09-18 10:06:56.209] [INFO ] DataDriver - root.p_Vertices[471]: set x = 1952.872864
[2026-09-18 10:06:56.209] [INFO ] DataDriver - root.p_Vertices[471]: set y = 1267.660614
[2026-09-18 10:06:56.209] [INFO ] DataDriver - root.p_Vertices[471]: set z = -8.0E-6
[2026-09-18 10:06:56.209] [INFO ] DataDriver - root.p_Vertices[472]: set id = "vertex_472"
[2026-09-18 10:06:56.209] [INFO ] DataDriver - root.p_Vertices[472]: set edge_id = "edge_40"
[2026-09-18 10:06:56.209] [INFO ] DataDriver - root.p_Vertices[472]: set edge_index = 69
[2026-09-18 10:06:56.209] [INFO ] DataDriver - root.p_Vertices[472]: set x = 1953.203247
[2026-09-18 10:06:56.209] [INFO ] DataDriver - root.p_Vertices[472]: set y = 1269.922607
[2026-09-18 10:06:56.209] [INFO ] DataDriver - root.p_Vertices[472]: set z = 0.0
[2026-09-18 10:06:56.209] [INFO ] DataDriver - root.p_Vertices[473]: set id = "vertex_473"
[2026-09-18 10:06:56.209] [INFO ] DataDriver - root.p_Vertices[473]: set edge_id = "edge_41"
[2026-09-18 10:06:56.209] [INFO ] DataDriver - root.p_Vertices[473]: set edge_index = 0
[2026-09-18 10:06:56.209] [INFO ] DataDriver - root.p_Vertices[473]: set x = 1953.0786739999999
[2026-09-18 10:06:56.209] [INFO ] DataDriver - root.p_Vertices[473]: set y = 1283.514923
[2026-09-18 10:06:56.209] [INFO ] DataDriver - root.p_Vertices[473]: set z = 8.0E-6
[2026-09-18 10:06:56.209] [INFO ] DataDriver - root.p_Vertices[474]: set id = "vertex_474"
[2026-09-18 10:06:56.209] [INFO ] DataDriver - root.p_Vertices[474]: set edge_id = "edge_41"
[2026-09-18 10:06:56.209] [INFO ] DataDriver - root.p_Vertices[474]: set edge_index = 1
[2026-09-18 10:06:56.209] [INFO ] DataDriver - root.p_Vertices[474]: set x = 1952.209351
[2026-09-18 10:06:56.209] [INFO ] DataDriver - root.p_Vertices[474]: set y = 1287.917847
[2026-09-18 10:06:56.209] [INFO ] DataDriver - root.p_Vertices[474]: set z = 0.0
[2026-09-18 10:06:56.209] [INFO ] DataDriver - root.p_Vertices[475]: set id = "vertex_475"
[2026-09-18 10:06:56.209] [INFO ] DataDriver - root.p_Vertices[475]: set edge_id = "edge_41"
[2026-09-18 10:06:56.209] [INFO ] DataDriver - root.p_Vertices[475]: set edge_index = 2
[2026-09-18 10:06:56.209] [INFO ] DataDriver - root.p_Vertices[475]: set x = 1950.925964
[2026-09-18 10:06:56.209] [INFO ] DataDriver - root.p_Vertices[475]: set y = 1292.206116
[2026-09-18 10:06:56.209] [INFO ] DataDriver - root.p_Vertices[475]: set z = 0.0
[2026-09-18 10:06:56.209] [INFO ] DataDriver - root.p_Vertices[476]: set id = "vertex_476"
[2026-09-18 10:06:56.209] [INFO ] DataDriver - root.p_Vertices[476]: set edge_id = "edge_41"
[2026-09-18 10:06:56.209] [INFO ] DataDriver - root.p_Vertices[476]: set edge_index = 3
[2026-09-18 10:06:56.209] [INFO ] DataDriver - root.p_Vertices[476]: set x = 1949.2399289999998
[2026-09-18 10:06:56.209] [INFO ] DataDriver - root.p_Vertices[476]: set y = 1296.326355
[2026-09-18 10:06:56.209] [INFO ] DataDriver - root.p_Vertices[476]: set z = 0.0
[2026-09-18 10:06:56.209] [INFO ] DataDriver - root.p_Vertices[477]: set id = "vertex_477"
[2026-09-18 10:06:56.209] [INFO ] DataDriver - root.p_Vertices[477]: set edge_id = "edge_41"
[2026-09-18 10:06:56.209] [INFO ] DataDriver - root.p_Vertices[477]: set edge_index = 4
[2026-09-18 10:06:56.209] [INFO ] DataDriver - root.p_Vertices[477]: set x = 1945.981445
[2026-09-18 10:06:56.209] [INFO ] DataDriver - root.p_Vertices[477]: set y = 1302.152008
[2026-09-18 10:06:56.209] [INFO ] DataDriver - root.p_Vertices[477]: set z = 8.0E-6
[2026-09-18 10:06:56.209] [INFO ] DataDriver - root.p_Vertices[478]: set id = "vertex_478"
[2026-09-18 10:06:56.209] [INFO ] DataDriver - root.p_Vertices[478]: set edge_id = "edge_41"
[2026-09-18 10:06:56.209] [INFO ] DataDriver - root.p_Vertices[478]: set edge_index = 5
[2026-09-18 10:06:56.209] [INFO ] DataDriver - root.p_Vertices[478]: set x = 1944.662598
[2026-09-18 10:06:56.209] [INFO ] DataDriver - root.p_Vertices[478]: set y = 1303.983154
[2026-09-18 10:06:56.209] [INFO ] DataDriver - root.p_Vertices[478]: set z = 0.0
[2026-09-18 10:06:56.209] [INFO ] DataDriver - root.p_Vertices[479]: set id = "vertex_479"
[2026-09-18 10:06:56.209] [INFO ] DataDriver - root.p_Vertices[479]: set edge_id = "edge_41"
[2026-09-18 10:06:56.209] [INFO ] DataDriver - root.p_Vertices[479]: set edge_index = 6
[2026-09-18 10:06:56.209] [INFO ] DataDriver - root.p_Vertices[479]: set x = 1943.064087
[2026-09-18 10:06:56.209] [INFO ] DataDriver - root.p_Vertices[479]: set y = 1305.884155
[2026-09-18 10:06:56.209] [INFO ] DataDriver - root.p_Vertices[479]: set z = 0.0
[2026-09-18 10:06:56.209] [INFO ] DataDriver - root.p_Vertices[480]: set id = "vertex_480"
[2026-09-18 10:06:56.209] [INFO ] DataDriver - root.p_Vertices[480]: set edge_id = "edge_41"
[2026-09-18 10:06:56.209] [INFO ] DataDriver - root.p_Vertices[480]: set edge_index = 7
[2026-09-18 10:06:56.209] [INFO ] DataDriver - root.p_Vertices[480]: set x = 1940.647827
[2026-09-18 10:06:56.209] [INFO ] DataDriver - root.p_Vertices[480]: set y = 1308.261597
[2026-09-18 10:06:56.209] [INFO ] DataDriver - root.p_Vertices[480]: set z = 8.0E-6
[2026-09-18 10:06:56.209] [INFO ] DataDriver - root.p_Vertices[481]: set id = "vertex_481"
[2026-09-18 10:06:56.209] [INFO ] DataDriver - root.p_Vertices[481]: set edge_id = "edge_41"
[2026-09-18 10:06:56.209] [INFO ] DataDriver - root.p_Vertices[481]: set edge_index = 8
[2026-09-18 10:06:56.209] [INFO ] DataDriver - root.p_Vertices[481]: set x = 1904.800964
[2026-09-18 10:06:56.209] [INFO ] DataDriver - root.p_Vertices[481]: set y = 1334.511047
[2026-09-18 10:06:56.209] [INFO ] DataDriver - root.p_Vertices[481]: set z = 0.0
[2026-09-18 10:06:56.209] [INFO ] DataDriver - root.p_Vertices[482]: set id = "vertex_482"
[2026-09-18 10:06:56.209] [INFO ] DataDriver - root.p_Vertices[482]: set edge_id = "edge_41"
[2026-09-18 10:06:56.209] [INFO ] DataDriver - root.p_Vertices[482]: set edge_index = 9
[2026-09-18 10:06:56.209] [INFO ] DataDriver - root.p_Vertices[482]: set x = 1899.965698
[2026-09-18 10:06:56.209] [INFO ] DataDriver - root.p_Vertices[482]: set y = 1337.440308
[2026-09-18 10:06:56.209] [INFO ] DataDriver - root.p_Vertices[482]: set z = 0.0
[2026-09-18 10:06:56.209] [INFO ] DataDriver - root.p_Vertices[483]: set id = "vertex_483"
[2026-09-18 10:06:56.209] [INFO ] DataDriver - root.p_Vertices[483]: set edge_id = "edge_41"
[2026-09-18 10:06:56.209] [INFO ] DataDriver - root.p_Vertices[483]: set edge_index = 10
[2026-09-18 10:06:56.209] [INFO ] DataDriver - root.p_Vertices[483]: set x = 1896.854065
[2026-09-18 10:06:56.209] [INFO ] DataDriver - root.p_Vertices[483]: set y = 1338.923401
[2026-09-18 10:06:56.209] [INFO ] DataDriver - root.p_Vertices[483]: set z = 8.0E-6
[2026-09-18 10:06:56.209] [INFO ] DataDriver - root.p_Vertices[484]: set id = "vertex_484"
[2026-09-18 10:06:56.209] [INFO ] DataDriver - root.p_Vertices[484]: set edge_id = "edge_41"
[2026-09-18 10:06:56.209] [INFO ] DataDriver - root.p_Vertices[484]: set edge_index = 11
[2026-09-18 10:06:56.209] [INFO ] DataDriver - root.p_Vertices[484]: set x = 1894.447144
[2026-09-18 10:06:56.209] [INFO ] DataDriver - root.p_Vertices[484]: set y = 1339.7729490000002
[2026-09-18 10:06:56.209] [INFO ] DataDriver - root.p_Vertices[484]: set z = 0.0
[2026-09-18 10:06:56.209] [INFO ] DataDriver - root.p_Vertices[485]: set id = "vertex_485"
[2026-09-18 10:06:56.209] [INFO ] DataDriver - root.p_Vertices[485]: set edge_id = "edge_41"
[2026-09-18 10:06:56.209] [INFO ] DataDriver - root.p_Vertices[485]: set edge_index = 12
[2026-09-18 10:06:56.209] [INFO ] DataDriver - root.p_Vertices[485]: set x = 1892.200867
[2026-09-18 10:06:56.209] [INFO ] DataDriver - root.p_Vertices[485]: set y = 1340.373108
[2026-09-18 10:06:56.209] [INFO ] DataDriver - root.p_Vertices[485]: set z = -8.0E-6
[2026-09-18 10:06:56.209] [INFO ] DataDriver - root.p_Vertices[486]: set id = "vertex_486"
[2026-09-18 10:06:56.209] [INFO ] DataDriver - root.p_Vertices[486]: set edge_id = "edge_41"
[2026-09-18 10:06:56.209] [INFO ] DataDriver - root.p_Vertices[486]: set edge_index = 13
[2026-09-18 10:06:56.209] [INFO ] DataDriver - root.p_Vertices[486]: set x = 1889.9564209999999
[2026-09-18 10:06:56.209] [INFO ] DataDriver - root.p_Vertices[486]: set y = 1340.809082
[2026-09-18 10:06:56.210] [INFO ] DataDriver - root.p_Vertices[486]: set z = 8.0E-6
[2026-09-18 10:06:56.210] [INFO ] DataDriver - root.p_Vertices[487]: set id = "vertex_487"
[2026-09-18 10:06:56.210] [INFO ] DataDriver - root.p_Vertices[487]: set edge_id = "edge_41"
[2026-09-18 10:06:56.210] [INFO ] DataDriver - root.p_Vertices[487]: set edge_index = 14
[2026-09-18 10:06:56.210] [INFO ] DataDriver - root.p_Vertices[487]: set x = 1885.4226680000002
[2026-09-18 10:06:56.210] [INFO ] DataDriver - root.p_Vertices[487]: set y = 1341.377197
[2026-09-18 10:06:56.210] [INFO ] DataDriver - root.p_Vertices[487]: set z = 0.0
[2026-09-18 10:06:56.210] [INFO ] DataDriver - root.p_Vertices[488]: set id = "vertex_488"
[2026-09-18 10:06:56.210] [INFO ] DataDriver - root.p_Vertices[488]: set edge_id = "edge_41"
[2026-09-18 10:06:56.210] [INFO ] DataDriver - root.p_Vertices[488]: set edge_index = 15
[2026-09-18 10:06:56.210] [INFO ] DataDriver - root.p_Vertices[488]: set x = 1880.864807
[2026-09-18 10:06:56.210] [INFO ] DataDriver - root.p_Vertices[488]: set y = 1341.508179
[2026-09-18 10:06:56.210] [INFO ] DataDriver - root.p_Vertices[488]: set z = 0.0
[2026-09-18 10:06:56.210] [INFO ] DataDriver - root.p_Vertices[489]: set id = "vertex_489"
[2026-09-18 10:06:56.210] [INFO ] DataDriver - root.p_Vertices[489]: set edge_id = "edge_41"
[2026-09-18 10:06:56.210] [INFO ] DataDriver - root.p_Vertices[489]: set edge_index = 16
[2026-09-18 10:06:56.210] [INFO ] DataDriver - root.p_Vertices[489]: set x = 1876.314758
[2026-09-18 10:06:56.210] [INFO ] DataDriver - root.p_Vertices[489]: set y = 1341.194641
[2026-09-18 10:06:56.210] [INFO ] DataDriver - root.p_Vertices[489]: set z = 0.0
[2026-09-18 10:06:56.210] [INFO ] DataDriver - root.p_Vertices[490]: set id = "vertex_490"
[2026-09-18 10:06:56.210] [INFO ] DataDriver - root.p_Vertices[490]: set edge_id = "edge_41"
[2026-09-18 10:06:56.210] [INFO ] DataDriver - root.p_Vertices[490]: set edge_index = 17
[2026-09-18 10:06:56.210] [INFO ] DataDriver - root.p_Vertices[490]: set x = 1871.846008
[2026-09-18 10:06:56.210] [INFO ] DataDriver - root.p_Vertices[490]: set y = 1340.430786
[2026-09-18 10:06:56.210] [INFO ] DataDriver - root.p_Vertices[490]: set z = 0.0
[2026-09-18 10:06:56.210] [INFO ] DataDriver - root.p_Vertices[491]: set id = "vertex_491"
[2026-09-18 10:06:56.210] [INFO ] DataDriver - root.p_Vertices[491]: set edge_id = "edge_41"
[2026-09-18 10:06:56.210] [INFO ] DataDriver - root.p_Vertices[491]: set edge_index = 18
[2026-09-18 10:06:56.210] [INFO ] DataDriver - root.p_Vertices[491]: set x = 1867.491577
[2026-09-18 10:06:56.210] [INFO ] DataDriver - root.p_Vertices[491]: set y = 1339.211792
[2026-09-18 10:06:56.210] [INFO ] DataDriver - root.p_Vertices[491]: set z = 0.0
[2026-09-18 10:06:56.210] [INFO ] DataDriver - root.p_Vertices[492]: set id = "vertex_492"
[2026-09-18 10:06:56.210] [INFO ] DataDriver - root.p_Vertices[492]: set edge_id = "edge_41"
[2026-09-18 10:06:56.210] [INFO ] DataDriver - root.p_Vertices[492]: set edge_index = 19
[2026-09-18 10:06:56.210] [INFO ] DataDriver - root.p_Vertices[492]: set x = 1863.320984
[2026-09-18 10:06:56.210] [INFO ] DataDriver - root.p_Vertices[492]: set y = 1337.5451050000001
[2026-09-18 10:06:56.210] [INFO ] DataDriver - root.p_Vertices[492]: set z = 8.0E-6
[2026-09-18 10:06:56.210] [INFO ] DataDriver - root.p_Vertices[493]: set id = "vertex_493"
[2026-09-18 10:06:56.210] [INFO ] DataDriver - root.p_Vertices[493]: set edge_id = "edge_41"
[2026-09-18 10:06:56.210] [INFO ] DataDriver - root.p_Vertices[493]: set edge_index = 20
[2026-09-18 10:06:56.210] [INFO ] DataDriver - root.p_Vertices[493]: set x = 1859.355774
[2026-09-18 10:06:56.210] [INFO ] DataDriver - root.p_Vertices[493]: set y = 1335.4407350000001
[2026-09-18 10:06:56.210] [INFO ] DataDriver - root.p_Vertices[493]: set z = 0.0
[2026-09-18 10:06:56.210] [INFO ] DataDriver - root.p_Vertices[494]: set id = "vertex_494"
[2026-09-18 10:06:56.210] [INFO ] DataDriver - root.p_Vertices[494]: set edge_id = "edge_41"
[2026-09-18 10:06:56.210] [INFO ] DataDriver - root.p_Vertices[494]: set edge_index = 21
[2026-09-18 10:06:56.210] [INFO ] DataDriver - root.p_Vertices[494]: set x = 1855.6323849999999
[2026-09-18 10:06:56.210] [INFO ] DataDriver - root.p_Vertices[494]: set y = 1332.945679
[2026-09-18 10:06:56.210] [INFO ] DataDriver - root.p_Vertices[494]: set z = 0.0
[2026-09-18 10:06:56.210] [INFO ] DataDriver - root.p_Vertices[495]: set id = "vertex_495"
[2026-09-18 10:06:56.210] [INFO ] DataDriver - root.p_Vertices[495]: set edge_id = "edge_41"
[2026-09-18 10:06:56.213] [INFO ] DataDriver - root.p_Vertices[495]: set edge_index = 22
[2026-09-18 10:06:56.213] [INFO ] DataDriver - root.p_Vertices[495]: set x = 1852.1229250000001
[2026-09-18 10:06:56.213] [INFO ] DataDriver - root.p_Vertices[495]: set y = 1330.093018
[2026-09-18 10:06:56.213] [INFO ] DataDriver - root.p_Vertices[495]: set z = 0.0
[2026-09-18 10:06:56.213] [INFO ] DataDriver - root.p_Vertices[496]: set id = "vertex_496"
[2026-09-18 10:06:56.213] [INFO ] DataDriver - root.p_Vertices[496]: set edge_id = "edge_41"
[2026-09-18 10:06:56.213] [INFO ] DataDriver - root.p_Vertices[496]: set edge_index = 23
[2026-09-18 10:06:56.213] [INFO ] DataDriver - root.p_Vertices[496]: set x = 1848.705261
[2026-09-18 10:06:56.213] [INFO ] DataDriver - root.p_Vertices[496]: set y = 1326.9132690000001
[2026-09-18 10:06:56.213] [INFO ] DataDriver - root.p_Vertices[496]: set z = 0.0
[2026-09-18 10:06:56.213] [INFO ] DataDriver - root.p_Vertices[497]: set id = "vertex_497"
[2026-09-18 10:06:56.213] [INFO ] DataDriver - root.p_Vertices[497]: set edge_id = "edge_41"
[2026-09-18 10:06:56.213] [INFO ] DataDriver - root.p_Vertices[497]: set edge_index = 24
[2026-09-18 10:06:56.213] [INFO ] DataDriver - root.p_Vertices[497]: set x = 1844.879578
[2026-09-18 10:06:56.213] [INFO ] DataDriver - root.p_Vertices[497]: set y = 1322.810547
[2026-09-18 10:06:56.213] [INFO ] DataDriver - root.p_Vertices[497]: set z = 0.0
[2026-09-18 10:06:56.213] [INFO ] DataDriver - root.p_Vertices[498]: set id = "vertex_498"
[2026-09-18 10:06:56.213] [INFO ] DataDriver - root.p_Vertices[498]: set edge_id = "edge_41"
[2026-09-18 10:06:56.213] [INFO ] DataDriver - root.p_Vertices[498]: set edge_index = 25
[2026-09-18 10:06:56.213] [INFO ] DataDriver - root.p_Vertices[498]: set x = 1814.835693
[2026-09-18 10:06:56.213] [INFO ] DataDriver - root.p_Vertices[498]: set y = 1285.4151
[2026-09-18 10:06:56.213] [INFO ] DataDriver - root.p_Vertices[498]: set z = 0.0
[2026-09-18 10:06:56.213] [INFO ] DataDriver - root.p_Vertices[499]: set id = "vertex_499"
[2026-09-18 10:06:56.213] [INFO ] DataDriver - root.p_Vertices[499]: set edge_id = "edge_41"
[2026-09-18 10:06:56.213] [INFO ] DataDriver - root.p_Vertices[499]: set edge_index = 26
[2026-09-18 10:06:56.213] [INFO ] DataDriver - root.p_Vertices[499]: set x = 1812.3132930000002
[2026-09-18 10:06:56.213] [INFO ] DataDriver - root.p_Vertices[499]: set y = 1281.680298
[2026-09-18 10:06:56.213] [INFO ] DataDriver - root.p_Vertices[499]: set z = 0.0
[2026-09-18 10:06:56.213] [INFO ] DataDriver - root.p_Vertices[500]: set id = "vertex_500"
[2026-09-18 10:06:56.213] [INFO ] DataDriver - root.p_Vertices[500]: set edge_id = "edge_41"
[2026-09-18 10:06:56.213] [INFO ] DataDriver - root.p_Vertices[500]: set edge_index = 27
[2026-09-18 10:06:56.213] [INFO ] DataDriver - root.p_Vertices[500]: set x = 1810.1904909999998
[2026-09-18 10:06:56.213] [INFO ] DataDriver - root.p_Vertices[500]: set y = 1277.877045
[2026-09-18 10:06:56.213] [INFO ] DataDriver - root.p_Vertices[500]: set z = -8.0E-6
[2026-09-18 10:06:56.213] [INFO ] DataDriver - root.p_Vertices[501]: set id = "vertex_501"
[2026-09-18 10:06:56.213] [INFO ] DataDriver - root.p_Vertices[501]: set edge_id = "edge_41"
[2026-09-18 10:06:56.213] [INFO ] DataDriver - root.p_Vertices[501]: set edge_index = 28
[2026-09-18 10:06:56.213] [INFO ] DataDriver - root.p_Vertices[501]: set x = 1806.657715
[2026-09-18 10:06:56.213] [INFO ] DataDriver - root.p_Vertices[501]: set y = 1269.6456600000001
[2026-09-18 10:06:56.213] [INFO ] DataDriver - root.p_Vertices[501]: set z = 0.0
[2026-09-18 10:06:56.213] [INFO ] DataDriver - root.p_Vertices[502]: set id = "vertex_502"
[2026-09-18 10:06:56.213] [INFO ] DataDriver - root.p_Vertices[502]: set edge_id = "edge_41"
[2026-09-18 10:06:56.213] [INFO ] DataDriver - root.p_Vertices[502]: set edge_index = 29
[2026-09-18 10:06:56.214] [INFO ] DataDriver - root.p_Vertices[502]: set x = 1805.0397950000001
[2026-09-18 10:06:56.214] [INFO ] DataDriver - root.p_Vertices[502]: set y = 1264.52063
[2026-09-18 10:06:56.214] [INFO ] DataDriver - root.p_Vertices[502]: set z = 0.0
[2026-09-18 10:06:56.214] [INFO ] DataDriver - root.p_Vertices[503]: set id = "vertex_503"
[2026-09-18 10:06:56.214] [INFO ] DataDriver - root.p_Vertices[503]: set edge_id = "edge_41"
[2026-09-18 10:06:56.214] [INFO ] DataDriver - root.p_Vertices[503]: set edge_index = 30
[2026-09-18 10:06:56.214] [INFO ] DataDriver - root.p_Vertices[503]: set x = 1799.630981
[2026-09-18 10:06:56.214] [INFO ] DataDriver - root.p_Vertices[503]: set y = 1236.715668
[2026-09-18 10:06:56.214] [INFO ] DataDriver - root.p_Vertices[503]: set z = 8.0E-6
[2026-09-18 10:06:56.214] [INFO ] DataDriver - root.p_Vertices[504]: set id = "vertex_504"
[2026-09-18 10:06:56.214] [INFO ] DataDriver - root.p_Vertices[504]: set edge_id = "edge_41"
[2026-09-18 10:06:56.214] [INFO ] DataDriver - root.p_Vertices[504]: set edge_index = 31
[2026-09-18 10:06:56.214] [INFO ] DataDriver - root.p_Vertices[504]: set x = 1798.1963500000002
[2026-09-18 10:06:56.214] [INFO ] DataDriver - root.p_Vertices[504]: set y = 1216.874207
[2026-09-18 10:06:56.214] [INFO ] DataDriver - root.p_Vertices[504]: set z = -8.0E-6
[2026-09-18 10:06:56.214] [INFO ] DataDriver - root.p_Vertices[505]: set id = "vertex_505"
[2026-09-18 10:06:56.214] [INFO ] DataDriver - root.p_Vertices[505]: set edge_id = "edge_41"
[2026-09-18 10:06:56.214] [INFO ] DataDriver - root.p_Vertices[505]: set edge_index = 32
[2026-09-18 10:06:56.214] [INFO ] DataDriver - root.p_Vertices[505]: set x = 1798.169067
[2026-09-18 10:06:56.214] [INFO ] DataDriver - root.p_Vertices[505]: set y = 1204.746307
[2026-09-18 10:06:56.214] [INFO ] DataDriver - root.p_Vertices[505]: set z = 8.0E-6
[2026-09-18 10:06:56.214] [INFO ] DataDriver - root.p_Vertices[506]: set id = "vertex_506"
[2026-09-18 10:06:56.214] [INFO ] DataDriver - root.p_Vertices[506]: set edge_id = "edge_41"
[2026-09-18 10:06:56.214] [INFO ] DataDriver - root.p_Vertices[506]: set edge_index = 33
[2026-09-18 10:06:56.214] [INFO ] DataDriver - root.p_Vertices[506]: set x = 1799.900635
[2026-09-18 10:06:56.214] [INFO ] DataDriver - root.p_Vertices[506]: set y = 1181.671844
[2026-09-18 10:06:56.214] [INFO ] DataDriver - root.p_Vertices[506]: set z = 1.5E-5
[2026-09-18 10:06:56.214] [INFO ] DataDriver - root.p_Vertices[507]: set id = "vertex_507"
[2026-09-18 10:06:56.214] [INFO ] DataDriver - root.p_Vertices[507]: set edge_id = "edge_41"
[2026-09-18 10:06:56.214] [INFO ] DataDriver - root.p_Vertices[507]: set edge_index = 34
[2026-09-18 10:06:56.214] [INFO ] DataDriver - root.p_Vertices[507]: set x = 1811.185974
[2026-09-18 10:06:56.214] [INFO ] DataDriver - root.p_Vertices[507]: set y = 1120.864441
[2026-09-18 10:06:56.214] [INFO ] DataDriver - root.p_Vertices[507]: set z = 8.0E-6
[2026-09-18 10:06:56.214] [INFO ] DataDriver - root.p_Vertices[508]: set id = "vertex_508"
[2026-09-18 10:06:56.214] [INFO ] DataDriver - root.p_Vertices[508]: set edge_id = "edge_41"
[2026-09-18 10:06:56.214] [INFO ] DataDriver - root.p_Vertices[508]: set edge_index = 35
[2026-09-18 10:06:56.214] [INFO ] DataDriver - root.p_Vertices[508]: set x = 1811.862183
[2026-09-18 10:06:56.214] [INFO ] DataDriver - root.p_Vertices[508]: set y = 1101.966583
[2026-09-18 10:06:56.214] [INFO ] DataDriver - root.p_Vertices[508]: set z = 8.0E-6
[2026-09-18 10:06:56.214] [INFO ] DataDriver - root.p_Vertices[509]: set id = "vertex_509"
[2026-09-18 10:06:56.214] [INFO ] DataDriver - root.p_Vertices[509]: set edge_id = "edge_41"
[2026-09-18 10:06:56.214] [INFO ] DataDriver - root.p_Vertices[509]: set edge_index = 36
[2026-09-18 10:06:56.214] [INFO ] DataDriver - root.p_Vertices[509]: set x = 1811.6517330000001
[2026-09-18 10:06:56.214] [INFO ] DataDriver - root.p_Vertices[509]: set y = 1098.394867
[2026-09-18 10:06:56.214] [INFO ] DataDriver - root.p_Vertices[509]: set z = -8.0E-6
[2026-09-18 10:06:56.214] [INFO ] DataDriver - root.p_Vertices[510]: set id = "vertex_510"
[2026-09-18 10:06:56.214] [INFO ] DataDriver - root.p_Vertices[510]: set edge_id = "edge_41"
[2026-09-18 10:06:56.214] [INFO ] DataDriver - root.p_Vertices[510]: set edge_index = 37
[2026-09-18 10:06:56.214] [INFO ] DataDriver - root.p_Vertices[510]: set x = 1811.23175
[2026-09-18 10:06:56.214] [INFO ] DataDriver - root.p_Vertices[510]: set y = 1095.835175
[2026-09-18 10:06:56.214] [INFO ] DataDriver - root.p_Vertices[510]: set z = 0.0
[2026-09-18 10:06:56.214] [INFO ] DataDriver - root.p_Vertices[511]: set id = "vertex_511"
[2026-09-18 10:06:56.214] [INFO ] DataDriver - root.p_Vertices[511]: set edge_id = "edge_41"
[2026-09-18 10:06:56.214] [INFO ] DataDriver - root.p_Vertices[511]: set edge_index = 38
[2026-09-18 10:06:56.214] [INFO ] DataDriver - root.p_Vertices[511]: set x = 1810.648376
[2026-09-18 10:06:56.214] [INFO ] DataDriver - root.p_Vertices[511]: set y = 1094.020935
[2026-09-18 10:06:56.214] [INFO ] DataDriver - root.p_Vertices[511]: set z = 0.0
[2026-09-18 10:06:56.214] [INFO ] DataDriver - root.p_Vertices[512]: set id = "vertex_512"
[2026-09-18 10:06:56.214] [INFO ] DataDriver - root.p_Vertices[512]: set edge_id = "edge_41"
[2026-09-18 10:06:56.214] [INFO ] DataDriver - root.p_Vertices[512]: set edge_index = 39
[2026-09-18 10:06:56.214] [INFO ] DataDriver - root.p_Vertices[512]: set x = 1809.9331670000001
[2026-09-18 10:06:56.214] [INFO ] DataDriver - root.p_Vertices[512]: set y = 1092.59613
[2026-09-18 10:06:56.215] [INFO ] DataDriver - root.p_Vertices[512]: set z = -8.0E-6
[2026-09-18 10:06:56.215] [INFO ] DataDriver - root.p_Vertices[513]: set id = "vertex_513"
[2026-09-18 10:06:56.215] [INFO ] DataDriver - root.p_Vertices[513]: set edge_id = "edge_41"
[2026-09-18 10:06:56.215] [INFO ] DataDriver - root.p_Vertices[513]: set edge_index = 40
[2026-09-18 10:06:56.215] [INFO ] DataDriver - root.p_Vertices[513]: set x = 1809.021606
[2026-09-18 10:06:56.215] [INFO ] DataDriver - root.p_Vertices[513]: set y = 1091.475098
[2026-09-18 10:06:56.215] [INFO ] DataDriver - root.p_Vertices[513]: set z = 0.0
[2026-09-18 10:06:56.215] [INFO ] DataDriver - root.p_Vertices[514]: set id = "vertex_514"
[2026-09-18 10:06:56.215] [INFO ] DataDriver - root.p_Vertices[514]: set edge_id = "edge_41"
[2026-09-18 10:06:56.215] [INFO ] DataDriver - root.p_Vertices[514]: set edge_index = 41
[2026-09-18 10:06:56.215] [INFO ] DataDriver - root.p_Vertices[514]: set x = 1807.850891
[2026-09-18 10:06:56.215] [INFO ] DataDriver - root.p_Vertices[514]: set y = 1090.687927
[2026-09-18 10:06:56.215] [INFO ] DataDriver - root.p_Vertices[514]: set z = 8.0E-6
[2026-09-18 10:06:56.215] [INFO ] DataDriver - root.p_Vertices[515]: set id = "vertex_515"
[2026-09-18 10:06:56.215] [INFO ] DataDriver - root.p_Vertices[515]: set edge_id = "edge_41"
[2026-09-18 10:06:56.215] [INFO ] DataDriver - root.p_Vertices[515]: set edge_index = 42
[2026-09-18 10:06:56.215] [INFO ] DataDriver - root.p_Vertices[515]: set x = 1806.486206
[2026-09-18 10:06:56.215] [INFO ] DataDriver - root.p_Vertices[515]: set y = 1090.142578
[2026-09-18 10:06:56.215] [INFO ] DataDriver - root.p_Vertices[515]: set z = 0.0
[2026-09-18 10:06:56.215] [INFO ] DataDriver - root.p_Vertices[516]: set id = "vertex_516"
[2026-09-18 10:06:56.215] [INFO ] DataDriver - root.p_Vertices[516]: set edge_id = "edge_41"
[2026-09-18 10:06:56.215] [INFO ] DataDriver - root.p_Vertices[516]: set edge_index = 43
[2026-09-18 10:06:56.215] [INFO ] DataDriver - root.p_Vertices[516]: set x = 1805.008057
[2026-09-18 10:06:56.215] [INFO ] DataDriver - root.p_Vertices[516]: set y = 1089.7301029999999
[2026-09-18 10:06:56.215] [INFO ] DataDriver - root.p_Vertices[516]: set z = 8.0E-6
[2026-09-18 10:06:56.215] [INFO ] DataDriver - root.p_Vertices[517]: set id = "vertex_517"
[2026-09-18 10:06:56.215] [INFO ] DataDriver - root.p_Vertices[517]: set edge_id = "edge_41"
[2026-09-18 10:06:56.215] [INFO ] DataDriver - root.p_Vertices[517]: set edge_index = 44
[2026-09-18 10:06:56.215] [INFO ] DataDriver - root.p_Vertices[517]: set x = 1803.417786
[2026-09-18 10:06:56.215] [INFO ] DataDriver - root.p_Vertices[517]: set y = 1089.434509
[2026-09-18 10:06:56.215] [INFO ] DataDriver - root.p_Vertices[517]: set z = 0.0
[2026-09-18 10:06:56.215] [INFO ] DataDriver - root.p_Vertices[518]: set id = "vertex_518"
[2026-09-18 10:06:56.215] [INFO ] DataDriver - root.p_Vertices[518]: set edge_id = "edge_41"
[2026-09-18 10:06:56.215] [INFO ] DataDriver - root.p_Vertices[518]: set edge_index = 45
[2026-09-18 10:06:56.215] [INFO ] DataDriver - root.p_Vertices[518]: set x = 1801.688965
[2026-09-18 10:06:56.215] [INFO ] DataDriver - root.p_Vertices[518]: set y = 1089.273193
[2026-09-18 10:06:56.215] [INFO ] DataDriver - root.p_Vertices[518]: set z = 0.0
[2026-09-18 10:06:56.215] [INFO ] DataDriver - root.p_Vertices[519]: set id = "vertex_519"
[2026-09-18 10:06:56.215] [INFO ] DataDriver - root.p_Vertices[519]: set edge_id = "edge_41"
[2026-09-18 10:06:56.215] [INFO ] DataDriver - root.p_Vertices[519]: set edge_index = 46
[2026-09-18 10:06:56.215] [INFO ] DataDriver - root.p_Vertices[519]: set x = 1795.330078
[2026-09-18 10:06:56.215] [INFO ] DataDriver - root.p_Vertices[519]: set y = 1089.342804
[2026-09-18 10:06:56.215] [INFO ] DataDriver - root.p_Vertices[519]: set z = 8.0E-6
[2026-09-18 10:06:56.215] [INFO ] DataDriver - root.p_Vertices[520]: set id = "vertex_520"
[2026-09-18 10:06:56.215] [INFO ] DataDriver - root.p_Vertices[520]: set edge_id = "edge_41"
[2026-09-18 10:06:56.215] [INFO ] DataDriver - root.p_Vertices[520]: set edge_index = 47
[2026-09-18 10:06:56.215] [INFO ] DataDriver - root.p_Vertices[520]: set x = 1785.152344
[2026-09-18 10:06:56.215] [INFO ] DataDriver - root.p_Vertices[520]: set y = 1090.4472660000001
[2026-09-18 10:06:56.215] [INFO ] DataDriver - root.p_Vertices[520]: set z = 0.0
[2026-09-18 10:06:56.215] [INFO ] DataDriver - root.p_Vertices[521]: set id = "vertex_521"
[2026-09-18 10:06:56.215] [INFO ] DataDriver - root.p_Vertices[521]: set edge_id = "edge_41"
[2026-09-18 10:06:56.215] [INFO ] DataDriver - root.p_Vertices[521]: set edge_index = 48
[2026-09-18 10:06:56.215] [INFO ] DataDriver - root.p_Vertices[521]: set x = 1775.691162
[2026-09-18 10:06:56.215] [INFO ] DataDriver - root.p_Vertices[521]: set y = 1092.344849
[2026-09-18 10:06:56.215] [INFO ] DataDriver - root.p_Vertices[521]: set z = 0.0
[2026-09-18 10:06:56.215] [INFO ] DataDriver - root.p_Vertices[522]: set id = "vertex_522"
[2026-09-18 10:06:56.215] [INFO ] DataDriver - root.p_Vertices[522]: set edge_id = "edge_41"
[2026-09-18 10:06:56.215] [INFO ] DataDriver - root.p_Vertices[522]: set edge_index = 49
[2026-09-18 10:06:56.215] [INFO ] DataDriver - root.p_Vertices[522]: set x = 1657.5458979999999
[2026-09-18 10:06:56.215] [INFO ] DataDriver - root.p_Vertices[522]: set y = 1126.94751
[2026-09-18 10:06:56.215] [INFO ] DataDriver - root.p_Vertices[522]: set z = 0.0
[2026-09-18 10:06:56.215] [INFO ] DataDriver - root.p_Vertices[523]: set id = "vertex_523"
[2026-09-18 10:06:56.215] [INFO ] DataDriver - root.p_Vertices[523]: set edge_id = "edge_41"
[2026-09-18 10:06:56.215] [INFO ] DataDriver - root.p_Vertices[523]: set edge_index = 50
[2026-09-18 10:06:56.215] [INFO ] DataDriver - root.p_Vertices[523]: set x = 1622.821594
[2026-09-18 10:06:56.215] [INFO ] DataDriver - root.p_Vertices[523]: set y = 1132.6049189999999
[2026-09-18 10:06:56.215] [INFO ] DataDriver - root.p_Vertices[523]: set z = -8.0E-6
[2026-09-18 10:06:56.215] [INFO ] DataDriver - root.p_Vertices[524]: set id = "vertex_524"
[2026-09-18 10:06:56.215] [INFO ] DataDriver - root.p_Vertices[524]: set edge_id = "edge_41"
[2026-09-18 10:06:56.215] [INFO ] DataDriver - root.p_Vertices[524]: set edge_index = 51
[2026-09-18 10:06:56.215] [INFO ] DataDriver - root.p_Vertices[524]: set x = 1606.2238459999999
[2026-09-18 10:06:56.215] [INFO ] DataDriver - root.p_Vertices[524]: set y = 1133.701569
[2026-09-18 10:06:56.215] [INFO ] DataDriver - root.p_Vertices[524]: set z = 0.0
[2026-09-18 10:06:56.215] [INFO ] DataDriver - root.p_Vertices[525]: set id = "vertex_525"
[2026-09-18 10:06:56.215] [INFO ] DataDriver - root.p_Vertices[525]: set edge_id = "edge_41"
[2026-09-18 10:06:56.215] [INFO ] DataDriver - root.p_Vertices[525]: set edge_index = 52
[2026-09-18 10:06:56.215] [INFO ] DataDriver - root.p_Vertices[525]: set x = 1601.677948
[2026-09-18 10:06:56.215] [INFO ] DataDriver - root.p_Vertices[525]: set y = 1133.37149
[2026-09-18 10:06:56.215] [INFO ] DataDriver - root.p_Vertices[525]: set z = 8.0E-6
[2026-09-18 10:06:56.215] [INFO ] DataDriver - root.p_Vertices[526]: set id = "vertex_526"
[2026-09-18 10:06:56.215] [INFO ] DataDriver - root.p_Vertices[526]: set edge_id = "edge_41"
[2026-09-18 10:06:56.215] [INFO ] DataDriver - root.p_Vertices[526]: set edge_index = 53
[2026-09-18 10:06:56.215] [INFO ] DataDriver - root.p_Vertices[526]: set x = 1597.473694
[2026-09-18 10:06:56.215] [INFO ] DataDriver - root.p_Vertices[526]: set y = 1132.497986
[2026-09-18 10:06:56.216] [INFO ] DataDriver - root.p_Vertices[526]: set z = 0.0
[2026-09-18 10:06:56.216] [INFO ] DataDriver - root.p_Vertices[527]: set id = "vertex_527"
[2026-09-18 10:06:56.216] [INFO ] DataDriver - root.p_Vertices[527]: set edge_id = "edge_41"
[2026-09-18 10:06:56.216] [INFO ] DataDriver - root.p_Vertices[527]: set edge_index = 54
[2026-09-18 10:06:56.216] [INFO ] DataDriver - root.p_Vertices[527]: set x = 1593.540009
[2026-09-18 10:06:56.216] [INFO ] DataDriver - root.p_Vertices[527]: set y = 1131.224274
[2026-09-18 10:06:56.216] [INFO ] DataDriver - root.p_Vertices[527]: set z = 1.5E-5
[2026-09-18 10:06:56.216] [INFO ] DataDriver - root.p_Vertices[528]: set id = "vertex_528"
[2026-09-18 10:06:56.216] [INFO ] DataDriver - root.p_Vertices[528]: set edge_id = "edge_41"
[2026-09-18 10:06:56.216] [INFO ] DataDriver - root.p_Vertices[528]: set edge_index = 55
[2026-09-18 10:06:56.216] [INFO ] DataDriver - root.p_Vertices[528]: set x = 1589.87381
[2026-09-18 10:06:56.216] [INFO ] DataDriver - root.p_Vertices[528]: set y = 1129.723358
[2026-09-18 10:06:56.216] [INFO ] DataDriver - root.p_Vertices[528]: set z = 8.0E-6
[2026-09-18 10:06:56.216] [INFO ] DataDriver - root.p_Vertices[529]: set id = "vertex_529"
[2026-09-18 10:06:56.216] [INFO ] DataDriver - root.p_Vertices[529]: set edge_id = "edge_41"
[2026-09-18 10:06:56.216] [INFO ] DataDriver - root.p_Vertices[529]: set edge_index = 56
[2026-09-18 10:06:56.216] [INFO ] DataDriver - root.p_Vertices[529]: set x = 1586.657135
[2026-09-18 10:06:56.216] [INFO ] DataDriver - root.p_Vertices[529]: set y = 1128.010956
[2026-09-18 10:06:56.216] [INFO ] DataDriver - root.p_Vertices[529]: set z = 0.0
[2026-09-18 10:06:56.216] [INFO ] DataDriver - root.p_Vertices[530]: set id = "vertex_530"
[2026-09-18 10:06:56.216] [INFO ] DataDriver - root.p_Vertices[530]: set edge_id = "edge_41"
[2026-09-18 10:06:56.216] [INFO ] DataDriver - root.p_Vertices[530]: set edge_index = 57
[2026-09-18 10:06:56.216] [INFO ] DataDriver - root.p_Vertices[530]: set x = 1584.0390929999999
[2026-09-18 10:06:56.216] [INFO ] DataDriver - root.p_Vertices[530]: set y = 1126.050629
[2026-09-18 10:06:56.216] [INFO ] DataDriver - root.p_Vertices[530]: set z = 8.0E-6
[2026-09-18 10:06:56.216] [INFO ] DataDriver - root.p_Vertices[531]: set id = "vertex_531"
[2026-09-18 10:06:56.216] [INFO ] DataDriver - root.p_Vertices[531]: set edge_id = "edge_41"
[2026-09-18 10:06:56.216] [INFO ] DataDriver - root.p_Vertices[531]: set edge_index = 58
[2026-09-18 10:06:56.216] [INFO ] DataDriver - root.p_Vertices[531]: set x = 1581.864807
[2026-09-18 10:06:56.216] [INFO ] DataDriver - root.p_Vertices[531]: set y = 1123.902649
[2026-09-18 10:06:56.216] [INFO ] DataDriver - root.p_Vertices[531]: set z = 0.0
[2026-09-18 10:06:56.216] [INFO ] DataDriver - root.p_Vertices[532]: set id = "vertex_532"
[2026-09-18 10:06:56.216] [INFO ] DataDriver - root.p_Vertices[532]: set edge_id = "edge_41"
[2026-09-18 10:06:56.216] [INFO ] DataDriver - root.p_Vertices[532]: set edge_index = 59
[2026-09-18 10:06:56.216] [INFO ] DataDriver - root.p_Vertices[532]: set x = 1579.936432
[2026-09-18 10:06:56.216] [INFO ] DataDriver - root.p_Vertices[532]: set y = 1121.62204
[2026-09-18 10:06:56.216] [INFO ] DataDriver - root.p_Vertices[532]: set z = 8.0E-6
[2026-09-18 10:06:56.216] [INFO ] DataDriver - root.p_Vertices[533]: set id = "vertex_533"
[2026-09-18 10:06:56.216] [INFO ] DataDriver - root.p_Vertices[533]: set edge_id = "edge_41"
[2026-09-18 10:06:56.216] [INFO ] DataDriver - root.p_Vertices[533]: set edge_index = 60
[2026-09-18 10:06:56.216] [INFO ] DataDriver - root.p_Vertices[533]: set x = 1578.226227
[2026-09-18 10:06:56.216] [INFO ] DataDriver - root.p_Vertices[533]: set y = 1119.169769
[2026-09-18 10:06:56.216] [INFO ] DataDriver - root.p_Vertices[533]: set z = 0.0
[2026-09-18 10:06:56.216] [INFO ] DataDriver - root.p_Vertices[534]: set id = "vertex_534"
[2026-09-18 10:06:56.216] [INFO ] DataDriver - root.p_Vertices[534]: set edge_id = "edge_41"
[2026-09-18 10:06:56.216] [INFO ] DataDriver - root.p_Vertices[534]: set edge_index = 61
[2026-09-18 10:06:56.216] [INFO ] DataDriver - root.p_Vertices[534]: set x = 1576.770569
[2026-09-18 10:06:56.216] [INFO ] DataDriver - root.p_Vertices[534]: set y = 1116.4994510000001
[2026-09-18 10:06:56.216] [INFO ] DataDriver - root.p_Vertices[534]: set z = 8.0E-6
[2026-09-18 10:06:56.216] [INFO ] DataDriver - root.p_Vertices[535]: set id = "vertex_535"
[2026-09-18 10:06:56.216] [INFO ] DataDriver - root.p_Vertices[535]: set edge_id = "edge_41"
[2026-09-18 10:06:56.216] [INFO ] DataDriver - root.p_Vertices[535]: set edge_index = 62
[2026-09-18 10:06:56.216] [INFO ] DataDriver - root.p_Vertices[535]: set x = 1574.439178
[2026-09-18 10:06:56.216] [INFO ] DataDriver - root.p_Vertices[535]: set y = 1110.8122859999999
[2026-09-18 10:06:56.216] [INFO ] DataDriver - root.p_Vertices[535]: set z = 8.0E-6
[2026-09-18 10:06:56.216] [INFO ] DataDriver - root.p_Vertices[536]: set id = "vertex_536"
[2026-09-18 10:06:56.216] [INFO ] DataDriver - root.p_Vertices[536]: set edge_id = "edge_41"
[2026-09-18 10:06:56.216] [INFO ] DataDriver - root.p_Vertices[536]: set edge_index = 63
[2026-09-18 10:06:56.216] [INFO ] DataDriver - root.p_Vertices[536]: set x = 1573.621094
[2026-09-18 10:06:56.216] [INFO ] DataDriver - root.p_Vertices[536]: set y = 1107.987183
[2026-09-18 10:06:56.216] [INFO ] DataDriver - root.p_Vertices[536]: set z = 0.0
[2026-09-18 10:06:56.216] [INFO ] DataDriver - root.p_Vertices[537]: set id = "vertex_537"
[2026-09-18 10:06:56.216] [INFO ] DataDriver - root.p_Vertices[537]: set edge_id = "edge_41"
[2026-09-18 10:06:56.216] [INFO ] DataDriver - root.p_Vertices[537]: set edge_index = 64
[2026-09-18 10:06:56.216] [INFO ] DataDriver - root.p_Vertices[537]: set x = 1573.1450810000001
[2026-09-18 10:06:56.216] [INFO ] DataDriver - root.p_Vertices[537]: set y = 1105.238464
[2026-09-18 10:06:56.217] [INFO ] DataDriver - root.p_Vertices[537]: set z = 8.0E-6
[2026-09-18 10:06:56.217] [INFO ] DataDriver - root.p_Vertices[538]: set id = "vertex_538"
[2026-09-18 10:06:56.217] [INFO ] DataDriver - root.p_Vertices[538]: set edge_id = "edge_41"
[2026-09-18 10:06:56.217] [INFO ] DataDriver - root.p_Vertices[538]: set edge_index = 65
[2026-09-18 10:06:56.217] [INFO ] DataDriver - root.p_Vertices[538]: set x = 1572.942505
[2026-09-18 10:06:56.217] [INFO ] DataDriver - root.p_Vertices[538]: set y = 1102.54126
[2026-09-18 10:06:56.217] [INFO ] DataDriver - root.p_Vertices[538]: set z = 0.0
[2026-09-18 10:06:56.217] [INFO ] DataDriver - root.p_Vertices[539]: set id = "vertex_539"
[2026-09-18 10:06:56.217] [INFO ] DataDriver - root.p_Vertices[539]: set edge_id = "edge_41"
[2026-09-18 10:06:56.217] [INFO ] DataDriver - root.p_Vertices[539]: set edge_index = 66
[2026-09-18 10:06:56.217] [INFO ] DataDriver - root.p_Vertices[539]: set x = 1572.958435
[2026-09-18 10:06:56.217] [INFO ] DataDriver - root.p_Vertices[539]: set y = 1099.853088
[2026-09-18 10:06:56.217] [INFO ] DataDriver - root.p_Vertices[539]: set z = 0.0
[2026-09-18 10:06:56.217] [INFO ] DataDriver - root.p_Vertices[540]: set id = "vertex_540"
[2026-09-18 10:06:56.217] [INFO ] DataDriver - root.p_Vertices[540]: set edge_id = "edge_41"
[2026-09-18 10:06:56.217] [INFO ] DataDriver - root.p_Vertices[540]: set edge_index = 67
[2026-09-18 10:06:56.217] [INFO ] DataDriver - root.p_Vertices[540]: set x = 1573.278442
[2026-09-18 10:06:56.217] [INFO ] DataDriver - root.p_Vertices[540]: set y = 1097.144653
[2026-09-18 10:06:56.217] [INFO ] DataDriver - root.p_Vertices[540]: set z = 0.0
[2026-09-18 10:06:56.217] [INFO ] DataDriver - root.p_Vertices[541]: set id = "vertex_541"
[2026-09-18 10:06:56.217] [INFO ] DataDriver - root.p_Vertices[541]: set edge_id = "edge_41"
[2026-09-18 10:06:56.217] [INFO ] DataDriver - root.p_Vertices[541]: set edge_index = 68
[2026-09-18 10:06:56.217] [INFO ] DataDriver - root.p_Vertices[541]: set x = 1573.991089
[2026-09-18 10:06:56.217] [INFO ] DataDriver - root.p_Vertices[541]: set y = 1094.400146
[2026-09-18 10:06:56.217] [INFO ] DataDriver - root.p_Vertices[541]: set z = -8.0E-6
[2026-09-18 10:06:56.217] [INFO ] DataDriver - root.p_Vertices[542]: set id = "vertex_542"
[2026-09-18 10:06:56.217] [INFO ] DataDriver - root.p_Vertices[542]: set edge_id = "edge_41"
[2026-09-18 10:06:56.217] [INFO ] DataDriver - root.p_Vertices[542]: set edge_index = 69
[2026-09-18 10:06:56.217] [INFO ] DataDriver - root.p_Vertices[542]: set x = 1575.019196
[2026-09-18 10:06:56.217] [INFO ] DataDriver - root.p_Vertices[542]: set y = 1091.595795
[2026-09-18 10:06:56.217] [INFO ] DataDriver - root.p_Vertices[542]: set z = 0.0
[2026-09-18 10:06:56.217] [INFO ] DataDriver - root.p_Vertices[543]: set id = "vertex_543"
[2026-09-18 10:06:56.217] [INFO ] DataDriver - root.p_Vertices[543]: set edge_id = "edge_42"
[2026-09-18 10:06:56.217] [INFO ] DataDriver - root.p_Vertices[543]: set edge_index = 17
[2026-09-18 10:06:56.217] [INFO ] DataDriver - root.p_Vertices[543]: set x = 1517.530304
[2026-09-18 10:06:56.217] [INFO ] DataDriver - root.p_Vertices[543]: set y = 1082.878632
[2026-09-18 10:06:56.217] [INFO ] DataDriver - root.p_Vertices[543]: set z = 8.0E-6
[2026-09-18 10:06:56.217] [INFO ] DataDriver - root.p_Vertices[544]: set id = "vertex_544"
[2026-09-18 10:06:56.217] [INFO ] DataDriver - root.p_Vertices[544]: set edge_id = "edge_42"
[2026-09-18 10:06:56.217] [INFO ] DataDriver - root.p_Vertices[544]: set edge_index = 16
[2026-09-18 10:06:56.217] [INFO ] DataDriver - root.p_Vertices[544]: set x = 1504.425476
[2026-09-18 10:06:56.217] [INFO ] DataDriver - root.p_Vertices[544]: set y = 1084.502747
[2026-09-18 10:06:56.217] [INFO ] DataDriver - root.p_Vertices[544]: set z = 0.0
[2026-09-18 10:06:56.217] [INFO ] DataDriver - root.p_Vertices[545]: set id = "vertex_545"
[2026-09-18 10:06:56.217] [INFO ] DataDriver - root.p_Vertices[545]: set edge_id = "edge_42"
[2026-09-18 10:06:56.217] [INFO ] DataDriver - root.p_Vertices[545]: set edge_index = 15
[2026-09-18 10:06:56.217] [INFO ] DataDriver - root.p_Vertices[545]: set x = 1451.420654
[2026-09-18 10:06:56.217] [INFO ] DataDriver - root.p_Vertices[545]: set y = 1085.5778500000001
[2026-09-18 10:06:56.217] [INFO ] DataDriver - root.p_Vertices[545]: set z = 0.0
[2026-09-18 10:06:56.217] [INFO ] DataDriver - root.p_Vertices[546]: set id = "vertex_546"
[2026-09-18 10:06:56.217] [INFO ] DataDriver - root.p_Vertices[546]: set edge_id = "edge_42"
[2026-09-18 10:06:56.217] [INFO ] DataDriver - root.p_Vertices[546]: set edge_index = 14
[2026-09-18 10:06:56.217] [INFO ] DataDriver - root.p_Vertices[546]: set x = 1440.421204
[2026-09-18 10:06:56.217] [INFO ] DataDriver - root.p_Vertices[546]: set y = 1084.536316
[2026-09-18 10:06:56.217] [INFO ] DataDriver - root.p_Vertices[546]: set z = 8.0E-6
[2026-09-18 10:06:56.217] [INFO ] DataDriver - root.p_Vertices[547]: set id = "vertex_547"
[2026-09-18 10:06:56.217] [INFO ] DataDriver - root.p_Vertices[547]: set edge_id = "edge_42"
[2026-09-18 10:06:56.217] [INFO ] DataDriver - root.p_Vertices[547]: set edge_index = 13
[2026-09-18 10:06:56.217] [INFO ] DataDriver - root.p_Vertices[547]: set x = 1429.0723269999999
[2026-09-18 10:06:56.217] [INFO ] DataDriver - root.p_Vertices[547]: set y = 1082.53009
[2026-09-18 10:06:56.217] [INFO ] DataDriver - root.p_Vertices[547]: set z = 1.5E-5
[2026-09-18 10:06:56.217] [INFO ] DataDriver - root.p_Vertices[548]: set id = "vertex_548"
[2026-09-18 10:06:56.217] [INFO ] DataDriver - root.p_Vertices[548]: set edge_id = "edge_42"
[2026-09-18 10:06:56.217] [INFO ] DataDriver - root.p_Vertices[548]: set edge_index = 12
[2026-09-18 10:06:56.217] [INFO ] DataDriver - root.p_Vertices[548]: set x = 1405.777527
[2026-09-18 10:06:56.217] [INFO ] DataDriver - root.p_Vertices[548]: set y = 1076.60321
[2026-09-18 10:06:56.217] [INFO ] DataDriver - root.p_Vertices[548]: set z = -8.0E-6
[2026-09-18 10:06:56.217] [INFO ] DataDriver - root.p_Vertices[549]: set id = "vertex_549"
[2026-09-18 10:06:56.217] [INFO ] DataDriver - root.p_Vertices[549]: set edge_id = "edge_42"
[2026-09-18 10:06:56.217] [INFO ] DataDriver - root.p_Vertices[549]: set edge_index = 11
[2026-09-18 10:06:56.217] [INFO ] DataDriver - root.p_Vertices[549]: set x = 1382.3039549999999
[2026-09-18 10:06:56.217] [INFO ] DataDriver - root.p_Vertices[549]: set y = 1068.676392
[2026-09-18 10:06:56.217] [INFO ] DataDriver - root.p_Vertices[549]: set z = 8.0E-6
[2026-09-18 10:06:56.217] [INFO ] DataDriver - root.p_Vertices[550]: set id = "vertex_550"
[2026-09-18 10:06:56.217] [INFO ] DataDriver - root.p_Vertices[550]: set edge_id = "edge_42"
[2026-09-18 10:06:56.218] [INFO ] DataDriver - root.p_Vertices[550]: set edge_index = 10
[2026-09-18 10:06:56.218] [INFO ] DataDriver - root.p_Vertices[550]: set x = 1348.981567
[2026-09-18 10:06:56.218] [INFO ] DataDriver - root.p_Vertices[550]: set y = 1054.510468
[2026-09-18 10:06:56.218] [INFO ] DataDriver - root.p_Vertices[550]: set z = 8.0E-6
[2026-09-18 10:06:56.218] [INFO ] DataDriver - root.p_Vertices[551]: set id = "vertex_551"
[2026-09-18 10:06:56.218] [INFO ] DataDriver - root.p_Vertices[551]: set edge_id = "edge_42"
[2026-09-18 10:06:56.218] [INFO ] DataDriver - root.p_Vertices[551]: set edge_index = 9
[2026-09-18 10:06:56.218] [INFO ] DataDriver - root.p_Vertices[551]: set x = 1225.574219
[2026-09-18 10:06:56.218] [INFO ] DataDriver - root.p_Vertices[551]: set y = 990.383881
[2026-09-18 10:06:56.218] [INFO ] DataDriver - root.p_Vertices[551]: set z = 8.0E-6
[2026-09-18 10:06:56.218] [INFO ] DataDriver - root.p_Vertices[552]: set id = "vertex_552"
[2026-09-18 10:06:56.218] [INFO ] DataDriver - root.p_Vertices[552]: set edge_id = "edge_42"
[2026-09-18 10:06:56.218] [INFO ] DataDriver - root.p_Vertices[552]: set edge_index = 8
[2026-09-18 10:06:56.218] [INFO ] DataDriver - root.p_Vertices[552]: set x = 1201.39978
[2026-09-18 10:06:56.218] [INFO ] DataDriver - root.p_Vertices[552]: set y = 980.163086
[2026-09-18 10:06:56.218] [INFO ] DataDriver - root.p_Vertices[552]: set z = 8.0E-6
[2026-09-18 10:06:56.218] [INFO ] DataDriver - root.p_Vertices[553]: set id = "vertex_553"
[2026-09-18 10:06:56.218] [INFO ] DataDriver - root.p_Vertices[553]: set edge_id = "edge_42"
[2026-09-18 10:06:56.218] [INFO ] DataDriver - root.p_Vertices[553]: set edge_index = 7
[2026-09-18 10:06:56.218] [INFO ] DataDriver - root.p_Vertices[553]: set x = 1193.169617
[2026-09-18 10:06:56.218] [INFO ] DataDriver - root.p_Vertices[553]: set y = 977.370285
[2026-09-18 10:06:56.218] [INFO ] DataDriver - root.p_Vertices[553]: set z = 0.0
[2026-09-18 10:06:56.218] [INFO ] DataDriver - root.p_Vertices[554]: set id = "vertex_554"
[2026-09-18 10:06:56.218] [INFO ] DataDriver - root.p_Vertices[554]: set edge_id = "edge_42"
[2026-09-18 10:06:56.218] [INFO ] DataDriver - root.p_Vertices[554]: set edge_index = 6
[2026-09-18 10:06:56.218] [INFO ] DataDriver - root.p_Vertices[554]: set x = 880.262573
[2026-09-18 10:06:56.218] [INFO ] DataDriver - root.p_Vertices[554]: set y = 895.53447
[2026-09-18 10:06:56.218] [INFO ] DataDriver - root.p_Vertices[554]: set z = 0.0
[2026-09-18 10:06:56.218] [INFO ] DataDriver - root.p_Vertices[555]: set id = "vertex_555"
[2026-09-18 10:06:56.218] [INFO ] DataDriver - root.p_Vertices[555]: set edge_id = "edge_42"
[2026-09-18 10:06:56.218] [INFO ] DataDriver - root.p_Vertices[555]: set edge_index = 5
[2026-09-18 10:06:56.218] [INFO ] DataDriver - root.p_Vertices[555]: set x = 871.525879
[2026-09-18 10:06:56.218] [INFO ] DataDriver - root.p_Vertices[555]: set y = 892.130692
[2026-09-18 10:06:56.218] [INFO ] DataDriver - root.p_Vertices[555]: set z = 0.0
[2026-09-18 10:06:56.218] [INFO ] DataDriver - root.p_Vertices[556]: set id = "vertex_556"
[2026-09-18 10:06:56.218] [INFO ] DataDriver - root.p_Vertices[556]: set edge_id = "edge_42"
[2026-09-18 10:06:56.218] [INFO ] DataDriver - root.p_Vertices[556]: set edge_index = 4
[2026-09-18 10:06:56.218] [INFO ] DataDriver - root.p_Vertices[556]: set x = 820.464966
[2026-09-18 10:06:56.218] [INFO ] DataDriver - root.p_Vertices[556]: set y = 866.472321
[2026-09-18 10:06:56.218] [INFO ] DataDriver - root.p_Vertices[556]: set z = 8.0E-6
[2026-09-18 10:06:56.218] [INFO ] DataDriver - root.p_Vertices[557]: set id = "vertex_557"
[2026-09-18 10:06:56.218] [INFO ] DataDriver - root.p_Vertices[557]: set edge_id = "edge_42"
[2026-09-18 10:06:56.218] [INFO ] DataDriver - root.p_Vertices[557]: set edge_index = 3
[2026-09-18 10:06:56.218] [INFO ] DataDriver - root.p_Vertices[557]: set x = 799.86438
[2026-09-18 10:06:56.218] [INFO ] DataDriver - root.p_Vertices[557]: set y = 853.852646
[2026-09-18 10:06:56.218] [INFO ] DataDriver - root.p_Vertices[557]: set z = 0.0
[2026-09-18 10:06:56.218] [INFO ] DataDriver - root.p_Vertices[558]: set id = "vertex_558"
[2026-09-18 10:06:56.218] [INFO ] DataDriver - root.p_Vertices[558]: set edge_id = "edge_42"
[2026-09-18 10:06:56.218] [INFO ] DataDriver - root.p_Vertices[558]: set edge_index = 2
[2026-09-18 10:06:56.218] [INFO ] DataDriver - root.p_Vertices[558]: set x = 771.956055
[2026-09-18 10:06:56.218] [INFO ] DataDriver - root.p_Vertices[558]: set y = 833.440491
[2026-09-18 10:06:56.218] [INFO ] DataDriver - root.p_Vertices[558]: set z = 1.5E-5
[2026-09-18 10:06:56.218] [INFO ] DataDriver - root.p_Vertices[559]: set id = "vertex_559"
[2026-09-18 10:06:56.218] [INFO ] DataDriver - root.p_Vertices[559]: set edge_id = "edge_42"
[2026-09-18 10:06:56.218] [INFO ] DataDriver - root.p_Vertices[559]: set edge_index = 1
[2026-09-18 10:06:56.218] [INFO ] DataDriver - root.p_Vertices[559]: set x = 743.0546879999999
[2026-09-18 10:06:56.218] [INFO ] DataDriver - root.p_Vertices[559]: set y = 808.799225
[2026-09-18 10:06:56.218] [INFO ] DataDriver - root.p_Vertices[559]: set z = 8.0E-6
[2026-09-18 10:06:56.218] [INFO ] DataDriver - root.p_Vertices[560]: set id = "vertex_560"
[2026-09-18 10:06:56.218] [INFO ] DataDriver - root.p_Vertices[560]: set edge_id = "edge_42"
[2026-09-18 10:06:56.218] [INFO ] DataDriver - root.p_Vertices[560]: set edge_index = 0
[2026-09-18 10:06:56.218] [INFO ] DataDriver - root.p_Vertices[560]: set x = 735.160034
[2026-09-18 10:06:56.218] [INFO ] DataDriver - root.p_Vertices[560]: set y = 803.256348
[2026-09-18 10:06:56.218] [INFO ] DataDriver - root.p_Vertices[560]: set z = -8.0E-6
[2026-09-18 10:06:56.218] [INFO ] DataDriver - root.p_Vertices[561]: set id = "vertex_561"
[2026-09-18 10:06:56.218] [INFO ] DataDriver - root.p_Vertices[561]: set edge_id = "edge_44"
[2026-09-18 10:06:56.218] [INFO ] DataDriver - root.p_Vertices[561]: set edge_index = 0
[2026-09-18 10:06:56.218] [INFO ] DataDriver - root.p_Vertices[561]: set x = 2819.417969
[2026-09-18 10:06:56.218] [INFO ] DataDriver - root.p_Vertices[561]: set y = 1013.669708
[2026-09-18 10:06:56.218] [INFO ] DataDriver - root.p_Vertices[561]: set z = 0.0
[2026-09-18 10:06:56.219] [INFO ] DataDriver - root.p_Vertices[562]: set id = "vertex_562"
[2026-09-18 10:06:56.219] [INFO ] DataDriver - root.p_Vertices[562]: set edge_id = "edge_44"
[2026-09-18 10:06:56.219] [INFO ] DataDriver - root.p_Vertices[562]: set edge_index = 1
[2026-09-18 10:06:56.219] [INFO ] DataDriver - root.p_Vertices[562]: set x = 2815.758789
[2026-09-18 10:06:56.219] [INFO ] DataDriver - root.p_Vertices[562]: set y = 1011.643127
[2026-09-18 10:06:56.219] [INFO ] DataDriver - root.p_Vertices[562]: set z = 0.0
[2026-09-18 10:06:56.219] [INFO ] DataDriver - root.p_Vertices[563]: set id = "vertex_563"
[2026-09-18 10:06:56.219] [INFO ] DataDriver - root.p_Vertices[563]: set edge_id = "edge_45"
[2026-09-18 10:06:56.219] [INFO ] DataDriver - root.p_Vertices[563]: set edge_index = 0
[2026-09-18 10:06:56.219] [INFO ] DataDriver - root.p_Vertices[563]: set x = 2785.315308
[2026-09-18 10:06:56.219] [INFO ] DataDriver - root.p_Vertices[563]: set y = 1020.240143
[2026-09-18 10:06:56.219] [INFO ] DataDriver - root.p_Vertices[563]: set z = 1.5E-5
[2026-09-18 10:06:56.219] [INFO ] DataDriver - root.p_Vertices[564]: set id = "vertex_564"
[2026-09-18 10:06:56.219] [INFO ] DataDriver - root.p_Vertices[564]: set edge_id = "edge_48"
[2026-09-18 10:06:56.219] [INFO ] DataDriver - root.p_Vertices[564]: set edge_index = 11
[2026-09-18 10:06:56.219] [INFO ] DataDriver - root.p_Vertices[564]: set x = 2422.916504
[2026-09-18 10:06:56.219] [INFO ] DataDriver - root.p_Vertices[564]: set y = 1161.067963
[2026-09-18 10:06:56.219] [INFO ] DataDriver - root.p_Vertices[564]: set z = 0.0
[2026-09-18 10:06:56.219] [INFO ] DataDriver - root.p_Vertices[565]: set id = "vertex_565"
[2026-09-18 10:06:56.219] [INFO ] DataDriver - root.p_Vertices[565]: set edge_id = "edge_48"
[2026-09-18 10:06:56.219] [INFO ] DataDriver - root.p_Vertices[565]: set edge_index = 10
[2026-09-18 10:06:56.219] [INFO ] DataDriver - root.p_Vertices[565]: set x = 2425.735107
[2026-09-18 10:06:56.219] [INFO ] DataDriver - root.p_Vertices[565]: set y = 1157.651642
[2026-09-18 10:06:56.219] [INFO ] DataDriver - root.p_Vertices[565]: set z = -8.0E-6
[2026-09-18 10:06:56.219] [INFO ] DataDriver - root.p_Vertices[566]: set id = "vertex_566"
[2026-09-18 10:06:56.219] [INFO ] DataDriver - root.p_Vertices[566]: set edge_id = "edge_48"
[2026-09-18 10:06:56.219] [INFO ] DataDriver - root.p_Vertices[566]: set edge_index = 9
[2026-09-18 10:06:56.219] [INFO ] DataDriver - root.p_Vertices[566]: set x = 2428.251831
[2026-09-18 10:06:56.219] [INFO ] DataDriver - root.p_Vertices[566]: set y = 1153.89502
[2026-09-18 10:06:56.219] [INFO ] DataDriver - root.p_Vertices[566]: set z = 0.0
[2026-09-18 10:06:56.219] [INFO ] DataDriver - root.p_Vertices[567]: set id = "vertex_567"
[2026-09-18 10:06:56.219] [INFO ] DataDriver - root.p_Vertices[567]: set edge_id = "edge_48"
[2026-09-18 10:06:56.219] [INFO ] DataDriver - root.p_Vertices[567]: set edge_index = 8
[2026-09-18 10:06:56.219] [INFO ] DataDriver - root.p_Vertices[567]: set x = 2430.3916019999997
[2026-09-18 10:06:56.219] [INFO ] DataDriver - root.p_Vertices[567]: set y = 1149.9052120000001
[2026-09-18 10:06:56.219] [INFO ] DataDriver - root.p_Vertices[567]: set z = 0.0
[2026-09-18 10:06:56.219] [INFO ] DataDriver - root.p_Vertices[568]: set id = "vertex_568"
[2026-09-18 10:06:56.219] [INFO ] DataDriver - root.p_Vertices[568]: set edge_id = "edge_48"
[2026-09-18 10:06:56.219] [INFO ] DataDriver - root.p_Vertices[568]: set edge_index = 7
[2026-09-18 10:06:56.219] [INFO ] DataDriver - root.p_Vertices[568]: set x = 2432.11731
[2026-09-18 10:06:56.219] [INFO ] DataDriver - root.p_Vertices[568]: set y = 1145.745209
[2026-09-18 10:06:56.219] [INFO ] DataDriver - root.p_Vertices[568]: set z = 8.0E-6
[2026-09-18 10:06:56.219] [INFO ] DataDriver - root.p_Vertices[569]: set id = "vertex_569"
[2026-09-18 10:06:56.219] [INFO ] DataDriver - root.p_Vertices[569]: set edge_id = "edge_48"
[2026-09-18 10:06:56.219] [INFO ] DataDriver - root.p_Vertices[569]: set edge_index = 6
[2026-09-18 10:06:56.219] [INFO ] DataDriver - root.p_Vertices[569]: set x = 2433.418701
[2026-09-18 10:06:56.219] [INFO ] DataDriver - root.p_Vertices[569]: set y = 1141.439026
[2026-09-18 10:06:56.219] [INFO ] DataDriver - root.p_Vertices[569]: set z = 8.0E-6
[2026-09-18 10:06:56.219] [INFO ] DataDriver - root.p_Vertices[570]: set id = "vertex_570"
[2026-09-18 10:06:56.219] [INFO ] DataDriver - root.p_Vertices[570]: set edge_id = "edge_48"
[2026-09-18 10:06:56.219] [INFO ] DataDriver - root.p_Vertices[570]: set edge_index = 5
[2026-09-18 10:06:56.219] [INFO ] DataDriver - root.p_Vertices[570]: set x = 2434.280884
[2026-09-18 10:06:56.219] [INFO ] DataDriver - root.p_Vertices[570]: set y = 1137.043274
[2026-09-18 10:06:56.219] [INFO ] DataDriver - root.p_Vertices[570]: set z = -8.0E-6
[2026-09-18 10:06:56.219] [INFO ] DataDriver - root.p_Vertices[571]: set id = "vertex_571"
[2026-09-18 10:06:56.219] [INFO ] DataDriver - root.p_Vertices[571]: set edge_id = "edge_48"
[2026-09-18 10:06:56.219] [INFO ] DataDriver - root.p_Vertices[571]: set edge_index = 4
[2026-09-18 10:06:56.219] [INFO ] DataDriver - root.p_Vertices[571]: set x = 2434.705811
[2026-09-18 10:06:56.219] [INFO ] DataDriver - root.p_Vertices[571]: set y = 1132.575195
[2026-09-18 10:06:56.219] [INFO ] DataDriver - root.p_Vertices[571]: set z = 1.5E-5
[2026-09-18 10:06:56.219] [INFO ] DataDriver - root.p_Vertices[572]: set id = "vertex_572"
[2026-09-18 10:06:56.219] [INFO ] DataDriver - root.p_Vertices[572]: set edge_id = "edge_48"
[2026-09-18 10:06:56.219] [INFO ] DataDriver - root.p_Vertices[572]: set edge_index = 3
[2026-09-18 10:06:56.219] [INFO ] DataDriver - root.p_Vertices[572]: set x = 2434.6960449999997
[2026-09-18 10:06:56.219] [INFO ] DataDriver - root.p_Vertices[572]: set y = 1128.08783
[2026-09-18 10:06:56.219] [INFO ] DataDriver - root.p_Vertices[572]: set z = 0.0
[2026-09-18 10:06:56.219] [INFO ] DataDriver - root.p_Vertices[573]: set id = "vertex_573"
[2026-09-18 10:06:56.219] [INFO ] DataDriver - root.p_Vertices[573]: set edge_id = "edge_48"
[2026-09-18 10:06:56.219] [INFO ] DataDriver - root.p_Vertices[573]: set edge_index = 2
[2026-09-18 10:06:56.219] [INFO ] DataDriver - root.p_Vertices[573]: set x = 2433.888672
[2026-09-18 10:06:56.219] [INFO ] DataDriver - root.p_Vertices[573]: set y = 1121.375244
[2026-09-18 10:06:56.219] [INFO ] DataDriver - root.p_Vertices[573]: set z = 0.0
[2026-09-18 10:06:56.219] [INFO ] DataDriver - root.p_Vertices[574]: set id = "vertex_574"
[2026-09-18 10:06:56.219] [INFO ] DataDriver - root.p_Vertices[574]: set edge_id = "edge_48"
[2026-09-18 10:06:56.219] [INFO ] DataDriver - root.p_Vertices[574]: set edge_index = 1
[2026-09-18 10:06:56.219] [INFO ] DataDriver - root.p_Vertices[574]: set x = 2432.6491699999997
[2026-09-18 10:06:56.220] [INFO ] DataDriver - root.p_Vertices[574]: set y = 1116.827271
[2026-09-18 10:06:56.220] [INFO ] DataDriver - root.p_Vertices[574]: set z = 0.0
[2026-09-18 10:06:56.220] [INFO ] DataDriver - root.p_Vertices[575]: set id = "vertex_575"
[2026-09-18 10:06:56.220] [INFO ] DataDriver - root.p_Vertices[575]: set edge_id = "edge_48"
[2026-09-18 10:06:56.220] [INFO ] DataDriver - root.p_Vertices[575]: set edge_index = 0
[2026-09-18 10:06:56.220] [INFO ] DataDriver - root.p_Vertices[575]: set x = 2431.515503
[2026-09-18 10:06:56.220] [INFO ] DataDriver - root.p_Vertices[575]: set y = 1113.966309
[2026-09-18 10:06:56.220] [INFO ] DataDriver - root.p_Vertices[575]: set z = 8.0E-6
[2026-09-18 10:06:56.220] [INFO ] DataDriver - root.p_Vertices[576]: set id = "vertex_576"
[2026-09-18 10:06:56.220] [INFO ] DataDriver - root.p_Vertices[576]: set edge_id = "edge_51"
[2026-09-18 10:06:56.220] [INFO ] DataDriver - root.p_Vertices[576]: set edge_index = 0
[2026-09-18 10:06:56.220] [INFO ] DataDriver - root.p_Vertices[576]: set x = 1522.95697
[2026-09-18 10:06:56.220] [INFO ] DataDriver - root.p_Vertices[576]: set y = 1073.085022
[2026-09-18 10:06:56.220] [INFO ] DataDriver - root.p_Vertices[576]: set z = 1.5E-5
[2026-09-18 10:06:56.220] [INFO ] DataDriver - root.p_Vertices[577]: set id = "vertex_577"
[2026-09-18 10:06:56.220] [INFO ] DataDriver - root.p_Vertices[577]: set edge_id = "edge_51"
[2026-09-18 10:06:56.220] [INFO ] DataDriver - root.p_Vertices[577]: set edge_index = 1
[2026-09-18 10:06:56.220] [INFO ] DataDriver - root.p_Vertices[577]: set x = 1518.513794
[2026-09-18 10:06:56.220] [INFO ] DataDriver - root.p_Vertices[577]: set y = 1070.260986
[2026-09-18 10:06:56.220] [INFO ] DataDriver - root.p_Vertices[577]: set z = 8.0E-6
[2026-09-18 10:06:56.220] [INFO ] DataDriver - root.p_Vertices[578]: set id = "vertex_578"
[2026-09-18 10:06:56.220] [INFO ] DataDriver - root.p_Vertices[578]: set edge_id = "edge_51"
[2026-09-18 10:06:56.220] [INFO ] DataDriver - root.p_Vertices[578]: set edge_index = 2
[2026-09-18 10:06:56.220] [INFO ] DataDriver - root.p_Vertices[578]: set x = 1513.9288940000001
[2026-09-18 10:06:56.220] [INFO ] DataDriver - root.p_Vertices[578]: set y = 1066.711121
[2026-09-18 10:06:56.220] [INFO ] DataDriver - root.p_Vertices[578]: set z = 0.0
[2026-09-18 10:06:56.220] [INFO ] DataDriver - root.p_Vertices[579]: set id = "vertex_579"
[2026-09-18 10:06:56.220] [INFO ] DataDriver - root.p_Vertices[579]: set edge_id = "edge_51"
[2026-09-18 10:06:56.220] [INFO ] DataDriver - root.p_Vertices[579]: set edge_index = 3
[2026-09-18 10:06:56.220] [INFO ] DataDriver - root.p_Vertices[579]: set x = 1504.907043
[2026-09-18 10:06:56.220] [INFO ] DataDriver - root.p_Vertices[579]: set y = 1058.1864620000001
[2026-09-18 10:06:56.220] [INFO ] DataDriver - root.p_Vertices[579]: set z = 0.0
[2026-09-18 10:06:56.220] [INFO ] DataDriver - root.p_Vertices[580]: set id = "vertex_580"
[2026-09-18 10:06:56.220] [INFO ] DataDriver - root.p_Vertices[580]: set edge_id = "edge_51"
[2026-09-18 10:06:56.220] [INFO ] DataDriver - root.p_Vertices[580]: set edge_index = 4
[2026-09-18 10:06:56.220] [INFO ] DataDriver - root.p_Vertices[580]: set x = 1501.1267090000001
[2026-09-18 10:06:56.220] [INFO ] DataDriver - root.p_Vertices[580]: set y = 1053.458893
[2026-09-18 10:06:56.220] [INFO ] DataDriver - root.p_Vertices[580]: set z = 0.0
[2026-09-18 10:06:56.220] [INFO ] DataDriver - root.p_Vertices[581]: set id = "vertex_581"
[2026-09-18 10:06:56.220] [INFO ] DataDriver - root.p_Vertices[581]: set edge_id = "edge_51"
[2026-09-18 10:06:56.220] [INFO ] DataDriver - root.p_Vertices[581]: set edge_index = 5
[2026-09-18 10:06:56.220] [INFO ] DataDriver - root.p_Vertices[581]: set x = 1498.216553
[2026-09-18 10:06:56.220] [INFO ] DataDriver - root.p_Vertices[581]: set y = 1048.381958
[2026-09-18 10:06:56.220] [INFO ] DataDriver - root.p_Vertices[581]: set z = 0.0
[2026-09-18 10:06:56.220] [INFO ] DataDriver - root.p_Vertices[582]: set id = "vertex_582"
[2026-09-18 10:06:56.220] [INFO ] DataDriver - root.p_Vertices[582]: set edge_id = "edge_51"
[2026-09-18 10:06:56.220] [INFO ] DataDriver - root.p_Vertices[582]: set edge_index = 6
[2026-09-18 10:06:56.220] [INFO ] DataDriver - root.p_Vertices[582]: set x = 1495.9692989999999
[2026-09-18 10:06:56.220] [INFO ] DataDriver - root.p_Vertices[582]: set y = 1043.035812
[2026-09-18 10:06:56.220] [INFO ] DataDriver - root.p_Vertices[582]: set z = 0.0
[2026-09-18 10:06:56.220] [INFO ] DataDriver - root.p_Vertices[583]: set id = "vertex_583"
[2026-09-18 10:06:56.220] [INFO ] DataDriver - root.p_Vertices[583]: set edge_id = "edge_51"
[2026-09-18 10:06:56.220] [INFO ] DataDriver - root.p_Vertices[583]: set edge_index = 7
[2026-09-18 10:06:56.220] [INFO ] DataDriver - root.p_Vertices[583]: set x = 1494.128784
[2026-09-18 10:06:56.220] [INFO ] DataDriver - root.p_Vertices[583]: set y = 1037.491974
[2026-09-18 10:06:56.220] [INFO ] DataDriver - root.p_Vertices[583]: set z = -8.0E-6
[2026-09-18 10:06:56.220] [INFO ] DataDriver - root.p_Vertices[584]: set id = "vertex_584"
[2026-09-18 10:06:56.221] [INFO ] DataDriver - root.p_Vertices[584]: set edge_id = "edge_51"
[2026-09-18 10:06:56.221] [INFO ] DataDriver - root.p_Vertices[584]: set edge_index = 8
[2026-09-18 10:06:56.221] [INFO ] DataDriver - root.p_Vertices[584]: set x = 1492.706543
[2026-09-18 10:06:56.221] [INFO ] DataDriver - root.p_Vertices[584]: set y = 1031.694611
[2026-09-18 10:06:56.221] [INFO ] DataDriver - root.p_Vertices[584]: set z = 8.0E-6
[2026-09-18 10:06:56.221] [INFO ] DataDriver - root.p_Vertices[585]: set id = "vertex_585"
[2026-09-18 10:06:56.221] [INFO ] DataDriver - root.p_Vertices[585]: set edge_id = "edge_51"
[2026-09-18 10:06:56.221] [INFO ] DataDriver - root.p_Vertices[585]: set edge_index = 9
[2026-09-18 10:06:56.221] [INFO ] DataDriver - root.p_Vertices[585]: set x = 1491.7910769999999
[2026-09-18 10:06:56.221] [INFO ] DataDriver - root.p_Vertices[585]: set y = 1025.570251
[2026-09-18 10:06:56.221] [INFO ] DataDriver - root.p_Vertices[585]: set z = 8.0E-6
[2026-09-18 10:06:56.221] [INFO ] DataDriver - root.p_Vertices[586]: set id = "vertex_586"
[2026-09-18 10:06:56.221] [INFO ] DataDriver - root.p_Vertices[586]: set edge_id = "edge_51"
[2026-09-18 10:06:56.221] [INFO ] DataDriver - root.p_Vertices[586]: set edge_index = 10
[2026-09-18 10:06:56.221] [INFO ] DataDriver - root.p_Vertices[586]: set x = 1491.011963
[2026-09-18 10:06:56.221] [INFO ] DataDriver - root.p_Vertices[586]: set y = 1005.753296
[2026-09-18 10:06:56.221] [INFO ] DataDriver - root.p_Vertices[586]: set z = 8.0E-6
[2026-09-18 10:06:56.221] [INFO ] DataDriver - root.p_Vertices[587]: set id = "vertex_587"
[2026-09-18 10:06:56.221] [INFO ] DataDriver - root.p_Vertices[587]: set edge_id = "edge_51"
[2026-09-18 10:06:56.221] [INFO ] DataDriver - root.p_Vertices[587]: set edge_index = 11
[2026-09-18 10:06:56.221] [INFO ] DataDriver - root.p_Vertices[587]: set x = 1492.610046
[2026-09-18 10:06:56.221] [INFO ] DataDriver - root.p_Vertices[587]: set y = 977.39888
[2026-09-18 10:06:56.221] [INFO ] DataDriver - root.p_Vertices[587]: set z = 0.0
[2026-09-18 10:06:56.221] [INFO ] DataDriver - root.p_Vertices[588]: set id = "vertex_588"
[2026-09-18 10:06:56.221] [INFO ] DataDriver - root.p_Vertices[588]: set edge_id = "edge_51"
[2026-09-18 10:06:56.221] [INFO ] DataDriver - root.p_Vertices[588]: set edge_index = 12
[2026-09-18 10:06:56.221] [INFO ] DataDriver - root.p_Vertices[588]: set x = 1492.477905
[2026-09-18 10:06:56.221] [INFO ] DataDriver - root.p_Vertices[588]: set y = 959.123749
[2026-09-18 10:06:56.221] [INFO ] DataDriver - root.p_Vertices[588]: set z = 8.0E-6
[2026-09-18 10:06:56.221] [INFO ] DataDriver - root.p_Vertices[589]: set id = "vertex_589"
[2026-09-18 10:06:56.221] [INFO ] DataDriver - root.p_Vertices[589]: set edge_id = "edge_51"
[2026-09-18 10:06:56.221] [INFO ] DataDriver - root.p_Vertices[589]: set edge_index = 13
[2026-09-18 10:06:56.221] [INFO ] DataDriver - root.p_Vertices[589]: set x = 1490.99823
[2026-09-18 10:06:56.221] [INFO ] DataDriver - root.p_Vertices[589]: set y = 947.56221
[2026-09-18 10:06:56.221] [INFO ] DataDriver - root.p_Vertices[589]: set z = 8.0E-6
[2026-09-18 10:06:56.221] [INFO ] DataDriver - root.p_Vertices[590]: set id = "vertex_590"
[2026-09-18 10:06:56.221] [INFO ] DataDriver - root.p_Vertices[590]: set edge_id = "edge_51"
[2026-09-18 10:06:56.221] [INFO ] DataDriver - root.p_Vertices[590]: set edge_index = 14
[2026-09-18 10:06:56.221] [INFO ] DataDriver - root.p_Vertices[590]: set x = 1486.556091
[2026-09-18 10:06:56.221] [INFO ] DataDriver - root.p_Vertices[590]: set y = 929.871155
[2026-09-18 10:06:56.221] [INFO ] DataDriver - root.p_Vertices[590]: set z = 0.0
[2026-09-18 10:06:56.221] [INFO ] DataDriver - root.p_Vertices[591]: set id = "vertex_591"
[2026-09-18 10:06:56.221] [INFO ] DataDriver - root.p_Vertices[591]: set edge_id = "edge_51"
[2026-09-18 10:06:56.221] [INFO ] DataDriver - root.p_Vertices[591]: set edge_index = 15
[2026-09-18 10:06:56.221] [INFO ] DataDriver - root.p_Vertices[591]: set x = 1479.496216
[2026-09-18 10:06:56.221] [INFO ] DataDriver - root.p_Vertices[591]: set y = 910.483536
[2026-09-18 10:06:56.221] [INFO ] DataDriver - root.p_Vertices[591]: set z = 0.0
[2026-09-18 10:06:56.221] [INFO ] DataDriver - root.p_Vertices[592]: set id = "vertex_592"
[2026-09-18 10:06:56.221] [INFO ] DataDriver - root.p_Vertices[592]: set edge_id = "edge_51"
[2026-09-18 10:06:56.221] [INFO ] DataDriver - root.p_Vertices[592]: set edge_index = 16
[2026-09-18 10:06:56.221] [INFO ] DataDriver - root.p_Vertices[592]: set x = 1468.070496
[2026-09-18 10:06:56.221] [INFO ] DataDriver - root.p_Vertices[592]: set y = 887.353569
[2026-09-18 10:06:56.221] [INFO ] DataDriver - root.p_Vertices[592]: set z = 8.0E-6
[2026-09-18 10:06:56.221] [INFO ] DataDriver - root.p_Vertices[593]: set id = "vertex_593"
[2026-09-18 10:06:56.221] [INFO ] DataDriver - root.p_Vertices[593]: set edge_id = "edge_51"
[2026-09-18 10:06:56.221] [INFO ] DataDriver - root.p_Vertices[593]: set edge_index = 17
[2026-09-18 10:06:56.221] [INFO ] DataDriver - root.p_Vertices[593]: set x = 1461.385742
[2026-09-18 10:06:56.221] [INFO ] DataDriver - root.p_Vertices[593]: set y = 877.218163
[2026-09-18 10:06:56.221] [INFO ] DataDriver - root.p_Vertices[593]: set z = 8.0E-6
[2026-09-18 10:06:56.221] [INFO ] DataDriver - root.p_Vertices[594]: set id = "vertex_594"
[2026-09-18 10:06:56.221] [INFO ] DataDriver - root.p_Vertices[594]: set edge_id = "edge_51"
[2026-09-18 10:06:56.221] [INFO ] DataDriver - root.p_Vertices[594]: set edge_index = 18
[2026-09-18 10:06:56.221] [INFO ] DataDriver - root.p_Vertices[594]: set x = 1454.100159
[2026-09-18 10:06:56.221] [INFO ] DataDriver - root.p_Vertices[594]: set y = 867.951721
[2026-09-18 10:06:56.221] [INFO ] DataDriver - root.p_Vertices[594]: set z = 0.0
[2026-09-18 10:06:56.221] [INFO ] DataDriver - root.p_Vertices[595]: set id = "vertex_595"
[2026-09-18 10:06:56.221] [INFO ] DataDriver - root.p_Vertices[595]: set edge_id = "edge_51"
[2026-09-18 10:06:56.221] [INFO ] DataDriver - root.p_Vertices[595]: set edge_index = 19
[2026-09-18 10:06:56.221] [INFO ] DataDriver - root.p_Vertices[595]: set x = 1450.355835
[2026-09-18 10:06:56.221] [INFO ] DataDriver - root.p_Vertices[595]: set y = 863.909637
[2026-09-18 10:06:56.221] [INFO ] DataDriver - root.p_Vertices[595]: set z = 8.0E-6
[2026-09-18 10:06:56.221] [INFO ] DataDriver - root.p_Vertices[596]: set id = "vertex_596"
[2026-09-18 10:06:56.221] [INFO ] DataDriver - root.p_Vertices[596]: set edge_id = "edge_51"
[2026-09-18 10:06:56.221] [INFO ] DataDriver - root.p_Vertices[596]: set edge_index = 20
[2026-09-18 10:06:56.221] [INFO ] DataDriver - root.p_Vertices[596]: set x = 1446.5354
[2026-09-18 10:06:56.221] [INFO ] DataDriver - root.p_Vertices[596]: set y = 860.502533
[2026-09-18 10:06:56.222] [INFO ] DataDriver - root.p_Vertices[596]: set z = 0.0
[2026-09-18 10:06:56.222] [INFO ] DataDriver - root.p_Vertices[597]: set id = "vertex_597"
[2026-09-18 10:06:56.222] [INFO ] DataDriver - root.p_Vertices[597]: set edge_id = "edge_51"
[2026-09-18 10:06:56.222] [INFO ] DataDriver - root.p_Vertices[597]: set edge_index = 21
[2026-09-18 10:06:56.222] [INFO ] DataDriver - root.p_Vertices[597]: set x = 1438.574036
[2026-09-18 10:06:56.222] [INFO ] DataDriver - root.p_Vertices[597]: set y = 854.848572
[2026-09-18 10:06:56.222] [INFO ] DataDriver - root.p_Vertices[597]: set z = 8.0E-6
[2026-09-18 10:06:56.222] [INFO ] DataDriver - root.p_Vertices[598]: set id = "vertex_598"
[2026-09-18 10:06:56.222] [INFO ] DataDriver - root.p_Vertices[598]: set edge_id = "edge_51"
[2026-09-18 10:06:56.222] [INFO ] DataDriver - root.p_Vertices[598]: set edge_index = 22
[2026-09-18 10:06:56.222] [INFO ] DataDriver - root.p_Vertices[598]: set x = 1429.332642
[2026-09-18 10:06:56.222] [INFO ] DataDriver - root.p_Vertices[598]: set y = 849.876831
[2026-09-18 10:06:56.222] [INFO ] DataDriver - root.p_Vertices[598]: set z = 0.0
[2026-09-18 10:06:56.222] [INFO ] DataDriver - root.p_Vertices[599]: set id = "vertex_599"
[2026-09-18 10:06:56.222] [INFO ] DataDriver - root.p_Vertices[599]: set edge_id = "edge_51"
[2026-09-18 10:06:56.222] [INFO ] DataDriver - root.p_Vertices[599]: set edge_index = 23
[2026-09-18 10:06:56.222] [INFO ] DataDriver - root.p_Vertices[599]: set x = 1387.815979
[2026-09-18 10:06:56.222] [INFO ] DataDriver - root.p_Vertices[599]: set y = 832.414612
[2026-09-18 10:06:56.222] [INFO ] DataDriver - root.p_Vertices[599]: set z = 8.0E-6
[2026-09-18 10:06:56.222] [INFO ] DataDriver - root.p_Vertices[600]: set id = "vertex_600"
[2026-09-18 10:06:56.222] [INFO ] DataDriver - root.p_Vertices[600]: set edge_id = "edge_51"
[2026-09-18 10:06:56.222] [INFO ] DataDriver - root.p_Vertices[600]: set edge_index = 24
[2026-09-18 10:06:56.222] [INFO ] DataDriver - root.p_Vertices[600]: set x = 1278.360107
[2026-09-18 10:06:56.222] [INFO ] DataDriver - root.p_Vertices[600]: set y = 784.662354
[2026-09-18 10:06:56.222] [INFO ] DataDriver - root.p_Vertices[600]: set z = 0.0
[2026-09-18 10:06:56.222] [INFO ] DataDriver - root.p_Vertices[601]: set id = "vertex_601"
[2026-09-18 10:06:56.222] [INFO ] DataDriver - root.p_Vertices[601]: set edge_id = "edge_51"
[2026-09-18 10:06:56.222] [INFO ] DataDriver - root.p_Vertices[601]: set edge_index = 25
[2026-09-18 10:06:56.222] [INFO ] DataDriver - root.p_Vertices[601]: set x = 1245.93689
[2026-09-18 10:06:56.222] [INFO ] DataDriver - root.p_Vertices[601]: set y = 775.588242
[2026-09-18 10:06:56.222] [INFO ] DataDriver - root.p_Vertices[601]: set z = 4.0E-6
[2026-09-18 10:06:56.222] [INFO ] DataDriver - root.p_Vertices[602]: set id = "vertex_602"
[2026-09-18 10:06:56.222] [INFO ] DataDriver - root.p_Vertices[602]: set edge_id = "edge_51"
[2026-09-18 10:06:56.222] [INFO ] DataDriver - root.p_Vertices[602]: set edge_index = 26
[2026-09-18 10:06:56.222] [INFO ] DataDriver - root.p_Vertices[602]: set x = 1238.053589
[2026-09-18 10:06:56.222] [INFO ] DataDriver - root.p_Vertices[602]: set y = 774.277115
[2026-09-18 10:06:56.222] [INFO ] DataDriver - root.p_Vertices[602]: set z = 0.0
[2026-09-18 10:06:56.222] [INFO ] DataDriver - root.p_Vertices[603]: set id = "vertex_603"
[2026-09-18 10:06:56.222] [INFO ] DataDriver - root.p_Vertices[603]: set edge_id = "edge_51"
[2026-09-18 10:06:56.222] [INFO ] DataDriver - root.p_Vertices[603]: set edge_index = 27
[2026-09-18 10:06:56.222] [INFO ] DataDriver - root.p_Vertices[603]: set x = 1230.560547
[2026-09-18 10:06:56.222] [INFO ] DataDriver - root.p_Vertices[603]: set y = 773.640747
[2026-09-18 10:06:56.222] [INFO ] DataDriver - root.p_Vertices[603]: set z = 0.0
[2026-09-18 10:06:56.222] [INFO ] DataDriver - root.p_Vertices[604]: set id = "vertex_604"
[2026-09-18 10:06:56.222] [INFO ] DataDriver - root.p_Vertices[604]: set edge_id = "edge_51"
[2026-09-18 10:06:56.222] [INFO ] DataDriver - root.p_Vertices[604]: set edge_index = 28
[2026-09-18 10:06:56.222] [INFO ] DataDriver - root.p_Vertices[604]: set x = 1167.723083
[2026-09-18 10:06:56.222] [INFO ] DataDriver - root.p_Vertices[604]: set y = 775.636902
[2026-09-18 10:06:56.222] [INFO ] DataDriver - root.p_Vertices[604]: set z = 0.0
[2026-09-18 10:06:56.222] [INFO ] DataDriver - root.p_Vertices[605]: set id = "vertex_605"
[2026-09-18 10:06:56.222] [INFO ] DataDriver - root.p_Vertices[605]: set edge_id = "edge_51"
[2026-09-18 10:06:56.222] [INFO ] DataDriver - root.p_Vertices[605]: set edge_index = 29
[2026-09-18 10:06:56.222] [INFO ] DataDriver - root.p_Vertices[605]: set x = 1160.003418
[2026-09-18 10:06:56.222] [INFO ] DataDriver - root.p_Vertices[605]: set y = 774.890152
[2026-09-18 10:06:56.222] [INFO ] DataDriver - root.p_Vertices[605]: set z = -4.0E-6
[2026-09-18 10:06:56.222] [INFO ] DataDriver - root.p_Vertices[606]: set id = "vertex_606"
[2026-09-18 10:06:56.222] [INFO ] DataDriver - root.p_Vertices[606]: set edge_id = "edge_51"
[2026-09-18 10:06:56.222] [INFO ] DataDriver - root.p_Vertices[606]: set edge_index = 30
[2026-09-18 10:06:56.222] [INFO ] DataDriver - root.p_Vertices[606]: set x = 1119.098022
[2026-09-18 10:06:56.222] [INFO ] DataDriver - root.p_Vertices[606]: set y = 766.77243
[2026-09-18 10:06:56.222] [INFO ] DataDriver - root.p_Vertices[606]: set z = 0.0
[2026-09-18 10:06:56.222] [INFO ] DataDriver - root.p_Vertices[607]: set id = "vertex_607"
[2026-09-18 10:06:56.222] [INFO ] DataDriver - root.p_Vertices[607]: set edge_id = "edge_51"
[2026-09-18 10:06:56.222] [INFO ] DataDriver - root.p_Vertices[607]: set edge_index = 31
[2026-09-18 10:06:56.222] [INFO ] DataDriver - root.p_Vertices[607]: set x = 1040.91095
[2026-09-18 10:06:56.222] [INFO ] DataDriver - root.p_Vertices[607]: set y = 739.429016
[2026-09-18 10:06:56.222] [INFO ] DataDriver - root.p_Vertices[607]: set z = 0.0
[2026-09-18 10:06:56.222] [INFO ] DataDriver - root.p_Vertices[608]: set id = "vertex_608"
[2026-09-18 10:06:56.222] [INFO ] DataDriver - root.p_Vertices[608]: set edge_id = "edge_51"
[2026-09-18 10:06:56.222] [INFO ] DataDriver - root.p_Vertices[608]: set edge_index = 32
[2026-09-18 10:06:56.222] [INFO ] DataDriver - root.p_Vertices[608]: set x = 1011.345398
[2026-09-18 10:06:56.222] [INFO ] DataDriver - root.p_Vertices[608]: set y = 731.905945
[2026-09-18 10:06:56.222] [INFO ] DataDriver - root.p_Vertices[608]: set z = 0.0
[2026-09-18 10:06:56.222] [INFO ] DataDriver - root.p_Vertices[609]: set id = "vertex_609"
[2026-09-18 10:06:56.222] [INFO ] DataDriver - root.p_Vertices[609]: set edge_id = "edge_51"
[2026-09-18 10:06:56.222] [INFO ] DataDriver - root.p_Vertices[609]: set edge_index = 33
[2026-09-18 10:06:56.222] [INFO ] DataDriver - root.p_Vertices[609]: set x = 1004.248901
[2026-09-18 10:06:56.222] [INFO ] DataDriver - root.p_Vertices[609]: set y = 729.448029
[2026-09-18 10:06:56.222] [INFO ] DataDriver - root.p_Vertices[609]: set z = 0.0
[2026-09-18 10:06:56.222] [INFO ] DataDriver - root.p_Vertices[610]: set id = "vertex_610"
[2026-09-18 10:06:56.222] [INFO ] DataDriver - root.p_Vertices[610]: set edge_id = "edge_51"
[2026-09-18 10:06:56.222] [INFO ] DataDriver - root.p_Vertices[610]: set edge_index = 34
[2026-09-18 10:06:56.222] [INFO ] DataDriver - root.p_Vertices[610]: set x = 990.187256
[2026-09-18 10:06:56.222] [INFO ] DataDriver - root.p_Vertices[610]: set y = 723.4463499999999
[2026-09-18 10:06:56.222] [INFO ] DataDriver - root.p_Vertices[610]: set z = 4.0E-6
[2026-09-18 10:06:56.222] [INFO ] DataDriver - root.p_Vertices[611]: set id = "vertex_611"
[2026-09-18 10:06:56.222] [INFO ] DataDriver - root.p_Vertices[611]: set edge_id = "edge_51"
[2026-09-18 10:06:56.222] [INFO ] DataDriver - root.p_Vertices[611]: set edge_index = 35
[2026-09-18 10:06:56.222] [INFO ] DataDriver - root.p_Vertices[611]: set x = 983.60083
[2026-09-18 10:06:56.222] [INFO ] DataDriver - root.p_Vertices[611]: set y = 719.767395
[2026-09-18 10:06:56.223] [INFO ] DataDriver - root.p_Vertices[611]: set z = 0.0
[2026-09-18 10:06:56.223] [INFO ] DataDriver - root.p_Vertices[612]: set id = "vertex_612"
[2026-09-18 10:06:56.223] [INFO ] DataDriver - root.p_Vertices[612]: set edge_id = "edge_51"
[2026-09-18 10:06:56.223] [INFO ] DataDriver - root.p_Vertices[612]: set edge_index = 36
[2026-09-18 10:06:56.223] [INFO ] DataDriver - root.p_Vertices[612]: set x = 977.556274
[2026-09-18 10:06:56.223] [INFO ] DataDriver - root.p_Vertices[612]: set y = 715.402863
[2026-09-18 10:06:56.223] [INFO ] DataDriver - root.p_Vertices[612]: set z = 0.0
[2026-09-18 10:06:56.223] [INFO ] DataDriver - root.p_Vertices[613]: set id = "vertex_613"
[2026-09-18 10:06:56.223] [INFO ] DataDriver - root.p_Vertices[613]: set edge_id = "edge_51"
[2026-09-18 10:06:56.223] [INFO ] DataDriver - root.p_Vertices[613]: set edge_index = 37
[2026-09-18 10:06:56.223] [INFO ] DataDriver - root.p_Vertices[613]: set x = 971.934448
[2026-09-18 10:06:56.223] [INFO ] DataDriver - root.p_Vertices[613]: set y = 710.507111
[2026-09-18 10:06:56.223] [INFO ] DataDriver - root.p_Vertices[613]: set z = 0.0
[2026-09-18 10:06:56.223] [INFO ] DataDriver - root.p_Vertices[614]: set id = "vertex_614"
[2026-09-18 10:06:56.223] [INFO ] DataDriver - root.p_Vertices[614]: set edge_id = "edge_51"
[2026-09-18 10:06:56.223] [INFO ] DataDriver - root.p_Vertices[614]: set edge_index = 38
[2026-09-18 10:06:56.223] [INFO ] DataDriver - root.p_Vertices[614]: set x = 966.645996
[2026-09-18 10:06:56.223] [INFO ] DataDriver - root.p_Vertices[614]: set y = 705.197144
[2026-09-18 10:06:56.223] [INFO ] DataDriver - root.p_Vertices[614]: set z = 0.0
[2026-09-18 10:06:56.223] [INFO ] DataDriver - root.p_Vertices[615]: set id = "vertex_615"
[2026-09-18 10:06:56.223] [INFO ] DataDriver - root.p_Vertices[615]: set edge_id = "edge_51"
[2026-09-18 10:06:56.223] [INFO ] DataDriver - root.p_Vertices[615]: set edge_index = 39
[2026-09-18 10:06:56.223] [INFO ] DataDriver - root.p_Vertices[615]: set x = 961.862793
[2026-09-18 10:06:56.223] [INFO ] DataDriver - root.p_Vertices[615]: set y = 699.274597
[2026-09-18 10:06:56.223] [INFO ] DataDriver - root.p_Vertices[615]: set z = 4.0E-6
[2026-09-18 10:06:56.223] [INFO ] DataDriver - root.p_Vertices[616]: set id = "vertex_616"
[2026-09-18 10:06:56.223] [INFO ] DataDriver - root.p_Vertices[616]: set edge_id = "edge_51"
[2026-09-18 10:06:56.223] [INFO ] DataDriver - root.p_Vertices[616]: set edge_index = 40
[2026-09-18 10:06:56.223] [INFO ] DataDriver - root.p_Vertices[616]: set x = 957.761353
[2026-09-18 10:06:56.223] [INFO ] DataDriver - root.p_Vertices[616]: set y = 692.540985
[2026-09-18 10:06:56.223] [INFO ] DataDriver - root.p_Vertices[616]: set z = 4.0E-6
[2026-09-18 10:06:56.223] [INFO ] DataDriver - root.p_Vertices[617]: set id = "vertex_617"
[2026-09-18 10:06:56.223] [INFO ] DataDriver - root.p_Vertices[617]: set edge_id = "edge_51"
[2026-09-18 10:06:56.223] [INFO ] DataDriver - root.p_Vertices[617]: set edge_index = 41
[2026-09-18 10:06:56.223] [INFO ] DataDriver - root.p_Vertices[617]: set x = 951.073486
[2026-09-18 10:06:56.223] [INFO ] DataDriver - root.p_Vertices[617]: set y = 677.62677
[2026-09-18 10:06:56.223] [INFO ] DataDriver - root.p_Vertices[617]: set z = 4.0E-6
[2026-09-18 10:06:56.223] [INFO ] DataDriver - root.p_Vertices[618]: set id = "vertex_618"
[2026-09-18 10:06:56.223] [INFO ] DataDriver - root.p_Vertices[618]: set edge_id = "edge_51"
[2026-09-18 10:06:56.223] [INFO ] DataDriver - root.p_Vertices[618]: set edge_index = 42
[2026-09-18 10:06:56.223] [INFO ] DataDriver - root.p_Vertices[618]: set x = 948.549927
[2026-09-18 10:06:56.223] [INFO ] DataDriver - root.p_Vertices[618]: set y = 669.910583
[2026-09-18 10:06:56.223] [INFO ] DataDriver - root.p_Vertices[618]: set z = -2.0E-6
[2026-09-18 10:06:56.223] [INFO ] DataDriver - root.p_Vertices[619]: set id = "vertex_619"
[2026-09-18 10:06:56.223] [INFO ] DataDriver - root.p_Vertices[619]: set edge_id = "edge_51"
[2026-09-18 10:06:56.223] [INFO ] DataDriver - root.p_Vertices[619]: set edge_index = 43
[2026-09-18 10:06:56.223] [INFO ] DataDriver - root.p_Vertices[619]: set x = 946.814453
[2026-09-18 10:06:56.223] [INFO ] DataDriver - root.p_Vertices[619]: set y = 662.0988159999999
[2026-09-18 10:06:56.223] [INFO ] DataDriver - root.p_Vertices[619]: set z = 4.0E-6
[2026-09-18 10:06:56.223] [INFO ] DataDriver - root.p_Vertices[620]: set id = "vertex_620"
[2026-09-18 10:06:56.223] [INFO ] DataDriver - root.p_Vertices[620]: set edge_id = "edge_51"
[2026-09-18 10:06:56.223] [INFO ] DataDriver - root.p_Vertices[620]: set edge_index = 44
[2026-09-18 10:06:56.223] [INFO ] DataDriver - root.p_Vertices[620]: set x = 945.7303469999999
[2026-09-18 10:06:56.223] [INFO ] DataDriver - root.p_Vertices[620]: set y = 654.218292
[2026-09-18 10:06:56.223] [INFO ] DataDriver - root.p_Vertices[620]: set z = 0.0
[2026-09-18 10:06:56.223] [INFO ] DataDriver - root.p_Vertices[621]: set id = "vertex_621"
[2026-09-18 10:06:56.223] [INFO ] DataDriver - root.p_Vertices[621]: set edge_id = "edge_51"
[2026-09-18 10:06:56.223] [INFO ] DataDriver - root.p_Vertices[621]: set edge_index = 45
[2026-09-18 10:06:56.223] [INFO ] DataDriver - root.p_Vertices[621]: set x = 945.263428
[2026-09-18 10:06:56.223] [INFO ] DataDriver - root.p_Vertices[621]: set y = 646.2947389999999
[2026-09-18 10:06:56.223] [INFO ] DataDriver - root.p_Vertices[621]: set z = 4.0E-6
[2026-09-18 10:06:56.223] [INFO ] DataDriver - root.p_Vertices[622]: set id = "vertex_622"
[2026-09-18 10:06:56.223] [INFO ] DataDriver - root.p_Vertices[622]: set edge_id = "edge_51"
[2026-09-18 10:06:56.223] [INFO ] DataDriver - root.p_Vertices[622]: set edge_index = 46
[2026-09-18 10:06:56.223] [INFO ] DataDriver - root.p_Vertices[622]: set x = 945.7890620000001
[2026-09-18 10:06:56.223] [INFO ] DataDriver - root.p_Vertices[622]: set y = 638.332092
[2026-09-18 10:06:56.223] [INFO ] DataDriver - root.p_Vertices[622]: set z = 2.0E-6
[2026-09-18 10:06:56.223] [INFO ] DataDriver - root.p_Vertices[623]: set id = "vertex_623"
[2026-09-18 10:06:56.223] [INFO ] DataDriver - root.p_Vertices[623]: set edge_id = "edge_51"
[2026-09-18 10:06:56.223] [INFO ] DataDriver - root.p_Vertices[623]: set edge_index = 47
[2026-09-18 10:06:56.223] [INFO ] DataDriver - root.p_Vertices[623]: set x = 947.626953
[2026-09-18 10:06:56.223] [INFO ] DataDriver - root.p_Vertices[623]: set y = 630.338989
[2026-09-18 10:06:56.223] [INFO ] DataDriver - root.p_Vertices[623]: set z = 0.0
[2026-09-18 10:06:56.223] [INFO ] DataDriver - root.p_Vertices[624]: set id = "vertex_624"
[2026-09-18 10:06:56.223] [INFO ] DataDriver - root.p_Vertices[624]: set edge_id = "edge_51"
[2026-09-18 10:06:56.223] [INFO ] DataDriver - root.p_Vertices[624]: set edge_index = 48
[2026-09-18 10:06:56.223] [INFO ] DataDriver - root.p_Vertices[624]: set x = 950.4727780000001
[2026-09-18 10:06:56.223] [INFO ] DataDriver - root.p_Vertices[624]: set y = 622.394562
[2026-09-18 10:06:56.223] [INFO ] DataDriver - root.p_Vertices[624]: set z = 0.0
[2026-09-18 10:06:56.223] [INFO ] DataDriver - root.p_Vertices[625]: set id = "vertex_625"
[2026-09-18 10:06:56.223] [INFO ] DataDriver - root.p_Vertices[625]: set edge_id = "edge_51"
[2026-09-18 10:06:56.223] [INFO ] DataDriver - root.p_Vertices[625]: set edge_index = 49
[2026-09-18 10:06:56.223] [INFO ] DataDriver - root.p_Vertices[625]: set x = 954.035889
[2026-09-18 10:06:56.223] [INFO ] DataDriver - root.p_Vertices[625]: set y = 614.718353
[2026-09-18 10:06:56.223] [INFO ] DataDriver - root.p_Vertices[625]: set z = 4.0E-6
[2026-09-18 10:06:56.223] [INFO ] DataDriver - root.p_Vertices[626]: set id = "vertex_626"
[2026-09-18 10:06:56.223] [INFO ] DataDriver - root.p_Vertices[626]: set edge_id = "edge_51"
[2026-09-18 10:06:56.223] [INFO ] DataDriver - root.p_Vertices[626]: set edge_index = 50
[2026-09-18 10:06:56.223] [INFO ] DataDriver - root.p_Vertices[626]: set x = 958.540771
[2026-09-18 10:06:56.223] [INFO ] DataDriver - root.p_Vertices[626]: set y = 607.682648
[2026-09-18 10:06:56.223] [INFO ] DataDriver - root.p_Vertices[626]: set z = 0.0
[2026-09-18 10:06:56.224] [INFO ] DataDriver - root.p_Vertices[627]: set id = "vertex_627"
[2026-09-18 10:06:56.224] [INFO ] DataDriver - root.p_Vertices[627]: set edge_id = "edge_51"
[2026-09-18 10:06:56.224] [INFO ] DataDriver - root.p_Vertices[627]: set edge_index = 51
[2026-09-18 10:06:56.224] [INFO ] DataDriver - root.p_Vertices[627]: set x = 964.25
[2026-09-18 10:06:56.224] [INFO ] DataDriver - root.p_Vertices[627]: set y = 601.52948
[2026-09-18 10:06:56.224] [INFO ] DataDriver - root.p_Vertices[627]: set z = 2.0E-6
[2026-09-18 10:06:56.224] [INFO ] DataDriver - root.p_Vertices[628]: set id = "vertex_628"
[2026-09-18 10:06:56.224] [INFO ] DataDriver - root.p_Vertices[628]: set edge_id = "edge_51"
[2026-09-18 10:06:56.224] [INFO ] DataDriver - root.p_Vertices[628]: set edge_index = 52
[2026-09-18 10:06:56.224] [INFO ] DataDriver - root.p_Vertices[628]: set x = 970.820435
[2026-09-18 10:06:56.224] [INFO ] DataDriver - root.p_Vertices[628]: set y = 596.054749
[2026-09-18 10:06:56.224] [INFO ] DataDriver - root.p_Vertices[628]: set z = 0.0
[2026-09-18 10:06:56.224] [INFO ] DataDriver - root.p_Vertices[629]: set id = "vertex_629"
[2026-09-18 10:06:56.224] [INFO ] DataDriver - root.p_Vertices[629]: set edge_id = "edge_51"
[2026-09-18 10:06:56.224] [INFO ] DataDriver - root.p_Vertices[629]: set edge_index = 53
[2026-09-18 10:06:56.224] [INFO ] DataDriver - root.p_Vertices[629]: set x = 984.90918
[2026-09-18 10:06:56.224] [INFO ] DataDriver - root.p_Vertices[629]: set y = 586.435669
[2026-09-18 10:06:56.224] [INFO ] DataDriver - root.p_Vertices[629]: set z = 6.0E-6
[2026-09-18 10:06:56.224] [INFO ] DataDriver - root.p_Vertices[630]: set id = "vertex_630"
[2026-09-18 10:06:56.224] [INFO ] DataDriver - root.p_Vertices[630]: set edge_id = "edge_51"
[2026-09-18 10:06:56.224] [INFO ] DataDriver - root.p_Vertices[630]: set edge_index = 54
[2026-09-18 10:06:56.224] [INFO ] DataDriver - root.p_Vertices[630]: set x = 992.2100829999999
[2026-09-18 10:06:56.224] [INFO ] DataDriver - root.p_Vertices[630]: set y = 582.410492
[2026-09-18 10:06:56.224] [INFO ] DataDriver - root.p_Vertices[630]: set z = 4.0E-6
[2026-09-18 10:06:56.224] [INFO ] DataDriver - root.p_Vertices[631]: set id = "vertex_631"
[2026-09-18 10:06:56.224] [INFO ] DataDriver - root.p_Vertices[631]: set edge_id = "edge_51"
[2026-09-18 10:06:56.224] [INFO ] DataDriver - root.p_Vertices[631]: set edge_index = 55
[2026-09-18 10:06:56.224] [INFO ] DataDriver - root.p_Vertices[631]: set x = 1007.4176640000001
[2026-09-18 10:06:56.224] [INFO ] DataDriver - root.p_Vertices[631]: set y = 575.475281
[2026-09-18 10:06:56.224] [INFO ] DataDriver - root.p_Vertices[631]: set z = 2.0E-6
[2026-09-18 10:06:56.224] [INFO ] DataDriver - root.p_Vertices[632]: set id = "vertex_632"
[2026-09-18 10:06:56.224] [INFO ] DataDriver - root.p_Vertices[632]: set edge_id = "edge_51"
[2026-09-18 10:06:56.224] [INFO ] DataDriver - root.p_Vertices[632]: set edge_index = 56
[2026-09-18 10:06:56.224] [INFO ] DataDriver - root.p_Vertices[632]: set x = 1015.56012
[2026-09-18 10:06:56.224] [INFO ] DataDriver - root.p_Vertices[632]: set y = 572.659851
[2026-09-18 10:06:56.224] [INFO ] DataDriver - root.p_Vertices[632]: set z = -2.0E-6
[2026-09-18 10:06:56.224] [INFO ] DataDriver - root.p_Vertices[633]: set id = "vertex_633"
[2026-09-18 10:06:56.224] [INFO ] DataDriver - root.p_Vertices[633]: set edge_id = "edge_51"
[2026-09-18 10:06:56.224] [INFO ] DataDriver - root.p_Vertices[633]: set edge_index = 57
[2026-09-18 10:06:56.224] [INFO ] DataDriver - root.p_Vertices[633]: set x = 1024.217224
[2026-09-18 10:06:56.224] [INFO ] DataDriver - root.p_Vertices[633]: set y = 570.530945
[2026-09-18 10:06:56.224] [INFO ] DataDriver - root.p_Vertices[633]: set z = 2.0E-6
[2026-09-18 10:06:56.224] [INFO ] DataDriver - root.p_Vertices[634]: set id = "vertex_634"
[2026-09-18 10:06:56.224] [INFO ] DataDriver - root.p_Vertices[634]: set edge_id = "edge_51"
[2026-09-18 10:06:56.224] [INFO ] DataDriver - root.p_Vertices[634]: set edge_index = 58
[2026-09-18 10:06:56.224] [INFO ] DataDriver - root.p_Vertices[634]: set x = 1050.943909
[2026-09-18 10:06:56.224] [INFO ] DataDriver - root.p_Vertices[634]: set y = 566.566437
[2026-09-18 10:06:56.224] [INFO ] DataDriver - root.p_Vertices[634]: set z = -2.0E-6
[2026-09-18 10:06:56.224] [INFO ] DataDriver - root.p_Vertices[635]: set id = "vertex_635"
[2026-09-18 10:06:56.224] [INFO ] DataDriver - root.p_Vertices[635]: set edge_id = "edge_51"
[2026-09-18 10:06:56.224] [INFO ] DataDriver - root.p_Vertices[635]: set edge_index = 59
[2026-09-18 10:06:56.224] [INFO ] DataDriver - root.p_Vertices[635]: set x = 1074.79303
[2026-09-18 10:06:56.224] [INFO ] DataDriver - root.p_Vertices[635]: set y = 565.326843
[2026-09-18 10:06:56.224] [INFO ] DataDriver - root.p_Vertices[635]: set z = 0.0
[2026-09-18 10:06:56.224] [INFO ] DataDriver - root.p_Vertices[636]: set id = "vertex_636"
[2026-09-18 10:06:56.224] [INFO ] DataDriver - root.p_Vertices[636]: set edge_id = "edge_51"
[2026-09-18 10:06:56.224] [INFO ] DataDriver - root.p_Vertices[636]: set edge_index = 60
[2026-09-18 10:06:56.224] [INFO ] DataDriver - root.p_Vertices[636]: set x = 1082.187622
[2026-09-18 10:06:56.224] [INFO ] DataDriver - root.p_Vertices[636]: set y = 565.681885
[2026-09-18 10:06:56.224] [INFO ] DataDriver - root.p_Vertices[636]: set z = 0.0
[2026-09-18 10:06:56.224] [INFO ] DataDriver - root.p_Vertices[637]: set id = "vertex_637"
[2026-09-18 10:06:56.224] [INFO ] DataDriver - root.p_Vertices[637]: set edge_id = "edge_51"
[2026-09-18 10:06:56.224] [INFO ] DataDriver - root.p_Vertices[637]: set edge_index = 61
[2026-09-18 10:06:56.224] [INFO ] DataDriver - root.p_Vertices[637]: set x = 1089.2573849999999
[2026-09-18 10:06:56.224] [INFO ] DataDriver - root.p_Vertices[637]: set y = 566.665558
[2026-09-18 10:06:56.224] [INFO ] DataDriver - root.p_Vertices[637]: set z = 0.0
[2026-09-18 10:06:56.224] [INFO ] DataDriver - root.p_Vertices[638]: set id = "vertex_638"
[2026-09-18 10:06:56.224] [INFO ] DataDriver - root.p_Vertices[638]: set edge_id = "edge_51"
[2026-09-18 10:06:56.224] [INFO ] DataDriver - root.p_Vertices[638]: set edge_index = 62
[2026-09-18 10:06:56.224] [INFO ] DataDriver - root.p_Vertices[638]: set x = 1096.119202
[2026-09-18 10:06:56.224] [INFO ] DataDriver - root.p_Vertices[638]: set y = 568.11322
[2026-09-18 10:06:56.224] [INFO ] DataDriver - root.p_Vertices[638]: set z = 2.0E-6
[2026-09-18 10:06:56.224] [INFO ] DataDriver - root.p_Vertices[639]: set id = "vertex_639"
[2026-09-18 10:06:56.224] [INFO ] DataDriver - root.p_Vertices[639]: set edge_id = "edge_51"
[2026-09-18 10:06:56.224] [INFO ] DataDriver - root.p_Vertices[639]: set edge_index = 63
[2026-09-18 10:06:56.224] [INFO ] DataDriver - root.p_Vertices[639]: set x = 1161.380371
[2026-09-18 10:06:56.224] [INFO ] DataDriver - root.p_Vertices[639]: set y = 587.52356
[2026-09-18 10:06:56.224] [INFO ] DataDriver - root.p_Vertices[639]: set z = 2.0E-6
[2026-09-18 10:06:56.224] [INFO ] DataDriver - root.p_Vertices[640]: set id = "vertex_640"
[2026-09-18 10:06:56.224] [INFO ] DataDriver - root.p_Vertices[640]: set edge_id = "edge_51"
[2026-09-18 10:06:56.224] [INFO ] DataDriver - root.p_Vertices[640]: set edge_index = 64
[2026-09-18 10:06:56.224] [INFO ] DataDriver - root.p_Vertices[640]: set x = 1168.75293
[2026-09-18 10:06:56.224] [INFO ] DataDriver - root.p_Vertices[640]: set y = 588.893188
[2026-09-18 10:06:56.224] [INFO ] DataDriver - root.p_Vertices[640]: set z = -1.0E-6
[2026-09-18 10:06:56.224] [INFO ] DataDriver - root.p_Vertices[641]: set id = "vertex_641"
[2026-09-18 10:06:56.224] [INFO ] DataDriver - root.p_Vertices[641]: set edge_id = "edge_51"
[2026-09-18 10:06:56.224] [INFO ] DataDriver - root.p_Vertices[641]: set edge_index = 65
[2026-09-18 10:06:56.224] [INFO ] DataDriver - root.p_Vertices[641]: set x = 1176.273193
[2026-09-18 10:06:56.224] [INFO ] DataDriver - root.p_Vertices[641]: set y = 589.653229
[2026-09-18 10:06:56.224] [INFO ] DataDriver - root.p_Vertices[641]: set z = 1.0E-6
[2026-09-18 10:06:56.224] [INFO ] DataDriver - root.p_Vertices[642]: set id = "vertex_642"
[2026-09-18 10:06:56.224] [INFO ] DataDriver - root.p_Vertices[642]: set edge_id = "edge_51"
[2026-09-18 10:06:56.224] [INFO ] DataDriver - root.p_Vertices[642]: set edge_index = 66
[2026-09-18 10:06:56.224] [INFO ] DataDriver - root.p_Vertices[642]: set x = 1231.015625
[2026-09-18 10:06:56.224] [INFO ] DataDriver - root.p_Vertices[642]: set y = 591.4701230000001
[2026-09-18 10:06:56.225] [INFO ] DataDriver - root.p_Vertices[642]: set z = -1.0E-6
[2026-09-18 10:06:56.225] [INFO ] DataDriver - root.p_Vertices[643]: set id = "vertex_643"
[2026-09-18 10:06:56.225] [INFO ] DataDriver - root.p_Vertices[643]: set edge_id = "edge_51"
[2026-09-18 10:06:56.225] [INFO ] DataDriver - root.p_Vertices[643]: set edge_index = 67
[2026-09-18 10:06:56.225] [INFO ] DataDriver - root.p_Vertices[643]: set x = 1256.59729
[2026-09-18 10:06:56.225] [INFO ] DataDriver - root.p_Vertices[643]: set y = 591.054657
[2026-09-18 10:06:56.225] [INFO ] DataDriver - root.p_Vertices[643]: set z = 1.0E-6
[2026-09-18 10:06:56.225] [INFO ] DataDriver - root.p_Vertices[644]: set id = "vertex_644"
[2026-09-18 10:06:56.225] [INFO ] DataDriver - root.p_Vertices[644]: set edge_id = "edge_51"
[2026-09-18 10:06:56.225] [INFO ] DataDriver - root.p_Vertices[644]: set edge_index = 68
[2026-09-18 10:06:56.225] [INFO ] DataDriver - root.p_Vertices[644]: set x = 1271.151123
[2026-09-18 10:06:56.225] [INFO ] DataDriver - root.p_Vertices[644]: set y = 589.375
[2026-09-18 10:06:56.225] [INFO ] DataDriver - root.p_Vertices[644]: set z = 0.0
[2026-09-18 10:06:56.225] [INFO ] DataDriver - root.p_Vertices[645]: set id = "vertex_645"
[2026-09-18 10:06:56.225] [INFO ] DataDriver - root.p_Vertices[645]: set edge_id = "edge_51"
[2026-09-18 10:06:56.225] [INFO ] DataDriver - root.p_Vertices[645]: set edge_index = 69
[2026-09-18 10:06:56.225] [INFO ] DataDriver - root.p_Vertices[645]: set x = 1274.887268
[2026-09-18 10:06:56.225] [INFO ] DataDriver - root.p_Vertices[645]: set y = 588.606018
[2026-09-18 10:06:56.225] [INFO ] DataDriver - root.p_Vertices[645]: set z = 1.0E-6
[2026-09-18 10:06:56.225] [INFO ] DataDriver - root.p_Vertices[646]: set id = "vertex_646"
[2026-09-18 10:06:56.225] [INFO ] DataDriver - root.p_Vertices[646]: set edge_id = "edge_51"
[2026-09-18 10:06:56.225] [INFO ] DataDriver - root.p_Vertices[646]: set edge_index = 70
[2026-09-18 10:06:56.225] [INFO ] DataDriver - root.p_Vertices[646]: set x = 1277.711243
[2026-09-18 10:06:56.225] [INFO ] DataDriver - root.p_Vertices[646]: set y = 587.700378
[2026-09-18 10:06:56.225] [INFO ] DataDriver - root.p_Vertices[646]: set z = 0.0
[2026-09-18 10:06:56.225] [INFO ] DataDriver - root.p_Vertices[647]: set id = "vertex_647"
[2026-09-18 10:06:56.225] [INFO ] DataDriver - root.p_Vertices[647]: set edge_id = "edge_51"
[2026-09-18 10:06:56.225] [INFO ] DataDriver - root.p_Vertices[647]: set edge_index = 71
[2026-09-18 10:06:56.225] [INFO ] DataDriver - root.p_Vertices[647]: set x = 1279.852783
[2026-09-18 10:06:56.225] [INFO ] DataDriver - root.p_Vertices[647]: set y = 586.677612
[2026-09-18 10:06:56.225] [INFO ] DataDriver - root.p_Vertices[647]: set z = 0.0
[2026-09-18 10:06:56.225] [INFO ] DataDriver - root.p_Vertices[648]: set id = "vertex_648"
[2026-09-18 10:06:56.225] [INFO ] DataDriver - root.p_Vertices[648]: set edge_id = "edge_51"
[2026-09-18 10:06:56.225] [INFO ] DataDriver - root.p_Vertices[648]: set edge_index = 72
[2026-09-18 10:06:56.225] [INFO ] DataDriver - root.p_Vertices[648]: set x = 1281.595947
[2026-09-18 10:06:56.225] [INFO ] DataDriver - root.p_Vertices[648]: set y = 585.527954
[2026-09-18 10:06:56.225] [INFO ] DataDriver - root.p_Vertices[648]: set z = 0.0
[2026-09-18 10:06:56.225] [INFO ] DataDriver - root.p_Vertices[649]: set id = "vertex_649"
[2026-09-18 10:06:56.225] [INFO ] DataDriver - root.p_Vertices[649]: set edge_id = "edge_51"
[2026-09-18 10:06:56.225] [INFO ] DataDriver - root.p_Vertices[649]: set edge_index = 73
[2026-09-18 10:06:56.225] [INFO ] DataDriver - root.p_Vertices[649]: set x = 1282.956726
[2026-09-18 10:06:56.225] [INFO ] DataDriver - root.p_Vertices[649]: set y = 584.154724
[2026-09-18 10:06:56.225] [INFO ] DataDriver - root.p_Vertices[649]: set z = 0.0
[2026-09-18 10:06:56.225] [INFO ] DataDriver - root.p_Vertices[650]: set id = "vertex_650"
[2026-09-18 10:06:56.225] [INFO ] DataDriver - root.p_Vertices[650]: set edge_id = "edge_51"
[2026-09-18 10:06:56.225] [INFO ] DataDriver - root.p_Vertices[650]: set edge_index = 74
[2026-09-18 10:06:56.225] [INFO ] DataDriver - root.p_Vertices[650]: set x = 1283.8676150000001
[2026-09-18 10:06:56.225] [INFO ] DataDriver - root.p_Vertices[650]: set y = 582.4851679999999
[2026-09-18 10:06:56.225] [INFO ] DataDriver - root.p_Vertices[650]: set z = 1.0E-6
[2026-09-18 10:06:56.225] [INFO ] DataDriver - root.p_Vertices[651]: set id = "vertex_651"
[2026-09-18 10:06:56.225] [INFO ] DataDriver - root.p_Vertices[651]: set edge_id = "edge_51"
[2026-09-18 10:06:56.225] [INFO ] DataDriver - root.p_Vertices[651]: set edge_index = 75
[2026-09-18 10:06:56.225] [INFO ] DataDriver - root.p_Vertices[651]: set x = 1284.440796
[2026-09-18 10:06:56.225] [INFO ] DataDriver - root.p_Vertices[651]: set y = 580.619629
[2026-09-18 10:06:56.225] [INFO ] DataDriver - root.p_Vertices[651]: set z = 0.0
[2026-09-18 10:06:56.225] [INFO ] DataDriver - root.p_Vertices[652]: set id = "vertex_652"
[2026-09-18 10:06:56.225] [INFO ] DataDriver - root.p_Vertices[652]: set edge_id = "edge_51"
[2026-09-18 10:06:56.225] [INFO ] DataDriver - root.p_Vertices[652]: set edge_index = 76
[2026-09-18 10:06:56.225] [INFO ] DataDriver - root.p_Vertices[652]: set x = 1284.794312
[2026-09-18 10:06:56.225] [INFO ] DataDriver - root.p_Vertices[652]: set y = 578.739502
[2026-09-18 10:06:56.225] [INFO ] DataDriver - root.p_Vertices[652]: set z = 0.0
[2026-09-18 10:06:56.225] [INFO ] DataDriver - root.p_Vertices[653]: set id = "vertex_653"
[2026-09-18 10:06:56.225] [INFO ] DataDriver - root.p_Vertices[653]: set edge_id = "edge_51"
[2026-09-18 10:06:56.225] [INFO ] DataDriver - root.p_Vertices[653]: set edge_index = 77
[2026-09-18 10:06:56.225] [INFO ] DataDriver - root.p_Vertices[653]: set x = 1284.8976440000001
[2026-09-18 10:06:56.225] [INFO ] DataDriver - root.p_Vertices[653]: set y = 577.014221
[2026-09-18 10:06:56.225] [INFO ] DataDriver - root.p_Vertices[653]: set z = 0.0
[2026-09-18 10:06:56.225] [INFO ] DataDriver - root.p_Vertices[654]: set id = "vertex_654"
[2026-09-18 10:06:56.225] [INFO ] DataDriver - root.p_Vertices[654]: set edge_id = "edge_51"
[2026-09-18 10:06:56.226] [INFO ] DataDriver - root.p_Vertices[654]: set edge_index = 78
[2026-09-18 10:06:56.226] [INFO ] DataDriver - root.p_Vertices[654]: set x = 1284.687195
[2026-09-18 10:06:56.226] [INFO ] DataDriver - root.p_Vertices[654]: set y = 575.529724
[2026-09-18 10:06:56.226] [INFO ] DataDriver - root.p_Vertices[654]: set z = 0.0
[2026-09-18 10:06:56.226] [INFO ] DataDriver - root.p_Vertices[655]: set id = "vertex_655"
[2026-09-18 10:06:56.226] [INFO ] DataDriver - root.p_Vertices[655]: set edge_id = "edge_51"
[2026-09-18 10:06:56.226] [INFO ] DataDriver - root.p_Vertices[655]: set edge_index = 79
[2026-09-18 10:06:56.226] [INFO ] DataDriver - root.p_Vertices[655]: set x = 1284.210815
[2026-09-18 10:06:56.226] [INFO ] DataDriver - root.p_Vertices[655]: set y = 574.20993
[2026-09-18 10:06:56.226] [INFO ] DataDriver - root.p_Vertices[655]: set z = 1.0E-6
[2026-09-18 10:06:56.226] [INFO ] DataDriver - root.p_Vertices[656]: set id = "vertex_656"
[2026-09-18 10:06:56.226] [INFO ] DataDriver - root.p_Vertices[656]: set edge_id = "edge_51"
[2026-09-18 10:06:56.226] [INFO ] DataDriver - root.p_Vertices[656]: set edge_index = 80
[2026-09-18 10:06:56.226] [INFO ] DataDriver - root.p_Vertices[656]: set x = 1283.451172
[2026-09-18 10:06:56.226] [INFO ] DataDriver - root.p_Vertices[656]: set y = 572.914642
[2026-09-18 10:06:56.226] [INFO ] DataDriver - root.p_Vertices[656]: set z = 0.0
[2026-09-18 10:06:56.226] [INFO ] DataDriver - root.p_Vertices[657]: set id = "vertex_657"
[2026-09-18 10:06:56.226] [INFO ] DataDriver - root.p_Vertices[657]: set edge_id = "edge_51"
[2026-09-18 10:06:56.226] [INFO ] DataDriver - root.p_Vertices[657]: set edge_index = 81
[2026-09-18 10:06:56.226] [INFO ] DataDriver - root.p_Vertices[657]: set x = 1282.19989
[2026-09-18 10:06:56.226] [INFO ] DataDriver - root.p_Vertices[657]: set y = 571.519226
[2026-09-18 10:06:56.226] [INFO ] DataDriver - root.p_Vertices[657]: set z = 1.0E-6
[2026-09-18 10:06:56.226] [INFO ] DataDriver - root.p_Vertices[658]: set id = "vertex_658"
[2026-09-18 10:06:56.226] [INFO ] DataDriver - root.p_Vertices[658]: set edge_id = "edge_51"
[2026-09-18 10:06:56.226] [INFO ] DataDriver - root.p_Vertices[658]: set edge_index = 82
[2026-09-18 10:06:56.226] [INFO ] DataDriver - root.p_Vertices[658]: set x = 1280.289185
[2026-09-18 10:06:56.226] [INFO ] DataDriver - root.p_Vertices[658]: set y = 569.961151
[2026-09-18 10:06:56.226] [INFO ] DataDriver - root.p_Vertices[658]: set z = 0.0
[2026-09-18 10:06:56.226] [INFO ] DataDriver - root.p_Vertices[659]: set id = "vertex_659"
[2026-09-18 10:06:56.226] [INFO ] DataDriver - root.p_Vertices[659]: set edge_id = "edge_51"
[2026-09-18 10:06:56.226] [INFO ] DataDriver - root.p_Vertices[659]: set edge_index = 83
[2026-09-18 10:06:56.226] [INFO ] DataDriver - root.p_Vertices[659]: set x = 1275.103088
[2026-09-18 10:06:56.226] [INFO ] DataDriver - root.p_Vertices[659]: set y = 566.537659
[2026-09-18 10:06:56.226] [INFO ] DataDriver - root.p_Vertices[659]: set z = 0.0
[2026-09-18 10:06:56.226] [INFO ] DataDriver - root.p_Vertices[660]: set id = "vertex_660"
[2026-09-18 10:06:56.226] [INFO ] DataDriver - root.p_Vertices[660]: set edge_id = "edge_51"
[2026-09-18 10:06:56.226] [INFO ] DataDriver - root.p_Vertices[660]: set edge_index = 84
[2026-09-18 10:06:56.226] [INFO ] DataDriver - root.p_Vertices[660]: set x = 1271.897827
[2026-09-18 10:06:56.226] [INFO ] DataDriver - root.p_Vertices[660]: set y = 564.758545
[2026-09-18 10:06:56.226] [INFO ] DataDriver - root.p_Vertices[660]: set z = 0.0
[2026-09-18 10:06:56.226] [INFO ] DataDriver - root.p_Vertices[661]: set id = "vertex_661"
[2026-09-18 10:06:56.226] [INFO ] DataDriver - root.p_Vertices[661]: set edge_id = "edge_51"
[2026-09-18 10:06:56.226] [INFO ] DataDriver - root.p_Vertices[661]: set edge_index = 85
[2026-09-18 10:06:56.226] [INFO ] DataDriver - root.p_Vertices[661]: set x = 1259.285278
[2026-09-18 10:06:56.226] [INFO ] DataDriver - root.p_Vertices[661]: set y = 559.26416
[2026-09-18 10:06:56.226] [INFO ] DataDriver - root.p_Vertices[661]: set z = 0.0
[2026-09-18 10:06:56.226] [INFO ] DataDriver - root.p_Vertices[662]: set id = "vertex_662"
[2026-09-18 10:06:56.226] [INFO ] DataDriver - root.p_Vertices[662]: set edge_id = "edge_51"
[2026-09-18 10:06:56.226] [INFO ] DataDriver - root.p_Vertices[662]: set edge_index = 86
[2026-09-18 10:06:56.226] [INFO ] DataDriver - root.p_Vertices[662]: set x = 1093.289734
[2026-09-18 10:06:56.226] [INFO ] DataDriver - root.p_Vertices[662]: set y = 503.933167
[2026-09-18 10:06:56.226] [INFO ] DataDriver - root.p_Vertices[662]: set z = 0.0
[2026-09-18 10:06:56.226] [INFO ] DataDriver - root.p_Vertices[663]: set id = "vertex_663"
[2026-09-18 10:06:56.226] [INFO ] DataDriver - root.p_Vertices[663]: set edge_id = "edge_51"
[2026-09-18 10:06:56.226] [INFO ] DataDriver - root.p_Vertices[663]: set edge_index = 87
[2026-09-18 10:06:56.226] [INFO ] DataDriver - root.p_Vertices[663]: set x = 1069.296509
[2026-09-18 10:06:56.226] [INFO ] DataDriver - root.p_Vertices[663]: set y = 498.330231
[2026-09-18 10:06:56.226] [INFO ] DataDriver - root.p_Vertices[663]: set z = 0.0
[2026-09-18 10:06:56.226] [INFO ] DataDriver - root.p_Vertices[664]: set id = "vertex_664"
[2026-09-18 10:06:56.226] [INFO ] DataDriver - root.p_Vertices[664]: set edge_id = "edge_51"
[2026-09-18 10:06:56.226] [INFO ] DataDriver - root.p_Vertices[664]: set edge_index = 88
[2026-09-18 10:06:56.226] [INFO ] DataDriver - root.p_Vertices[664]: set x = 1019.583069
[2026-09-18 10:06:56.226] [INFO ] DataDriver - root.p_Vertices[664]: set y = 492.702209
[2026-09-18 10:06:56.226] [INFO ] DataDriver - root.p_Vertices[664]: set z = 1.0E-6
[2026-09-18 10:06:56.226] [INFO ] DataDriver - root.p_Vertices[665]: set id = "vertex_665"
[2026-09-18 10:06:56.226] [INFO ] DataDriver - root.p_Vertices[665]: set edge_id = "edge_51"
[2026-09-18 10:06:56.226] [INFO ] DataDriver - root.p_Vertices[665]: set edge_index = 89
[2026-09-18 10:06:56.226] [INFO ] DataDriver - root.p_Vertices[665]: set x = 989.697754
[2026-09-18 10:06:56.226] [INFO ] DataDriver - root.p_Vertices[665]: set y = 492.781219
[2026-09-18 10:06:56.226] [INFO ] DataDriver - root.p_Vertices[665]: set z = 0.0
[2026-09-18 10:06:56.226] [INFO ] DataDriver - root.p_Vertices[666]: set id = "vertex_666"
[2026-09-18 10:06:56.226] [INFO ] DataDriver - root.p_Vertices[666]: set edge_id = "edge_51"
[2026-09-18 10:06:56.226] [INFO ] DataDriver - root.p_Vertices[666]: set edge_index = 90
[2026-09-18 10:06:56.226] [INFO ] DataDriver - root.p_Vertices[666]: set x = 985.20105
[2026-09-18 10:06:56.226] [INFO ] DataDriver - root.p_Vertices[666]: set y = 492.241394
[2026-09-18 10:06:56.226] [INFO ] DataDriver - root.p_Vertices[666]: set z = 0.0
[2026-09-18 10:06:56.226] [INFO ] DataDriver - root.p_Vertices[667]: set id = "vertex_667"
[2026-09-18 10:06:56.226] [INFO ] DataDriver - root.p_Vertices[667]: set edge_id = "edge_51"
[2026-09-18 10:06:56.226] [INFO ] DataDriver - root.p_Vertices[667]: set edge_index = 91
[2026-09-18 10:06:56.227] [INFO ] DataDriver - root.p_Vertices[667]: set x = 980.7919919999999
[2026-09-18 10:06:56.227] [INFO ] DataDriver - root.p_Vertices[667]: set y = 491.257172
[2026-09-18 10:06:56.227] [INFO ] DataDriver - root.p_Vertices[667]: set z = 0.0
[2026-09-18 10:06:56.227] [INFO ] DataDriver - root.p_Vertices[668]: set id = "vertex_668"
[2026-09-18 10:06:56.227] [INFO ] DataDriver - root.p_Vertices[668]: set edge_id = "edge_51"
[2026-09-18 10:06:56.227] [INFO ] DataDriver - root.p_Vertices[668]: set edge_index = 92
[2026-09-18 10:06:56.227] [INFO ] DataDriver - root.p_Vertices[668]: set x = 976.520386
[2026-09-18 10:06:56.227] [INFO ] DataDriver - root.p_Vertices[668]: set y = 489.840332
[2026-09-18 10:06:56.227] [INFO ] DataDriver - root.p_Vertices[668]: set z = 0.0
[2026-09-18 10:06:56.227] [INFO ] DataDriver - root.p_Vertices[669]: set id = "vertex_669"
[2026-09-18 10:06:56.227] [INFO ] DataDriver - root.p_Vertices[669]: set edge_id = "edge_51"
[2026-09-18 10:06:56.227] [INFO ] DataDriver - root.p_Vertices[669]: set edge_index = 93
[2026-09-18 10:06:56.227] [INFO ] DataDriver - root.p_Vertices[669]: set x = 972.410889
[2026-09-18 10:06:56.227] [INFO ] DataDriver - root.p_Vertices[669]: set y = 487.99765
[2026-09-18 10:06:56.227] [INFO ] DataDriver - root.p_Vertices[669]: set z = 0.0
[2026-09-18 10:06:56.227] [INFO ] DataDriver - root.p_Vertices[670]: set id = "vertex_670"
[2026-09-18 10:06:56.227] [INFO ] DataDriver - root.p_Vertices[670]: set edge_id = "edge_51"
[2026-09-18 10:06:56.227] [INFO ] DataDriver - root.p_Vertices[670]: set edge_index = 94
[2026-09-18 10:06:56.227] [INFO ] DataDriver - root.p_Vertices[670]: set x = 968.517822
[2026-09-18 10:06:56.227] [INFO ] DataDriver - root.p_Vertices[670]: set y = 485.755615
[2026-09-18 10:06:56.227] [INFO ] DataDriver - root.p_Vertices[670]: set z = 0.0
[2026-09-18 10:06:56.227] [INFO ] DataDriver - root.p_Vertices[671]: set id = "vertex_671"
[2026-09-18 10:06:56.227] [INFO ] DataDriver - root.p_Vertices[671]: set edge_id = "edge_51"
[2026-09-18 10:06:56.227] [INFO ] DataDriver - root.p_Vertices[671]: set edge_index = 95
[2026-09-18 10:06:56.227] [INFO ] DataDriver - root.p_Vertices[671]: set x = 964.862183
[2026-09-18 10:06:56.227] [INFO ] DataDriver - root.p_Vertices[671]: set y = 483.093384
[2026-09-18 10:06:56.227] [INFO ] DataDriver - root.p_Vertices[671]: set z = 0.0
[2026-09-18 10:06:56.227] [INFO ] DataDriver - root.p_Vertices[672]: set id = "vertex_672"
[2026-09-18 10:06:56.227] [INFO ] DataDriver - root.p_Vertices[672]: set edge_id = "edge_51"
[2026-09-18 10:06:56.227] [INFO ] DataDriver - root.p_Vertices[672]: set edge_index = 96
[2026-09-18 10:06:56.227] [INFO ] DataDriver - root.p_Vertices[672]: set x = 963.138428
[2026-09-18 10:06:56.227] [INFO ] DataDriver - root.p_Vertices[672]: set y = 481.568481
[2026-09-18 10:06:56.227] [INFO ] DataDriver - root.p_Vertices[672]: set z = 0.0
[2026-09-18 10:06:56.227] [INFO ] DataDriver - root.p_Vertices[673]: set id = "vertex_673"
[2026-09-18 10:06:56.227] [INFO ] DataDriver - root.p_Vertices[673]: set edge_id = "edge_51"
[2026-09-18 10:06:56.227] [INFO ] DataDriver - root.p_Vertices[673]: set edge_index = 97
[2026-09-18 10:06:56.227] [INFO ] DataDriver - root.p_Vertices[673]: set x = 961.52124
[2026-09-18 10:06:56.227] [INFO ] DataDriver - root.p_Vertices[673]: set y = 479.848755
[2026-09-18 10:06:56.227] [INFO ] DataDriver - root.p_Vertices[673]: set z = 0.0
[2026-09-18 10:06:56.227] [INFO ] DataDriver - root.p_Vertices[674]: set id = "vertex_674"
[2026-09-18 10:06:56.227] [INFO ] DataDriver - root.p_Vertices[674]: set edge_id = "edge_51"
[2026-09-18 10:06:56.227] [INFO ] DataDriver - root.p_Vertices[674]: set edge_index = 98
[2026-09-18 10:06:56.227] [INFO ] DataDriver - root.p_Vertices[674]: set x = 958.576416
[2026-09-18 10:06:56.227] [INFO ] DataDriver - root.p_Vertices[674]: set y = 476.034424
[2026-09-18 10:06:56.227] [INFO ] DataDriver - root.p_Vertices[674]: set z = 0.0
[2026-09-18 10:06:56.227] [INFO ] DataDriver - root.p_Vertices[675]: set id = "vertex_675"
[2026-09-18 10:06:56.227] [INFO ] DataDriver - root.p_Vertices[675]: set edge_id = "edge_51"
[2026-09-18 10:06:56.227] [INFO ] DataDriver - root.p_Vertices[675]: set edge_index = 99
[2026-09-18 10:06:56.227] [INFO ] DataDriver - root.p_Vertices[675]: set x = 957.345337
[2026-09-18 10:06:56.227] [INFO ] DataDriver - root.p_Vertices[675]: set y = 474.003479
[2026-09-18 10:06:56.227] [INFO ] DataDriver - root.p_Vertices[675]: set z = 0.0
[2026-09-18 10:06:56.227] [INFO ] DataDriver - root.p_Vertices[676]: set id = "vertex_676"
[2026-09-18 10:06:56.227] [INFO ] DataDriver - root.p_Vertices[676]: set edge_id = "edge_51"
[2026-09-18 10:06:56.227] [INFO ] DataDriver - root.p_Vertices[676]: set edge_index = 100
[2026-09-18 10:06:56.227] [INFO ] DataDriver - root.p_Vertices[676]: set x = 956.370361
[2026-09-18 10:06:56.227] [INFO ] DataDriver - root.p_Vertices[676]: set y = 471.876709
[2026-09-18 10:06:56.227] [INFO ] DataDriver - root.p_Vertices[676]: set z = 0.0
[2026-09-18 10:06:56.227] [INFO ] DataDriver - root.p_Vertices[677]: set id = "vertex_677"
[2026-09-18 10:06:56.227] [INFO ] DataDriver - root.p_Vertices[677]: set edge_id = "edge_51"
[2026-09-18 10:06:56.227] [INFO ] DataDriver - root.p_Vertices[677]: set edge_index = 101
[2026-09-18 10:06:56.227] [INFO ] DataDriver - root.p_Vertices[677]: set x = 954.96582
[2026-09-18 10:06:56.227] [INFO ] DataDriver - root.p_Vertices[677]: set y = 467.459167
[2026-09-18 10:06:56.227] [INFO ] DataDriver - root.p_Vertices[677]: set z = 0.0
[2026-09-18 10:06:56.227] [INFO ] DataDriver - root.p_Vertices[678]: set id = "vertex_678"
[2026-09-18 10:06:56.227] [INFO ] DataDriver - root.p_Vertices[678]: set edge_id = "edge_51"
[2026-09-18 10:06:56.227] [INFO ] DataDriver - root.p_Vertices[678]: set edge_index = 102
[2026-09-18 10:06:56.227] [INFO ] DataDriver - root.p_Vertices[678]: set x = 954.5323490000001
[2026-09-18 10:06:56.228] [INFO ] DataDriver - root.p_Vertices[678]: set y = 465.225403
[2026-09-18 10:06:56.228] [INFO ] DataDriver - root.p_Vertices[678]: set z = 0.0
[2026-09-18 10:06:56.228] [INFO ] DataDriver - root.p_Vertices[679]: set id = "vertex_679"
[2026-09-18 10:06:56.228] [INFO ] DataDriver - root.p_Vertices[679]: set edge_id = "edge_54"
[2026-09-18 10:06:56.228] [INFO ] DataDriver - root.p_Vertices[679]: set edge_index = 0
[2026-09-18 10:06:56.228] [INFO ] DataDriver - root.p_Vertices[679]: set x = 714.2354740000001
[2026-09-18 10:06:56.228] [INFO ] DataDriver - root.p_Vertices[679]: set y = 802.310684
[2026-09-18 10:06:56.228] [INFO ] DataDriver - root.p_Vertices[679]: set z = 0.0
[2026-09-18 10:06:56.228] [INFO ] DataDriver - root.p_Vertices[680]: set id = "vertex_680"
[2026-09-18 10:06:56.228] [INFO ] DataDriver - root.p_Vertices[680]: set edge_id = "edge_54"
[2026-09-18 10:06:56.228] [INFO ] DataDriver - root.p_Vertices[680]: set edge_index = 1
[2026-09-18 10:06:56.228] [INFO ] DataDriver - root.p_Vertices[680]: set x = 711.6319579999999
[2026-09-18 10:06:56.228] [INFO ] DataDriver - root.p_Vertices[680]: set y = 801.995468
[2026-09-18 10:06:56.228] [INFO ] DataDriver - root.p_Vertices[680]: set z = 0.0
[2026-09-18 10:06:56.228] [INFO ] DataDriver - root.p_Vertices[681]: set id = "vertex_681"
[2026-09-18 10:06:56.228] [INFO ] DataDriver - root.p_Vertices[681]: set edge_id = "edge_54"
[2026-09-18 10:06:56.228] [INFO ] DataDriver - root.p_Vertices[681]: set edge_index = 2
[2026-09-18 10:06:56.228] [INFO ] DataDriver - root.p_Vertices[681]: set x = 709.15625
[2026-09-18 10:06:56.228] [INFO ] DataDriver - root.p_Vertices[681]: set y = 802.026367
[2026-09-18 10:06:56.228] [INFO ] DataDriver - root.p_Vertices[681]: set z = -8.0E-6
[2026-09-18 10:06:56.228] [INFO ] DataDriver - root.p_Vertices[682]: set id = "vertex_682"
[2026-09-18 10:06:56.228] [INFO ] DataDriver - root.p_Vertices[682]: set edge_id = "edge_54"
[2026-09-18 10:06:56.228] [INFO ] DataDriver - root.p_Vertices[682]: set edge_index = 3
[2026-09-18 10:06:56.228] [INFO ] DataDriver - root.p_Vertices[682]: set x = 706.785889
[2026-09-18 10:06:56.228] [INFO ] DataDriver - root.p_Vertices[682]: set y = 802.320618
[2026-09-18 10:06:56.228] [INFO ] DataDriver - root.p_Vertices[682]: set z = 1.5E-5
[2026-09-18 10:06:56.228] [INFO ] DataDriver - root.p_Vertices[683]: set id = "vertex_683"
[2026-09-18 10:06:56.228] [INFO ] DataDriver - root.p_Vertices[683]: set edge_id = "edge_54"
[2026-09-18 10:06:56.228] [INFO ] DataDriver - root.p_Vertices[683]: set edge_index = 4
[2026-09-18 10:06:56.228] [INFO ] DataDriver - root.p_Vertices[683]: set x = 704.50415
[2026-09-18 10:06:56.228] [INFO ] DataDriver - root.p_Vertices[683]: set y = 802.781494
[2026-09-18 10:06:56.228] [INFO ] DataDriver - root.p_Vertices[683]: set z = 0.0
[2026-09-18 10:06:56.228] [INFO ] DataDriver - root.p_Vertices[684]: set id = "vertex_684"
[2026-09-18 10:06:56.228] [INFO ] DataDriver - root.p_Vertices[684]: set edge_id = "edge_54"
[2026-09-18 10:06:56.228] [INFO ] DataDriver - root.p_Vertices[684]: set edge_index = 5
[2026-09-18 10:06:56.228] [INFO ] DataDriver - root.p_Vertices[684]: set x = 702.353516
[2026-09-18 10:06:56.228] [INFO ] DataDriver - root.p_Vertices[684]: set y = 803.424957
[2026-09-18 10:06:56.228] [INFO ] DataDriver - root.p_Vertices[684]: set z = 0.0
[2026-09-18 10:06:56.228] [INFO ] DataDriver - root.p_Vertices[685]: set id = "vertex_685"
[2026-09-18 10:06:56.228] [INFO ] DataDriver - root.p_Vertices[685]: set edge_id = "edge_54"
[2026-09-18 10:06:56.228] [INFO ] DataDriver - root.p_Vertices[685]: set edge_index = 6
[2026-09-18 10:06:56.228] [INFO ] DataDriver - root.p_Vertices[685]: set x = 700.3739009999999
[2026-09-18 10:06:56.233] [INFO ] DataDriver - root.p_Vertices[685]: set y = 804.292816
[2026-09-18 10:06:56.233] [INFO ] DataDriver - root.p_Vertices[685]: set z = -8.0E-6
[2026-09-18 10:06:56.233] [INFO ] DataDriver - root.p_Vertices[686]: set id = "vertex_686"
[2026-09-18 10:06:56.233] [INFO ] DataDriver - root.p_Vertices[686]: set edge_id = "edge_54"
[2026-09-18 10:06:56.233] [INFO ] DataDriver - root.p_Vertices[686]: set edge_index = 7
[2026-09-18 10:06:56.233] [INFO ] DataDriver - root.p_Vertices[686]: set x = 698.5234379999999
[2026-09-18 10:06:56.233] [INFO ] DataDriver - root.p_Vertices[686]: set y = 805.336121
[2026-09-18 10:06:56.233] [INFO ] DataDriver - root.p_Vertices[686]: set z = 0.0
[2026-09-18 10:06:56.233] [INFO ] DataDriver - root.p_Vertices[687]: set id = "vertex_687"
[2026-09-18 10:06:56.233] [INFO ] DataDriver - root.p_Vertices[687]: set edge_id = "edge_54"
[2026-09-18 10:06:56.233] [INFO ] DataDriver - root.p_Vertices[687]: set edge_index = 8
[2026-09-18 10:06:56.233] [INFO ] DataDriver - root.p_Vertices[687]: set x = 696.757568
[2026-09-18 10:06:56.233] [INFO ] DataDriver - root.p_Vertices[687]: set y = 806.511749
[2026-09-18 10:06:56.233] [INFO ] DataDriver - root.p_Vertices[687]: set z = 0.0
[2026-09-18 10:06:56.233] [INFO ] DataDriver - root.p_Vertices[688]: set id = "vertex_688"
[2026-09-18 10:06:56.233] [INFO ] DataDriver - root.p_Vertices[688]: set edge_id = "edge_54"
[2026-09-18 10:06:56.233] [INFO ] DataDriver - root.p_Vertices[688]: set edge_index = 9
[2026-09-18 10:06:56.233] [INFO ] DataDriver - root.p_Vertices[688]: set x = 695.093262
[2026-09-18 10:06:56.233] [INFO ] DataDriver - root.p_Vertices[688]: set y = 807.862366
[2026-09-18 10:06:56.233] [INFO ] DataDriver - root.p_Vertices[688]: set z = 8.0E-6
[2026-09-18 10:06:56.233] [INFO ] DataDriver - root.p_Vertices[689]: set id = "vertex_689"
[2026-09-18 10:06:56.233] [INFO ] DataDriver - root.p_Vertices[689]: set edge_id = "edge_54"
[2026-09-18 10:06:56.233] [INFO ] DataDriver - root.p_Vertices[689]: set edge_index = 10
[2026-09-18 10:06:56.233] [INFO ] DataDriver - root.p_Vertices[689]: set x = 693.5615230000001
[2026-09-18 10:06:56.233] [INFO ] DataDriver - root.p_Vertices[689]: set y = 809.435242
[2026-09-18 10:06:56.233] [INFO ] DataDriver - root.p_Vertices[689]: set z = 8.0E-6
[2026-09-18 10:06:56.233] [INFO ] DataDriver - root.p_Vertices[690]: set id = "vertex_690"
[2026-09-18 10:06:56.233] [INFO ] DataDriver - root.p_Vertices[690]: set edge_id = "edge_54"
[2026-09-18 10:06:56.233] [INFO ] DataDriver - root.p_Vertices[690]: set edge_index = 11
[2026-09-18 10:06:56.233] [INFO ] DataDriver - root.p_Vertices[690]: set x = 692.153198
[2026-09-18 10:06:56.233] [INFO ] DataDriver - root.p_Vertices[690]: set y = 811.177612
[2026-09-18 10:06:56.233] [INFO ] DataDriver - root.p_Vertices[690]: set z = -8.0E-6
[2026-09-18 10:06:56.233] [INFO ] DataDriver - root.p_Vertices[691]: set id = "vertex_691"
[2026-09-18 10:06:56.233] [INFO ] DataDriver - root.p_Vertices[691]: set edge_id = "edge_54"
[2026-09-18 10:06:56.233] [INFO ] DataDriver - root.p_Vertices[691]: set edge_index = 12
[2026-09-18 10:06:56.233] [INFO ] DataDriver - root.p_Vertices[691]: set x = 690.9101559999999
[2026-09-18 10:06:56.233] [INFO ] DataDriver - root.p_Vertices[691]: set y = 813.035202
[2026-09-18 10:06:56.233] [INFO ] DataDriver - root.p_Vertices[691]: set z = 8.0E-6
[2026-09-18 10:06:56.233] [INFO ] DataDriver - root.p_Vertices[692]: set id = "vertex_692"
[2026-09-18 10:06:56.233] [INFO ] DataDriver - root.p_Vertices[692]: set edge_id = "edge_54"
[2026-09-18 10:06:56.233] [INFO ] DataDriver - root.p_Vertices[692]: set edge_index = 13
[2026-09-18 10:06:56.233] [INFO ] DataDriver - root.p_Vertices[692]: set x = 689.986572
[2026-09-18 10:06:56.233] [INFO ] DataDriver - root.p_Vertices[692]: set y = 815.031906
[2026-09-18 10:06:56.233] [INFO ] DataDriver - root.p_Vertices[692]: set z = 0.0
[2026-09-18 10:06:56.233] [INFO ] DataDriver - root.p_Vertices[693]: set id = "vertex_693"
[2026-09-18 10:06:56.233] [INFO ] DataDriver - root.p_Vertices[693]: set edge_id = "edge_54"
[2026-09-18 10:06:56.233] [INFO ] DataDriver - root.p_Vertices[693]: set edge_index = 14
[2026-09-18 10:06:56.233] [INFO ] DataDriver - root.p_Vertices[693]: set x = 689.497437
[2026-09-18 10:06:56.233] [INFO ] DataDriver - root.p_Vertices[693]: set y = 817.204254
[2026-09-18 10:06:56.233] [INFO ] DataDriver - root.p_Vertices[693]: set z = 0.0
[2026-09-18 10:06:56.233] [INFO ] DataDriver - root.p_Vertices[694]: set id = "vertex_694"
[2026-09-18 10:06:56.233] [INFO ] DataDriver - root.p_Vertices[694]: set edge_id = "edge_54"
[2026-09-18 10:06:56.233] [INFO ] DataDriver - root.p_Vertices[694]: set edge_index = 15
[2026-09-18 10:06:56.233] [INFO ] DataDriver - root.p_Vertices[694]: set x = 689.334717
[2026-09-18 10:06:56.233] [INFO ] DataDriver - root.p_Vertices[694]: set y = 819.518463
[2026-09-18 10:06:56.233] [INFO ] DataDriver - root.p_Vertices[694]: set z = 8.0E-6
[2026-09-18 10:06:56.233] [INFO ] DataDriver - root.p_Vertices[695]: set id = "vertex_695"
[2026-09-18 10:06:56.233] [INFO ] DataDriver - root.p_Vertices[695]: set edge_id = "edge_54"
[2026-09-18 10:06:56.233] [INFO ] DataDriver - root.p_Vertices[695]: set edge_index = 16
[2026-09-18 10:06:56.233] [INFO ] DataDriver - root.p_Vertices[695]: set x = 689.3642580000001
[2026-09-18 10:06:56.233] [INFO ] DataDriver - root.p_Vertices[695]: set y = 821.95932
[2026-09-18 10:06:56.233] [INFO ] DataDriver - root.p_Vertices[695]: set z = 8.0E-6
[2026-09-18 10:06:56.233] [INFO ] DataDriver - root.p_Vertices[696]: set id = "vertex_696"
[2026-09-18 10:06:56.233] [INFO ] DataDriver - root.p_Vertices[696]: set edge_id = "edge_54"
[2026-09-18 10:06:56.233] [INFO ] DataDriver - root.p_Vertices[696]: set edge_index = 17
[2026-09-18 10:06:56.233] [INFO ] DataDriver - root.p_Vertices[696]: set x = 689.581299
[2026-09-18 10:06:56.233] [INFO ] DataDriver - root.p_Vertices[696]: set y = 824.59906
[2026-09-18 10:06:56.234] [INFO ] DataDriver - root.p_Vertices[696]: set z = -8.0E-6
[2026-09-18 10:06:56.234] [INFO ] DataDriver - root.p_Vertices[697]: set id = "vertex_697"
[2026-09-18 10:06:56.234] [INFO ] DataDriver - root.p_Vertices[697]: set edge_id = "edge_54"
[2026-09-18 10:06:56.234] [INFO ] DataDriver - root.p_Vertices[697]: set edge_index = 18
[2026-09-18 10:06:56.234] [INFO ] DataDriver - root.p_Vertices[697]: set x = 690.692871
[2026-09-18 10:06:56.234] [INFO ] DataDriver - root.p_Vertices[697]: set y = 830.631134
[2026-09-18 10:06:56.234] [INFO ] DataDriver - root.p_Vertices[697]: set z = 0.0
[2026-09-18 10:06:56.234] [INFO ] DataDriver - root.p_Vertices[698]: set id = "vertex_698"
[2026-09-18 10:06:56.234] [INFO ] DataDriver - root.p_Vertices[698]: set edge_id = "edge_54"
[2026-09-18 10:06:56.234] [INFO ] DataDriver - root.p_Vertices[698]: set edge_index = 19
[2026-09-18 10:06:56.234] [INFO ] DataDriver - root.p_Vertices[698]: set x = 691.687012
[2026-09-18 10:06:56.234] [INFO ] DataDriver - root.p_Vertices[698]: set y = 833.964691
[2026-09-18 10:06:56.234] [INFO ] DataDriver - root.p_Vertices[698]: set z = 0.0
[2026-09-18 10:06:56.234] [INFO ] DataDriver - root.p_Vertices[699]: set id = "vertex_699"
[2026-09-18 10:06:56.234] [INFO ] DataDriver - root.p_Vertices[699]: set edge_id = "edge_54"
[2026-09-18 10:06:56.234] [INFO ] DataDriver - root.p_Vertices[699]: set edge_index = 20
[2026-09-18 10:06:56.234] [INFO ] DataDriver - root.p_Vertices[699]: set x = 693.344971
[2026-09-18 10:06:56.234] [INFO ] DataDriver - root.p_Vertices[699]: set y = 837.628906
[2026-09-18 10:06:56.234] [INFO ] DataDriver - root.p_Vertices[699]: set z = 8.0E-6
[2026-09-18 10:06:56.234] [INFO ] DataDriver - root.p_Vertices[700]: set id = "vertex_700"
[2026-09-18 10:06:56.234] [INFO ] DataDriver - root.p_Vertices[700]: set edge_id = "edge_54"
[2026-09-18 10:06:56.234] [INFO ] DataDriver - root.p_Vertices[700]: set edge_index = 21
[2026-09-18 10:06:56.234] [INFO ] DataDriver - root.p_Vertices[700]: set x = 695.919189
[2026-09-18 10:06:56.234] [INFO ] DataDriver - root.p_Vertices[700]: set y = 841.727402
[2026-09-18 10:06:56.234] [INFO ] DataDriver - root.p_Vertices[700]: set z = 1.5E-5
[2026-09-18 10:06:56.234] [INFO ] DataDriver - root.p_Vertices[701]: set id = "vertex_701"
[2026-09-18 10:06:56.234] [INFO ] DataDriver - root.p_Vertices[701]: set edge_id = "edge_54"
[2026-09-18 10:06:56.234] [INFO ] DataDriver - root.p_Vertices[701]: set edge_index = 22
[2026-09-18 10:06:56.234] [INFO ] DataDriver - root.p_Vertices[701]: set x = 703.146973
[2026-09-18 10:06:56.234] [INFO ] DataDriver - root.p_Vertices[701]: set y = 850.751678
[2026-09-18 10:06:56.234] [INFO ] DataDriver - root.p_Vertices[701]: set z = 8.0E-6
[2026-09-18 10:06:56.234] [INFO ] DataDriver - root.p_Vertices[702]: set id = "vertex_702"
[2026-09-18 10:06:56.234] [INFO ] DataDriver - root.p_Vertices[702]: set edge_id = "edge_54"
[2026-09-18 10:06:56.234] [INFO ] DataDriver - root.p_Vertices[702]: set edge_index = 23
[2026-09-18 10:06:56.234] [INFO ] DataDriver - root.p_Vertices[702]: set x = 707.944092
[2026-09-18 10:06:56.234] [INFO ] DataDriver - root.p_Vertices[702]: set y = 855.533508
[2026-09-18 10:06:56.234] [INFO ] DataDriver - root.p_Vertices[702]: set z = 0.0
[2026-09-18 10:06:56.234] [INFO ] DataDriver - root.p_Vertices[703]: set id = "vertex_703"
[2026-09-18 10:06:56.234] [INFO ] DataDriver - root.p_Vertices[703]: set edge_id = "edge_54"
[2026-09-18 10:06:56.234] [INFO ] DataDriver - root.p_Vertices[703]: set edge_index = 24
[2026-09-18 10:06:56.234] [INFO ] DataDriver - root.p_Vertices[703]: set x = 727.860962
[2026-09-18 10:06:56.234] [INFO ] DataDriver - root.p_Vertices[703]: set y = 870.700836
[2026-09-18 10:06:56.234] [INFO ] DataDriver - root.p_Vertices[703]: set z = 0.0
[2026-09-18 10:06:56.234] [INFO ] DataDriver - root.p_Vertices[704]: set id = "vertex_704"
[2026-09-18 10:06:56.234] [INFO ] DataDriver - root.p_Vertices[704]: set edge_id = "edge_54"
[2026-09-18 10:06:56.234] [INFO ] DataDriver - root.p_Vertices[704]: set edge_index = 25
[2026-09-18 10:06:56.234] [INFO ] DataDriver - root.p_Vertices[704]: set x = 743.328125
[2026-09-18 10:06:56.234] [INFO ] DataDriver - root.p_Vertices[704]: set y = 880.003494
[2026-09-18 10:06:56.234] [INFO ] DataDriver - root.p_Vertices[704]: set z = 0.0
[2026-09-18 10:06:56.234] [INFO ] DataDriver - root.p_Vertices[705]: set id = "vertex_705"
[2026-09-18 10:06:56.234] [INFO ] DataDriver - root.p_Vertices[705]: set edge_id = "edge_54"
[2026-09-18 10:06:56.234] [INFO ] DataDriver - root.p_Vertices[705]: set edge_index = 26
[2026-09-18 10:06:56.234] [INFO ] DataDriver - root.p_Vertices[705]: set x = 801.978516
[2026-09-18 10:06:56.234] [INFO ] DataDriver - root.p_Vertices[705]: set y = 906.808861
[2026-09-18 10:06:56.234] [INFO ] DataDriver - root.p_Vertices[705]: set z = 0.0
[2026-09-18 10:06:56.234] [INFO ] DataDriver - root.p_Vertices[706]: set id = "vertex_706"
[2026-09-18 10:06:56.234] [INFO ] DataDriver - root.p_Vertices[706]: set edge_id = "edge_54"
[2026-09-18 10:06:56.234] [INFO ] DataDriver - root.p_Vertices[706]: set edge_index = 27
[2026-09-18 10:06:56.234] [INFO ] DataDriver - root.p_Vertices[706]: set x = 842.441284
[2026-09-18 10:06:56.234] [INFO ] DataDriver - root.p_Vertices[706]: set y = 918.085098
[2026-09-18 10:06:56.234] [INFO ] DataDriver - root.p_Vertices[706]: set z = 0.0
[2026-09-18 10:06:56.234] [INFO ] DataDriver - root.p_Vertices[707]: set id = "vertex_707"
[2026-09-18 10:06:56.234] [INFO ] DataDriver - root.p_Vertices[707]: set edge_id = "edge_54"
[2026-09-18 10:06:56.234] [INFO ] DataDriver - root.p_Vertices[707]: set edge_index = 28
[2026-09-18 10:06:56.234] [INFO ] DataDriver - root.p_Vertices[707]: set x = 850.820435
[2026-09-18 10:06:56.234] [INFO ] DataDriver - root.p_Vertices[707]: set y = 920.809723
[2026-09-18 10:06:56.234] [INFO ] DataDriver - root.p_Vertices[707]: set z = 0.0
[2026-09-18 10:06:56.234] [INFO ] DataDriver - root.p_Vertices[708]: set id = "vertex_708"
[2026-09-18 10:06:56.234] [INFO ] DataDriver - root.p_Vertices[708]: set edge_id = "edge_54"
[2026-09-18 10:06:56.234] [INFO ] DataDriver - root.p_Vertices[708]: set edge_index = 29
[2026-09-18 10:06:56.234] [INFO ] DataDriver - root.p_Vertices[708]: set x = 865.064453
[2026-09-18 10:06:56.234] [INFO ] DataDriver - root.p_Vertices[708]: set y = 926.595634
[2026-09-18 10:06:56.234] [INFO ] DataDriver - root.p_Vertices[708]: set z = 8.0E-6
[2026-09-18 10:06:56.234] [INFO ] DataDriver - root.p_Vertices[709]: set id = "vertex_709"
[2026-09-18 10:06:56.234] [INFO ] DataDriver - root.p_Vertices[709]: set edge_id = "edge_54"
[2026-09-18 10:06:56.234] [INFO ] DataDriver - root.p_Vertices[709]: set edge_index = 30
[2026-09-18 10:06:56.234] [INFO ] DataDriver - root.p_Vertices[709]: set x = 871.244995
[2026-09-18 10:06:56.234] [INFO ] DataDriver - root.p_Vertices[709]: set y = 929.982758
[2026-09-18 10:06:56.234] [INFO ] DataDriver - root.p_Vertices[709]: set z = 8.0E-6
[2026-09-18 10:06:56.234] [INFO ] DataDriver - root.p_Vertices[710]: set id = "vertex_710"
[2026-09-18 10:06:56.234] [INFO ] DataDriver - root.p_Vertices[710]: set edge_id = "edge_54"
[2026-09-18 10:06:56.234] [INFO ] DataDriver - root.p_Vertices[710]: set edge_index = 31
[2026-09-18 10:06:56.234] [INFO ] DataDriver - root.p_Vertices[710]: set x = 876.660767
[2026-09-18 10:06:56.234] [INFO ] DataDriver - root.p_Vertices[710]: set y = 933.911911
[2026-09-18 10:06:56.234] [INFO ] DataDriver - root.p_Vertices[710]: set z = 0.0
[2026-09-18 10:06:56.234] [INFO ] DataDriver - root.p_Vertices[711]: set id = "vertex_711"
[2026-09-18 10:06:56.234] [INFO ] DataDriver - root.p_Vertices[711]: set edge_id = "edge_54"
[2026-09-18 10:06:56.234] [INFO ] DataDriver - root.p_Vertices[711]: set edge_index = 32
[2026-09-18 10:06:56.234] [INFO ] DataDriver - root.p_Vertices[711]: set x = 890.4195560000001
[2026-09-18 10:06:56.234] [INFO ] DataDriver - root.p_Vertices[711]: set y = 947.127243
[2026-09-18 10:06:56.234] [INFO ] DataDriver - root.p_Vertices[711]: set z = 0.0
[2026-09-18 10:06:56.234] [INFO ] DataDriver - root.p_Vertices[712]: set id = "vertex_712"
[2026-09-18 10:06:56.234] [INFO ] DataDriver - root.p_Vertices[712]: set edge_id = "edge_54"
[2026-09-18 10:06:56.234] [INFO ] DataDriver - root.p_Vertices[712]: set edge_index = 33
[2026-09-18 10:06:56.234] [INFO ] DataDriver - root.p_Vertices[712]: set x = 920.362549
[2026-09-18 10:06:56.234] [INFO ] DataDriver - root.p_Vertices[712]: set y = 984.595825
[2026-09-18 10:06:56.234] [INFO ] DataDriver - root.p_Vertices[712]: set z = 0.0
[2026-09-18 10:06:56.234] [INFO ] DataDriver - root.p_Vertices[713]: set id = "vertex_713"
[2026-09-18 10:06:56.234] [INFO ] DataDriver - root.p_Vertices[713]: set edge_id = "edge_54"
[2026-09-18 10:06:56.234] [INFO ] DataDriver - root.p_Vertices[713]: set edge_index = 34
[2026-09-18 10:06:56.234] [INFO ] DataDriver - root.p_Vertices[713]: set x = 954.535889
[2026-09-18 10:06:56.234] [INFO ] DataDriver - root.p_Vertices[713]: set y = 1040.656631
[2026-09-18 10:06:56.234] [INFO ] DataDriver - root.p_Vertices[713]: set z = 1.5E-5
[2026-09-18 10:06:56.234] [INFO ] DataDriver - root.p_Vertices[714]: set id = "vertex_714"
[2026-09-18 10:06:56.234] [INFO ] DataDriver - root.p_Vertices[714]: set edge_id = "edge_54"
[2026-09-18 10:06:56.234] [INFO ] DataDriver - root.p_Vertices[714]: set edge_index = 35
[2026-09-18 10:06:56.234] [INFO ] DataDriver - root.p_Vertices[714]: set x = 960.962158
[2026-09-18 10:06:56.235] [INFO ] DataDriver - root.p_Vertices[714]: set y = 1053.7775120000001
[2026-09-18 10:06:56.235] [INFO ] DataDriver - root.p_Vertices[714]: set z = 0.0
[2026-09-18 10:06:56.235] [INFO ] DataDriver - root.p_Vertices[715]: set id = "vertex_715"
[2026-09-18 10:06:56.235] [INFO ] DataDriver - root.p_Vertices[715]: set edge_id = "edge_54"
[2026-09-18 10:06:56.235] [INFO ] DataDriver - root.p_Vertices[715]: set edge_index = 36
[2026-09-18 10:06:56.235] [INFO ] DataDriver - root.p_Vertices[715]: set x = 967.595337
[2026-09-18 10:06:56.235] [INFO ] DataDriver - root.p_Vertices[715]: set y = 1073.2653500000001
[2026-09-18 10:06:56.235] [INFO ] DataDriver - root.p_Vertices[715]: set z = 0.0
[2026-09-18 10:06:56.235] [INFO ] DataDriver - root.p_Vertices[716]: set id = "vertex_716"
[2026-09-18 10:06:56.235] [INFO ] DataDriver - root.p_Vertices[716]: set edge_id = "edge_54"
[2026-09-18 10:06:56.235] [INFO ] DataDriver - root.p_Vertices[716]: set edge_index = 37
[2026-09-18 10:06:56.235] [INFO ] DataDriver - root.p_Vertices[716]: set x = 968.791016
[2026-09-18 10:06:56.235] [INFO ] DataDriver - root.p_Vertices[716]: set y = 1078.6332400000001
[2026-09-18 10:06:56.235] [INFO ] DataDriver - root.p_Vertices[716]: set z = 8.0E-6
[2026-09-18 10:06:56.235] [INFO ] DataDriver - root.p_Vertices[717]: set id = "vertex_717"
[2026-09-18 10:06:56.235] [INFO ] DataDriver - root.p_Vertices[717]: set edge_id = "edge_54"
[2026-09-18 10:06:56.235] [INFO ] DataDriver - root.p_Vertices[717]: set edge_index = 38
[2026-09-18 10:06:56.235] [INFO ] DataDriver - root.p_Vertices[717]: set x = 970.401733
[2026-09-18 10:06:56.235] [INFO ] DataDriver - root.p_Vertices[717]: set y = 1092.551239
[2026-09-18 10:06:56.235] [INFO ] DataDriver - root.p_Vertices[717]: set z = 4.0E-6
[2026-09-18 10:06:56.235] [INFO ] DataDriver - root.p_Vertices[718]: set id = "vertex_718"
[2026-09-18 10:06:56.235] [INFO ] DataDriver - root.p_Vertices[718]: set edge_id = "edge_54"
[2026-09-18 10:06:56.235] [INFO ] DataDriver - root.p_Vertices[718]: set edge_index = 39
[2026-09-18 10:06:56.235] [INFO ] DataDriver - root.p_Vertices[718]: set x = 970.262939
[2026-09-18 10:06:56.235] [INFO ] DataDriver - root.p_Vertices[718]: set y = 1105.700989
[2026-09-18 10:06:56.235] [INFO ] DataDriver - root.p_Vertices[718]: set z = -4.0E-6
[2026-09-18 10:06:56.235] [INFO ] DataDriver - root.p_Vertices[719]: set id = "vertex_719"
[2026-09-18 10:06:56.235] [INFO ] DataDriver - root.p_Vertices[719]: set edge_id = "edge_54"
[2026-09-18 10:06:56.235] [INFO ] DataDriver - root.p_Vertices[719]: set edge_index = 40
[2026-09-18 10:06:56.235] [INFO ] DataDriver - root.p_Vertices[719]: set x = 969.740356
[2026-09-18 10:06:56.235] [INFO ] DataDriver - root.p_Vertices[719]: set y = 1110.027557
[2026-09-18 10:06:56.235] [INFO ] DataDriver - root.p_Vertices[719]: set z = 8.0E-6
[2026-09-18 10:06:56.235] [INFO ] DataDriver - root.p_Vertices[720]: set id = "vertex_720"
[2026-09-18 10:06:56.235] [INFO ] DataDriver - root.p_Vertices[720]: set edge_id = "edge_54"
[2026-09-18 10:06:56.235] [INFO ] DataDriver - root.p_Vertices[720]: set edge_index = 41
[2026-09-18 10:06:56.235] [INFO ] DataDriver - root.p_Vertices[720]: set x = 968.818604
[2026-09-18 10:06:56.235] [INFO ] DataDriver - root.p_Vertices[720]: set y = 1114.314606
[2026-09-18 10:06:56.235] [INFO ] DataDriver - root.p_Vertices[720]: set z = 4.0E-6
[2026-09-18 10:06:56.235] [INFO ] DataDriver - root.p_Vertices[721]: set id = "vertex_721"
[2026-09-18 10:06:56.235] [INFO ] DataDriver - root.p_Vertices[721]: set edge_id = "edge_54"
[2026-09-18 10:06:56.235] [INFO ] DataDriver - root.p_Vertices[721]: set edge_index = 42
[2026-09-18 10:06:56.235] [INFO ] DataDriver - root.p_Vertices[721]: set x = 967.561279
[2026-09-18 10:06:56.235] [INFO ] DataDriver - root.p_Vertices[721]: set y = 1118.550812
[2026-09-18 10:06:56.235] [INFO ] DataDriver - root.p_Vertices[721]: set z = 0.0
[2026-09-18 10:06:56.235] [INFO ] DataDriver - root.p_Vertices[722]: set id = "vertex_722"
[2026-09-18 10:06:56.235] [INFO ] DataDriver - root.p_Vertices[722]: set edge_id = "edge_54"
[2026-09-18 10:06:56.235] [INFO ] DataDriver - root.p_Vertices[722]: set edge_index = 43
[2026-09-18 10:06:56.235] [INFO ] DataDriver - root.p_Vertices[722]: set x = 965.941162
[2026-09-18 10:06:56.235] [INFO ] DataDriver - root.p_Vertices[722]: set y = 1122.701111
[2026-09-18 10:06:56.235] [INFO ] DataDriver - root.p_Vertices[722]: set z = 8.0E-6
[2026-09-18 10:06:56.235] [INFO ] DataDriver - root.p_Vertices[723]: set id = "vertex_723"
[2026-09-18 10:06:56.235] [INFO ] DataDriver - root.p_Vertices[723]: set edge_id = "edge_54"
[2026-09-18 10:06:56.235] [INFO ] DataDriver - root.p_Vertices[723]: set edge_index = 44
[2026-09-18 10:06:56.235] [INFO ] DataDriver - root.p_Vertices[723]: set x = 963.668213
[2026-09-18 10:06:56.235] [INFO ] DataDriver - root.p_Vertices[723]: set y = 1126.690979
[2026-09-18 10:06:56.235] [INFO ] DataDriver - root.p_Vertices[723]: set z = 0.0
[2026-09-18 10:06:56.235] [INFO ] DataDriver - root.p_Vertices[724]: set id = "vertex_724"
[2026-09-18 10:06:56.235] [INFO ] DataDriver - root.p_Vertices[724]: set edge_id = "edge_54"
[2026-09-18 10:06:56.235] [INFO ] DataDriver - root.p_Vertices[724]: set edge_index = 45
[2026-09-18 10:06:56.235] [INFO ] DataDriver - root.p_Vertices[724]: set x = 960.51416
[2026-09-18 10:06:56.235] [INFO ] DataDriver - root.p_Vertices[724]: set y = 1130.472107
[2026-09-18 10:06:56.235] [INFO ] DataDriver - root.p_Vertices[724]: set z = 4.0E-6
[2026-09-18 10:06:56.235] [INFO ] DataDriver - root.p_Vertices[725]: set id = "vertex_725"
[2026-09-18 10:06:56.235] [INFO ] DataDriver - root.p_Vertices[725]: set edge_id = "edge_54"
[2026-09-18 10:06:56.235] [INFO ] DataDriver - root.p_Vertices[725]: set edge_index = 46
[2026-09-18 10:06:56.235] [INFO ] DataDriver - root.p_Vertices[725]: set x = 930.470703
[2026-09-18 10:06:56.235] [INFO ] DataDriver - root.p_Vertices[725]: set y = 1157.5985719999999
[2026-09-18 10:06:56.235] [INFO ] DataDriver - root.p_Vertices[725]: set z = 4.0E-6
[2026-09-18 10:06:56.235] [INFO ] DataDriver - root.p_Vertices[726]: set id = "vertex_726"
[2026-09-18 10:06:56.235] [INFO ] DataDriver - root.p_Vertices[726]: set edge_id = "edge_54"
[2026-09-18 10:06:56.235] [INFO ] DataDriver - root.p_Vertices[726]: set edge_index = 47
[2026-09-18 10:06:56.235] [INFO ] DataDriver - root.p_Vertices[726]: set x = 897.314453
[2026-09-18 10:06:56.235] [INFO ] DataDriver - root.p_Vertices[726]: set y = 1193.950317
[2026-09-18 10:06:56.235] [INFO ] DataDriver - root.p_Vertices[726]: set z = -4.0E-6
[2026-09-18 10:06:56.235] [INFO ] DataDriver - root.p_Vertices[727]: set id = "vertex_727"
[2026-09-18 10:06:56.235] [INFO ] DataDriver - root.p_Vertices[727]: set edge_id = "edge_54"
[2026-09-18 10:06:56.235] [INFO ] DataDriver - root.p_Vertices[727]: set edge_index = 48
[2026-09-18 10:06:56.235] [INFO ] DataDriver - root.p_Vertices[727]: set x = 877.2451169999999
[2026-09-18 10:06:56.235] [INFO ] DataDriver - root.p_Vertices[727]: set y = 1212.793365
[2026-09-18 10:06:56.235] [INFO ] DataDriver - root.p_Vertices[727]: set z = 4.0E-6
[2026-09-18 10:06:56.235] [INFO ] DataDriver - root.p_Vertices[728]: set id = "vertex_728"
[2026-09-18 10:06:56.235] [INFO ] DataDriver - root.p_Vertices[728]: set edge_id = "edge_54"
[2026-09-18 10:06:56.235] [INFO ] DataDriver - root.p_Vertices[728]: set edge_index = 49
[2026-09-18 10:06:56.235] [INFO ] DataDriver - root.p_Vertices[728]: set x = 860.446045
[2026-09-18 10:06:56.235] [INFO ] DataDriver - root.p_Vertices[728]: set y = 1225.9160769999999
[2026-09-18 10:06:56.235] [INFO ] DataDriver - root.p_Vertices[728]: set z = 0.0
[2026-09-18 10:06:56.235] [INFO ] DataDriver - root.p_Vertices[729]: set id = "vertex_729"
[2026-09-18 10:06:56.235] [INFO ] DataDriver - root.p_Vertices[729]: set edge_id = "edge_54"
[2026-09-18 10:06:56.235] [INFO ] DataDriver - root.p_Vertices[729]: set edge_index = 50
[2026-09-18 10:06:56.235] [INFO ] DataDriver - root.p_Vertices[729]: set x = 854.162109
[2026-09-18 10:06:56.235] [INFO ] DataDriver - root.p_Vertices[729]: set y = 1230.003387
[2026-09-18 10:06:56.235] [INFO ] DataDriver - root.p_Vertices[729]: set z = 4.0E-6
[2026-09-18 10:06:56.235] [INFO ] DataDriver - root.p_Vertices[730]: set id = "vertex_730"
[2026-09-18 10:06:56.235] [INFO ] DataDriver - root.p_Vertices[730]: set edge_id = "edge_54"
[2026-09-18 10:06:56.235] [INFO ] DataDriver - root.p_Vertices[730]: set edge_index = 51
[2026-09-18 10:06:56.235] [INFO ] DataDriver - root.p_Vertices[730]: set x = 847.265137
[2026-09-18 10:06:56.235] [INFO ] DataDriver - root.p_Vertices[730]: set y = 1233.815063
[2026-09-18 10:06:56.235] [INFO ] DataDriver - root.p_Vertices[730]: set z = 0.0
[2026-09-18 10:06:56.235] [INFO ] DataDriver - root.p_Vertices[731]: set id = "vertex_731"
[2026-09-18 10:06:56.235] [INFO ] DataDriver - root.p_Vertices[731]: set edge_id = "edge_54"
[2026-09-18 10:06:56.235] [INFO ] DataDriver - root.p_Vertices[731]: set edge_index = 52
[2026-09-18 10:06:56.235] [INFO ] DataDriver - root.p_Vertices[731]: set x = 831.6826169999999
[2026-09-18 10:06:56.235] [INFO ] DataDriver - root.p_Vertices[731]: set y = 1240.925293
[2026-09-18 10:06:56.235] [INFO ] DataDriver - root.p_Vertices[731]: set z = 4.0E-6
[2026-09-18 10:06:56.235] [INFO ] DataDriver - root.p_Vertices[732]: set id = "vertex_732"
[2026-09-18 10:06:56.235] [INFO ] DataDriver - root.p_Vertices[732]: set edge_id = "edge_54"
[2026-09-18 10:06:56.236] [INFO ] DataDriver - root.p_Vertices[732]: set edge_index = 53
[2026-09-18 10:06:56.236] [INFO ] DataDriver - root.p_Vertices[732]: set x = 811.021606
[2026-09-18 10:06:56.236] [INFO ] DataDriver - root.p_Vertices[732]: set y = 1247.815521
[2026-09-18 10:06:56.236] [INFO ] DataDriver - root.p_Vertices[732]: set z = 0.0
[2026-09-18 10:06:56.236] [INFO ] DataDriver - root.p_Vertices[733]: set id = "vertex_733"
[2026-09-18 10:06:56.236] [INFO ] DataDriver - root.p_Vertices[733]: set edge_id = "edge_54"
[2026-09-18 10:06:56.236] [INFO ] DataDriver - root.p_Vertices[733]: set edge_index = 54
[2026-09-18 10:06:56.236] [INFO ] DataDriver - root.p_Vertices[733]: set x = 772.454346
[2026-09-18 10:06:56.236] [INFO ] DataDriver - root.p_Vertices[733]: set y = 1256.859283
[2026-09-18 10:06:56.236] [INFO ] DataDriver - root.p_Vertices[733]: set z = 0.0
[2026-09-18 10:06:56.236] [INFO ] DataDriver - root.p_Vertices[734]: set id = "vertex_734"
[2026-09-18 10:06:56.236] [INFO ] DataDriver - root.p_Vertices[734]: set edge_id = "edge_54"
[2026-09-18 10:06:56.236] [INFO ] DataDriver - root.p_Vertices[734]: set edge_index = 55
[2026-09-18 10:06:56.236] [INFO ] DataDriver - root.p_Vertices[734]: set x = 583.671753
[2026-09-18 10:06:56.236] [INFO ] DataDriver - root.p_Vertices[734]: set y = 1281.650696
[2026-09-18 10:06:56.236] [INFO ] DataDriver - root.p_Vertices[734]: set z = 0.0
[2026-09-18 10:06:56.236] [INFO ] DataDriver - root.p_Vertices[735]: set id = "vertex_735"
[2026-09-18 10:06:56.236] [INFO ] DataDriver - root.p_Vertices[735]: set edge_id = "edge_54"
[2026-09-18 10:06:56.236] [INFO ] DataDriver - root.p_Vertices[735]: set edge_index = 56
[2026-09-18 10:06:56.236] [INFO ] DataDriver - root.p_Vertices[735]: set x = 572.752563
[2026-09-18 10:06:56.236] [INFO ] DataDriver - root.p_Vertices[735]: set y = 1281.723175
[2026-09-18 10:06:56.236] [INFO ] DataDriver - root.p_Vertices[735]: set z = 0.0
[2026-09-18 10:06:56.236] [INFO ] DataDriver - root.p_Vertices[736]: set id = "vertex_736"
[2026-09-18 10:06:56.236] [INFO ] DataDriver - root.p_Vertices[736]: set edge_id = "edge_54"
[2026-09-18 10:06:56.236] [INFO ] DataDriver - root.p_Vertices[736]: set edge_index = 57
[2026-09-18 10:06:56.236] [INFO ] DataDriver - root.p_Vertices[736]: set x = 447.446411
[2026-09-18 10:06:56.236] [INFO ] DataDriver - root.p_Vertices[736]: set y = 1272.366241
[2026-09-18 10:06:56.236] [INFO ] DataDriver - root.p_Vertices[736]: set z = 1.0E-6
[2026-09-18 10:06:56.236] [INFO ] DataDriver - root.p_Vertices[737]: set id = "vertex_737"
[2026-09-18 10:06:56.236] [INFO ] DataDriver - root.p_Vertices[737]: set edge_id = "edge_54"
[2026-09-18 10:06:56.236] [INFO ] DataDriver - root.p_Vertices[737]: set edge_index = 58
[2026-09-18 10:06:56.236] [INFO ] DataDriver - root.p_Vertices[737]: set x = 348.54321300000004
[2026-09-18 10:06:56.236] [INFO ] DataDriver - root.p_Vertices[737]: set y = 1279.778595
[2026-09-18 10:06:56.236] [INFO ] DataDriver - root.p_Vertices[737]: set z = 1.0E-6
[2026-09-18 10:06:56.236] [INFO ] DataDriver - root.p_Vertices[738]: set id = "vertex_738"
[2026-09-18 10:06:56.236] [INFO ] DataDriver - root.p_Vertices[738]: set edge_id = "edge_54"
[2026-09-18 10:06:56.236] [INFO ] DataDriver - root.p_Vertices[738]: set edge_index = 59
[2026-09-18 10:06:56.236] [INFO ] DataDriver - root.p_Vertices[738]: set x = 337.10961899999995
[2026-09-18 10:06:56.236] [INFO ] DataDriver - root.p_Vertices[738]: set y = 1282.126282
[2026-09-18 10:06:56.236] [INFO ] DataDriver - root.p_Vertices[738]: set z = 0.0
[2026-09-18 10:06:56.236] [INFO ] DataDriver - root.p_Vertices[739]: set id = "vertex_739"
[2026-09-18 10:06:56.236] [INFO ] DataDriver - root.p_Vertices[739]: set edge_id = "edge_54"
[2026-09-18 10:06:56.236] [INFO ] DataDriver - root.p_Vertices[739]: set edge_index = 60
[2026-09-18 10:06:56.236] [INFO ] DataDriver - root.p_Vertices[739]: set x = 329.134277
[2026-09-18 10:06:56.236] [INFO ] DataDriver - root.p_Vertices[739]: set y = 1284.441437
[2026-09-18 10:06:56.236] [INFO ] DataDriver - root.p_Vertices[739]: set z = 0.0
[2026-09-18 10:06:56.236] [INFO ] DataDriver - root.p_Vertices[740]: set id = "vertex_740"
[2026-09-18 10:06:56.236] [INFO ] DataDriver - root.p_Vertices[740]: set edge_id = "edge_54"
[2026-09-18 10:06:56.236] [INFO ] DataDriver - root.p_Vertices[740]: set edge_index = 61
[2026-09-18 10:06:56.236] [INFO ] DataDriver - root.p_Vertices[740]: set x = 317.30224599999997
[2026-09-18 10:06:56.236] [INFO ] DataDriver - root.p_Vertices[740]: set y = 1288.942444
[2026-09-18 10:06:56.236] [INFO ] DataDriver - root.p_Vertices[740]: set z = 0.0
[2026-09-18 10:06:56.236] [INFO ] DataDriver - root.p_Vertices[741]: set id = "vertex_741"
[2026-09-18 10:06:56.236] [INFO ] DataDriver - root.p_Vertices[741]: set edge_id = "edge_54"
[2026-09-18 10:06:56.236] [INFO ] DataDriver - root.p_Vertices[741]: set edge_index = 62
[2026-09-18 10:06:56.236] [INFO ] DataDriver - root.p_Vertices[741]: set x = 308.39331100000004
[2026-09-18 10:06:56.236] [INFO ] DataDriver - root.p_Vertices[741]: set y = 1293.209991
[2026-09-18 10:06:56.236] [INFO ] DataDriver - root.p_Vertices[741]: set z = 1.0E-6
[2026-09-18 10:06:56.236] [INFO ] DataDriver - root.p_Vertices[742]: set id = "vertex_742"
[2026-09-18 10:06:56.236] [INFO ] DataDriver - root.p_Vertices[742]: set edge_id = "edge_54"
[2026-09-18 10:06:56.236] [INFO ] DataDriver - root.p_Vertices[742]: set edge_index = 63
[2026-09-18 10:06:56.236] [INFO ] DataDriver - root.p_Vertices[742]: set x = 285.301025
[2026-09-18 10:06:56.236] [INFO ] DataDriver - root.p_Vertices[742]: set y = 1307.316101
[2026-09-18 10:06:56.236] [INFO ] DataDriver - root.p_Vertices[742]: set z = -1.0E-6
[2026-09-18 10:06:56.236] [INFO ] DataDriver - root.p_Vertices[743]: set id = "vertex_743"
[2026-09-18 10:06:56.236] [INFO ] DataDriver - root.p_Vertices[743]: set edge_id = "edge_54"
[2026-09-18 10:06:56.236] [INFO ] DataDriver - root.p_Vertices[743]: set edge_index = 64
[2026-09-18 10:06:56.236] [INFO ] DataDriver - root.p_Vertices[743]: set x = 276.33935499999995
[2026-09-18 10:06:56.236] [INFO ] DataDriver - root.p_Vertices[743]: set y = 1314.331238
[2026-09-18 10:06:56.236] [INFO ] DataDriver - root.p_Vertices[743]: set z = 0.0
[2026-09-18 10:06:56.236] [INFO ] DataDriver - root.p_Vertices[744]: set id = "vertex_744"
[2026-09-18 10:06:56.236] [INFO ] DataDriver - root.p_Vertices[744]: set edge_id = "edge_54"
[2026-09-18 10:06:56.236] [INFO ] DataDriver - root.p_Vertices[744]: set edge_index = 65
[2026-09-18 10:06:56.236] [INFO ] DataDriver - root.p_Vertices[744]: set x = 268.71728499999995
[2026-09-18 10:06:56.236] [INFO ] DataDriver - root.p_Vertices[744]: set y = 1321.6220090000002
[2026-09-18 10:06:56.236] [INFO ] DataDriver - root.p_Vertices[744]: set z = 1.0E-6
[2026-09-18 10:06:56.236] [INFO ] DataDriver - root.p_Vertices[745]: set id = "vertex_745"
[2026-09-18 10:06:56.236] [INFO ] DataDriver - root.p_Vertices[745]: set edge_id = "edge_54"
[2026-09-18 10:06:56.236] [INFO ] DataDriver - root.p_Vertices[745]: set edge_index = 66
[2026-09-18 10:06:56.236] [INFO ] DataDriver - root.p_Vertices[745]: set x = 262.37902799999995
[2026-09-18 10:06:56.236] [INFO ] DataDriver - root.p_Vertices[745]: set y = 1328.7583009999998
[2026-09-18 10:06:56.236] [INFO ] DataDriver - root.p_Vertices[745]: set z = 0.0
[2026-09-18 10:06:56.236] [INFO ] DataDriver - root.p_Vertices[746]: set id = "vertex_746"
[2026-09-18 10:06:56.236] [INFO ] DataDriver - root.p_Vertices[746]: set edge_id = "edge_54"
[2026-09-18 10:06:56.236] [INFO ] DataDriver - root.p_Vertices[746]: set edge_index = 67
[2026-09-18 10:06:56.236] [INFO ] DataDriver - root.p_Vertices[746]: set x = 255.22924799999998
[2026-09-18 10:06:56.236] [INFO ] DataDriver - root.p_Vertices[746]: set y = 1338.764343
[2026-09-18 10:06:56.236] [INFO ] DataDriver - root.p_Vertices[746]: set z = 0.0
[2026-09-18 10:06:56.236] [INFO ] DataDriver - root.p_Vertices[747]: set id = "vertex_747"
[2026-09-18 10:06:56.236] [INFO ] DataDriver - root.p_Vertices[747]: set edge_id = "edge_54"
[2026-09-18 10:06:56.236] [INFO ] DataDriver - root.p_Vertices[747]: set edge_index = 68
[2026-09-18 10:06:56.236] [INFO ] DataDriver - root.p_Vertices[747]: set x = 253.55883800000004
[2026-09-18 10:06:56.236] [INFO ] DataDriver - root.p_Vertices[747]: set y = 1341.700867
[2026-09-18 10:06:56.236] [INFO ] DataDriver - root.p_Vertices[747]: set z = 0.0
[2026-09-18 10:06:56.236] [INFO ] DataDriver - root.p_Vertices[748]: set id = "vertex_748"
[2026-09-18 10:06:56.236] [INFO ] DataDriver - root.p_Vertices[748]: set edge_id = "edge_54"
[2026-09-18 10:06:56.236] [INFO ] DataDriver - root.p_Vertices[748]: set edge_index = 69
[2026-09-18 10:06:56.236] [INFO ] DataDriver - root.p_Vertices[748]: set x = 240.06664999999998
[2026-09-18 10:06:56.236] [INFO ] DataDriver - root.p_Vertices[748]: set y = 1372.866516
[2026-09-18 10:06:56.236] [INFO ] DataDriver - root.p_Vertices[748]: set z = 1.0E-6
[2026-09-18 10:06:56.236] [INFO ] DataDriver - root.p_Vertices[749]: set id = "vertex_749"
[2026-09-18 10:06:56.236] [INFO ] DataDriver - root.p_Vertices[749]: set edge_id = "edge_54"
[2026-09-18 10:06:56.236] [INFO ] DataDriver - root.p_Vertices[749]: set edge_index = 70
[2026-09-18 10:06:56.236] [INFO ] DataDriver - root.p_Vertices[749]: set x = 237.857666
[2026-09-18 10:06:56.236] [INFO ] DataDriver - root.p_Vertices[749]: set y = 1376.803772
[2026-09-18 10:06:56.236] [INFO ] DataDriver - root.p_Vertices[749]: set z = 0.0
[2026-09-18 10:06:56.236] [INFO ] DataDriver - root.p_Vertices[750]: set id = "vertex_750"
[2026-09-18 10:06:56.236] [INFO ] DataDriver - root.p_Vertices[750]: set edge_id = "edge_54"
[2026-09-18 10:06:56.236] [INFO ] DataDriver - root.p_Vertices[750]: set edge_index = 71
[2026-09-18 10:06:56.236] [INFO ] DataDriver - root.p_Vertices[750]: set x = 235.274048
[2026-09-18 10:06:56.237] [INFO ] DataDriver - root.p_Vertices[750]: set y = 1380.50647
[2026-09-18 10:06:56.237] [INFO ] DataDriver - root.p_Vertices[750]: set z = 0.0
[2026-09-18 10:06:56.237] [INFO ] DataDriver - root.p_Vertices[751]: set id = "vertex_751"
[2026-09-18 10:06:56.237] [INFO ] DataDriver - root.p_Vertices[751]: set edge_id = "edge_54"
[2026-09-18 10:06:56.237] [INFO ] DataDriver - root.p_Vertices[751]: set edge_index = 72
[2026-09-18 10:06:56.237] [INFO ] DataDriver - root.p_Vertices[751]: set x = 232.34814500000005
[2026-09-18 10:06:56.237] [INFO ] DataDriver - root.p_Vertices[751]: set y = 1383.92981
[2026-09-18 10:06:56.237] [INFO ] DataDriver - root.p_Vertices[751]: set z = 0.0
[2026-09-18 10:06:56.237] [INFO ] DataDriver - root.p_Vertices[752]: set id = "vertex_752"
[2026-09-18 10:06:56.237] [INFO ] DataDriver - root.p_Vertices[752]: set edge_id = "edge_54"
[2026-09-18 10:06:56.237] [INFO ] DataDriver - root.p_Vertices[752]: set edge_index = 73
[2026-09-18 10:06:56.237] [INFO ] DataDriver - root.p_Vertices[752]: set x = 229.095825
[2026-09-18 10:06:56.237] [INFO ] DataDriver - root.p_Vertices[752]: set y = 1387.054932
[2026-09-18 10:06:56.237] [INFO ] DataDriver - root.p_Vertices[752]: set z = 0.0
[2026-09-18 10:06:56.237] [INFO ] DataDriver - root.p_Vertices[753]: set id = "vertex_753"
[2026-09-18 10:06:56.237] [INFO ] DataDriver - root.p_Vertices[753]: set edge_id = "edge_54"
[2026-09-18 10:06:56.237] [INFO ] DataDriver - root.p_Vertices[753]: set edge_index = 74
[2026-09-18 10:06:56.237] [INFO ] DataDriver - root.p_Vertices[753]: set x = 225.56445299999996
[2026-09-18 10:06:56.237] [INFO ] DataDriver - root.p_Vertices[753]: set y = 1389.837341
[2026-09-18 10:06:56.237] [INFO ] DataDriver - root.p_Vertices[753]: set z = 0.0
[2026-09-18 10:06:56.237] [INFO ] DataDriver - root.p_Vertices[754]: set id = "vertex_754"
[2026-09-18 10:06:56.237] [INFO ] DataDriver - root.p_Vertices[754]: set edge_id = "edge_54"
[2026-09-18 10:06:56.237] [INFO ] DataDriver - root.p_Vertices[754]: set edge_index = 75
[2026-09-18 10:06:56.237] [INFO ] DataDriver - root.p_Vertices[754]: set x = 221.774048
[2026-09-18 10:06:56.237] [INFO ] DataDriver - root.p_Vertices[754]: set y = 1392.260742
[2026-09-18 10:06:56.237] [INFO ] DataDriver - root.p_Vertices[754]: set z = 1.0E-6
[2026-09-18 10:06:56.237] [INFO ] DataDriver - root.p_Vertices[755]: set id = "vertex_755"
[2026-09-18 10:06:56.237] [INFO ] DataDriver - root.p_Vertices[755]: set edge_id = "edge_54"
[2026-09-18 10:06:56.237] [INFO ] DataDriver - root.p_Vertices[755]: set edge_index = 76
[2026-09-18 10:06:56.237] [INFO ] DataDriver - root.p_Vertices[755]: set x = 217.77710000000002
[2026-09-18 10:06:56.237] [INFO ] DataDriver - root.p_Vertices[755]: set y = 1394.291138
[2026-09-18 10:06:56.237] [INFO ] DataDriver - root.p_Vertices[755]: set z = 0.0
[2026-09-18 10:06:56.237] [INFO ] DataDriver - root.p_Vertices[756]: set id = "vertex_756"
[2026-09-18 10:06:56.237] [INFO ] DataDriver - root.p_Vertices[756]: set edge_id = "edge_54"
[2026-09-18 10:06:56.237] [INFO ] DataDriver - root.p_Vertices[756]: set edge_index = 77
[2026-09-18 10:06:56.237] [INFO ] DataDriver - root.p_Vertices[756]: set x = 213.59069799999997
[2026-09-18 10:06:56.237] [INFO ] DataDriver - root.p_Vertices[756]: set y = 1395.9216310000002
[2026-09-18 10:06:56.237] [INFO ] DataDriver - root.p_Vertices[756]: set z = 0.0
[2026-09-18 10:06:56.237] [INFO ] DataDriver - root.p_Vertices[757]: set id = "vertex_757"
[2026-09-18 10:06:56.237] [INFO ] DataDriver - root.p_Vertices[757]: set edge_id = "edge_54"
[2026-09-18 10:06:56.237] [INFO ] DataDriver - root.p_Vertices[757]: set edge_index = 78
[2026-09-18 10:06:56.237] [INFO ] DataDriver - root.p_Vertices[757]: set x = 209.23388699999998
[2026-09-18 10:06:56.237] [INFO ] DataDriver - root.p_Vertices[757]: set y = 1397.138977
[2026-09-18 10:06:56.237] [INFO ] DataDriver - root.p_Vertices[757]: set z = 0.0
[2026-09-18 10:06:56.237] [INFO ] DataDriver - root.p_Vertices[758]: set id = "vertex_758"
[2026-09-18 10:06:56.237] [INFO ] DataDriver - root.p_Vertices[758]: set edge_id = "edge_54"
[2026-09-18 10:06:56.237] [INFO ] DataDriver - root.p_Vertices[758]: set edge_index = 79
[2026-09-18 10:06:56.237] [INFO ] DataDriver - root.p_Vertices[758]: set x = 203.72436500000003
[2026-09-18 10:06:56.237] [INFO ] DataDriver - root.p_Vertices[758]: set y = 1398.018494
[2026-09-18 10:06:56.237] [INFO ] DataDriver - root.p_Vertices[758]: set z = 1.0E-6
[2026-09-18 10:06:56.237] [INFO ] DataDriver - root.p_Vertices[759]: set id = "vertex_759"
[2026-09-18 10:06:56.237] [INFO ] DataDriver - root.p_Vertices[759]: set edge_id = "edge_56"
[2026-09-18 10:06:56.237] [INFO ] DataDriver - root.p_Vertices[759]: set edge_index = 0
[2026-09-18 10:06:56.237] [INFO ] DataDriver - root.p_Vertices[759]: set x = 2395.973511
[2026-09-18 10:06:56.237] [INFO ] DataDriver - root.p_Vertices[759]: set y = 1037.445038
[2026-09-18 10:06:56.237] [INFO ] DataDriver - root.p_Vertices[759]: set z = 8.0E-6
[2026-09-18 10:06:56.237] [INFO ] DataDriver - root.p_Vertices[760]: set id = "vertex_760"
[2026-09-18 10:06:56.237] [INFO ] DataDriver - root.p_Vertices[760]: set edge_id = "edge_56"
[2026-09-18 10:06:56.237] [INFO ] DataDriver - root.p_Vertices[760]: set edge_index = 1
[2026-09-18 10:06:56.237] [INFO ] DataDriver - root.p_Vertices[760]: set x = 2400.15625
[2026-09-18 10:06:56.237] [INFO ] DataDriver - root.p_Vertices[760]: set y = 1035.711304
[2026-09-18 10:06:56.237] [INFO ] DataDriver - root.p_Vertices[760]: set z = -1.5E-5
[2026-09-18 10:06:56.237] [INFO ] DataDriver - root.p_Vertices[761]: set id = "vertex_761"
[2026-09-18 10:06:56.237] [INFO ] DataDriver - root.p_Vertices[761]: set edge_id = "edge_56"
[2026-09-18 10:06:56.237] [INFO ] DataDriver - root.p_Vertices[761]: set edge_index = 2
[2026-09-18 10:06:56.237] [INFO ] DataDriver - root.p_Vertices[761]: set x = 2404.4495850000003
[2026-09-18 10:06:56.237] [INFO ] DataDriver - root.p_Vertices[761]: set y = 1034.422333
[2026-09-18 10:06:56.237] [INFO ] DataDriver - root.p_Vertices[761]: set z = -8.0E-6
[2026-09-18 10:06:56.237] [INFO ] DataDriver - root.p_Vertices[762]: set id = "vertex_762"
[2026-09-18 10:06:56.237] [INFO ] DataDriver - root.p_Vertices[762]: set edge_id = "edge_56"
[2026-09-18 10:06:56.237] [INFO ] DataDriver - root.p_Vertices[762]: set edge_index = 3
[2026-09-18 10:06:56.237] [INFO ] DataDriver - root.p_Vertices[762]: set x = 2408.83374
[2026-09-18 10:06:56.237] [INFO ] DataDriver - root.p_Vertices[762]: set y = 1033.571686
[2026-09-18 10:06:56.237] [INFO ] DataDriver - root.p_Vertices[762]: set z = 8.0E-6
[2026-09-18 10:06:56.237] [INFO ] DataDriver - root.p_Vertices[763]: set id = "vertex_763"
[2026-09-18 10:06:56.237] [INFO ] DataDriver - root.p_Vertices[763]: set edge_id = "edge_56"
[2026-09-18 10:06:56.237] [INFO ] DataDriver - root.p_Vertices[763]: set edge_index = 4
[2026-09-18 10:06:56.237] [INFO ] DataDriver - root.p_Vertices[763]: set x = 2413.290161
[2026-09-18 10:06:56.237] [INFO ] DataDriver - root.p_Vertices[763]: set y = 1033.159119
[2026-09-18 10:06:56.237] [INFO ] DataDriver - root.p_Vertices[763]: set z = -8.0E-6
[2026-09-18 10:06:56.237] [INFO ] DataDriver - root.p_Vertices[764]: set id = "vertex_764"
[2026-09-18 10:06:56.237] [INFO ] DataDriver - root.p_Vertices[764]: set edge_id = "edge_56"
[2026-09-18 10:06:56.237] [INFO ] DataDriver - root.p_Vertices[764]: set edge_index = 5
[2026-09-18 10:06:56.237] [INFO ] DataDriver - root.p_Vertices[764]: set x = 2417.763428
[2026-09-18 10:06:56.237] [INFO ] DataDriver - root.p_Vertices[764]: set y = 1033.183151
[2026-09-18 10:06:56.237] [INFO ] DataDriver - root.p_Vertices[764]: set z = 1.5E-5
[2026-09-18 10:06:56.237] [INFO ] DataDriver - root.p_Vertices[765]: set id = "vertex_765"
[2026-09-18 10:06:56.237] [INFO ] DataDriver - root.p_Vertices[765]: set edge_id = "edge_56"
[2026-09-18 10:06:56.237] [INFO ] DataDriver - root.p_Vertices[765]: set edge_index = 6
[2026-09-18 10:06:56.237] [INFO ] DataDriver - root.p_Vertices[765]: set x = 2422.234741
[2026-09-18 10:06:56.237] [INFO ] DataDriver - root.p_Vertices[765]: set y = 1033.63887
[2026-09-18 10:06:56.237] [INFO ] DataDriver - root.p_Vertices[765]: set z = 0.0
[2026-09-18 10:06:56.237] [INFO ] DataDriver - root.p_Vertices[766]: set id = "vertex_766"
[2026-09-18 10:06:56.237] [INFO ] DataDriver - root.p_Vertices[766]: set edge_id = "edge_56"
[2026-09-18 10:06:56.237] [INFO ] DataDriver - root.p_Vertices[766]: set edge_index = 7
[2026-09-18 10:06:56.237] [INFO ] DataDriver - root.p_Vertices[766]: set x = 2426.640869
[2026-09-18 10:06:56.237] [INFO ] DataDriver - root.p_Vertices[766]: set y = 1034.5211180000001
[2026-09-18 10:06:56.237] [INFO ] DataDriver - root.p_Vertices[766]: set z = 8.0E-6
[2026-09-18 10:06:56.237] [INFO ] DataDriver - root.p_Vertices[767]: set id = "vertex_767"
[2026-09-18 10:06:56.237] [INFO ] DataDriver - root.p_Vertices[767]: set edge_id = "edge_56"
[2026-09-18 10:06:56.237] [INFO ] DataDriver - root.p_Vertices[767]: set edge_index = 8
[2026-09-18 10:06:56.237] [INFO ] DataDriver - root.p_Vertices[767]: set x = 2430.9566649999997
[2026-09-18 10:06:56.237] [INFO ] DataDriver - root.p_Vertices[767]: set y = 1035.826538
[2026-09-18 10:06:56.237] [INFO ] DataDriver - root.p_Vertices[767]: set z = 8.0E-6
[2026-09-18 10:06:56.237] [INFO ] DataDriver - root.p_Vertices[768]: set id = "vertex_768"
[2026-09-18 10:06:56.237] [INFO ] DataDriver - root.p_Vertices[768]: set edge_id = "edge_56"
[2026-09-18 10:06:56.237] [INFO ] DataDriver - root.p_Vertices[768]: set edge_index = 9
[2026-09-18 10:06:56.238] [INFO ] DataDriver - root.p_Vertices[768]: set x = 2435.120728
[2026-09-18 10:06:56.238] [INFO ] DataDriver - root.p_Vertices[768]: set y = 1037.53833
[2026-09-18 10:06:56.238] [INFO ] DataDriver - root.p_Vertices[768]: set z = 0.0
[2026-09-18 10:06:56.238] [INFO ] DataDriver - root.p_Vertices[769]: set id = "vertex_769"
[2026-09-18 10:06:56.238] [INFO ] DataDriver - root.p_Vertices[769]: set edge_id = "edge_56"
[2026-09-18 10:06:56.238] [INFO ] DataDriver - root.p_Vertices[769]: set edge_index = 10
[2026-09-18 10:06:56.238] [INFO ] DataDriver - root.p_Vertices[769]: set x = 2441.015869
[2026-09-18 10:06:56.238] [INFO ] DataDriver - root.p_Vertices[769]: set y = 1040.8414
[2026-09-18 10:06:56.238] [INFO ] DataDriver - root.p_Vertices[769]: set z = 8.0E-6
[2026-09-18 10:06:56.238] [INFO ] DataDriver - root.p_Vertices[770]: set id = "vertex_770"
[2026-09-18 10:06:56.238] [INFO ] DataDriver - root.p_Vertices[770]: set edge_id = "edge_56"
[2026-09-18 10:06:56.238] [INFO ] DataDriver - root.p_Vertices[770]: set edge_index = 11
[2026-09-18 10:06:56.238] [INFO ] DataDriver - root.p_Vertices[770]: set x = 2446.356689
[2026-09-18 10:06:56.238] [INFO ] DataDriver - root.p_Vertices[770]: set y = 1045.012985
[2026-09-18 10:06:56.238] [INFO ] DataDriver - root.p_Vertices[770]: set z = 8.0E-6
[2026-09-18 10:06:56.238] [INFO ] DataDriver - root.p_Vertices[771]: set id = "vertex_771"
[2026-09-18 10:06:56.238] [INFO ] DataDriver - root.p_Vertices[771]: set edge_id = "edge_56"
[2026-09-18 10:06:56.238] [INFO ] DataDriver - root.p_Vertices[771]: set edge_index = 12
[2026-09-18 10:06:56.238] [INFO ] DataDriver - root.p_Vertices[771]: set x = 2449.759399
[2026-09-18 10:06:56.238] [INFO ] DataDriver - root.p_Vertices[771]: set y = 1048.217529
[2026-09-18 10:06:56.238] [INFO ] DataDriver - root.p_Vertices[771]: set z = 8.0E-6
[2026-09-18 10:06:56.238] [INFO ] DataDriver - root.p_Vertices[772]: set id = "vertex_772"
[2026-09-18 10:06:56.238] [INFO ] DataDriver - root.p_Vertices[772]: set edge_id = "edge_56"
[2026-09-18 10:06:56.238] [INFO ] DataDriver - root.p_Vertices[772]: set edge_index = 13
[2026-09-18 10:06:56.238] [INFO ] DataDriver - root.p_Vertices[772]: set x = 2453.5278319999998
[2026-09-18 10:06:56.238] [INFO ] DataDriver - root.p_Vertices[772]: set y = 1052.564407
[2026-09-18 10:06:56.238] [INFO ] DataDriver - root.p_Vertices[772]: set z = 0.0
[2026-09-18 10:06:56.238] [INFO ] DataDriver - root.p_Vertices[773]: set id = "vertex_773"
[2026-09-18 10:06:56.238] [INFO ] DataDriver - root.p_Vertices[773]: set edge_id = "edge_57"
[2026-09-18 10:06:56.238] [INFO ] DataDriver - root.p_Vertices[773]: set edge_index = 0
[2026-09-18 10:06:56.238] [INFO ] DataDriver - root.p_Vertices[773]: set x = 1517.427887
[2026-09-18 10:06:56.238] [INFO ] DataDriver - root.p_Vertices[773]: set y = 1093.494598
[2026-09-18 10:06:56.238] [INFO ] DataDriver - root.p_Vertices[773]: set z = 0.0
[2026-09-18 10:06:56.238] [INFO ] DataDriver - root.p_Vertices[774]: set id = "vertex_774"
[2026-09-18 10:06:56.238] [INFO ] DataDriver - root.p_Vertices[774]: set edge_id = "edge_57"
[2026-09-18 10:06:56.238] [INFO ] DataDriver - root.p_Vertices[774]: set edge_index = 1
[2026-09-18 10:06:56.238] [INFO ] DataDriver - root.p_Vertices[774]: set x = 1483.424194
[2026-09-18 10:06:56.238] [INFO ] DataDriver - root.p_Vertices[774]: set y = 1096.660889
[2026-09-18 10:06:56.238] [INFO ] DataDriver - root.p_Vertices[774]: set z = 1.5E-5
[2026-09-18 10:06:56.238] [INFO ] DataDriver - root.p_Vertices[775]: set id = "vertex_775"
[2026-09-18 10:06:56.238] [INFO ] DataDriver - root.p_Vertices[775]: set edge_id = "edge_57"
[2026-09-18 10:06:56.238] [INFO ] DataDriver - root.p_Vertices[775]: set edge_index = 2
[2026-09-18 10:06:56.238] [INFO ] DataDriver - root.p_Vertices[775]: set x = 1451.826904
[2026-09-18 10:06:56.238] [INFO ] DataDriver - root.p_Vertices[775]: set y = 1096.669586
[2026-09-18 10:06:56.238] [INFO ] DataDriver - root.p_Vertices[775]: set z = 0.0
[2026-09-18 10:06:56.238] [INFO ] DataDriver - root.p_Vertices[776]: set id = "vertex_776"
[2026-09-18 10:06:56.238] [INFO ] DataDriver - root.p_Vertices[776]: set edge_id = "edge_57"
[2026-09-18 10:06:56.238] [INFO ] DataDriver - root.p_Vertices[776]: set edge_index = 3
[2026-09-18 10:06:56.238] [INFO ] DataDriver - root.p_Vertices[776]: set x = 1428.404297
[2026-09-18 10:06:56.238] [INFO ] DataDriver - root.p_Vertices[776]: set y = 1094.0620119999999
[2026-09-18 10:06:56.238] [INFO ] DataDriver - root.p_Vertices[776]: set z = 0.0
[2026-09-18 10:06:56.238] [INFO ] DataDriver - root.p_Vertices[777]: set id = "vertex_777"
[2026-09-18 10:06:56.238] [INFO ] DataDriver - root.p_Vertices[777]: set edge_id = "edge_57"
[2026-09-18 10:06:56.238] [INFO ] DataDriver - root.p_Vertices[777]: set edge_index = 4
[2026-09-18 10:06:56.238] [INFO ] DataDriver - root.p_Vertices[777]: set x = 1403.932434
[2026-09-18 10:06:56.238] [INFO ] DataDriver - root.p_Vertices[777]: set y = 1088.807068
[2026-09-18 10:06:56.238] [INFO ] DataDriver - root.p_Vertices[777]: set z = 0.0
[2026-09-18 10:06:56.238] [INFO ] DataDriver - root.p_Vertices[778]: set id = "vertex_778"
[2026-09-18 10:06:56.238] [INFO ] DataDriver - root.p_Vertices[778]: set edge_id = "edge_57"
[2026-09-18 10:06:56.238] [INFO ] DataDriver - root.p_Vertices[778]: set edge_index = 5
[2026-09-18 10:06:56.238] [INFO ] DataDriver - root.p_Vertices[778]: set x = 1378.793091
[2026-09-18 10:06:56.238] [INFO ] DataDriver - root.p_Vertices[778]: set y = 1080.719208
[2026-09-18 10:06:56.238] [INFO ] DataDriver - root.p_Vertices[778]: set z = 0.0
[2026-09-18 10:06:56.238] [INFO ] DataDriver - root.p_Vertices[779]: set id = "vertex_779"
[2026-09-18 10:06:56.238] [INFO ] DataDriver - root.p_Vertices[779]: set edge_id = "edge_57"
[2026-09-18 10:06:56.238] [INFO ] DataDriver - root.p_Vertices[779]: set edge_index = 6
[2026-09-18 10:06:56.238] [INFO ] DataDriver - root.p_Vertices[779]: set x = 1343.175964
[2026-09-18 10:06:56.238] [INFO ] DataDriver - root.p_Vertices[779]: set y = 1065.274841
[2026-09-18 10:06:56.238] [INFO ] DataDriver - root.p_Vertices[779]: set z = 0.0
[2026-09-18 10:06:56.238] [INFO ] DataDriver - root.p_Vertices[780]: set id = "vertex_780"
[2026-09-18 10:06:56.238] [INFO ] DataDriver - root.p_Vertices[780]: set edge_id = "edge_57"
[2026-09-18 10:06:56.238] [INFO ] DataDriver - root.p_Vertices[780]: set edge_index = 7
[2026-09-18 10:06:56.238] [INFO ] DataDriver - root.p_Vertices[780]: set x = 1199.841248
[2026-09-18 10:06:56.238] [INFO ] DataDriver - root.p_Vertices[780]: set y = 988.1936949999999
[2026-09-18 10:06:56.238] [INFO ] DataDriver - root.p_Vertices[780]: set z = 8.0E-6
[2026-09-18 10:06:56.238] [INFO ] DataDriver - root.p_Vertices[781]: set id = "vertex_781"
[2026-09-18 10:06:56.238] [INFO ] DataDriver - root.p_Vertices[781]: set edge_id = "edge_57"
[2026-09-18 10:06:56.238] [INFO ] DataDriver - root.p_Vertices[781]: set edge_index = 8
[2026-09-18 10:06:56.238] [INFO ] DataDriver - root.p_Vertices[781]: set x = 1191.830505
[2026-09-18 10:06:56.238] [INFO ] DataDriver - root.p_Vertices[781]: set y = 985.255463
[2026-09-18 10:06:56.238] [INFO ] DataDriver - root.p_Vertices[781]: set z = 0.0
[2026-09-18 10:06:56.238] [INFO ] DataDriver - root.p_Vertices[782]: set id = "vertex_782"
[2026-09-18 10:06:56.238] [INFO ] DataDriver - root.p_Vertices[782]: set edge_id = "edge_57"
[2026-09-18 10:06:56.238] [INFO ] DataDriver - root.p_Vertices[782]: set edge_index = 9
[2026-09-18 10:06:56.238] [INFO ] DataDriver - root.p_Vertices[782]: set x = 890.406616
[2026-09-18 10:06:56.238] [INFO ] DataDriver - root.p_Vertices[782]: set y = 906.67923
[2026-09-18 10:06:56.238] [INFO ] DataDriver - root.p_Vertices[782]: set z = 8.0E-6
[2026-09-18 10:06:56.238] [INFO ] DataDriver - root.p_Vertices[783]: set id = "vertex_783"
[2026-09-18 10:06:56.238] [INFO ] DataDriver - root.p_Vertices[783]: set edge_id = "edge_57"
[2026-09-18 10:06:56.238] [INFO ] DataDriver - root.p_Vertices[783]: set edge_index = 10
[2026-09-18 10:06:56.238] [INFO ] DataDriver - root.p_Vertices[783]: set x = 869.76062
[2026-09-18 10:06:56.238] [INFO ] DataDriver - root.p_Vertices[783]: set y = 899.51059
[2026-09-18 10:06:56.238] [INFO ] DataDriver - root.p_Vertices[783]: set z = 0.0
[2026-09-18 10:06:56.238] [INFO ] DataDriver - root.p_Vertices[784]: set id = "vertex_784"
[2026-09-18 10:06:56.238] [INFO ] DataDriver - root.p_Vertices[784]: set edge_id = "edge_57"
[2026-09-18 10:06:56.238] [INFO ] DataDriver - root.p_Vertices[784]: set edge_index = 11
[2026-09-18 10:06:56.238] [INFO ] DataDriver - root.p_Vertices[784]: set x = 817.3359379999999
[2026-09-18 10:06:56.238] [INFO ] DataDriver - root.p_Vertices[784]: set y = 873.325859
[2026-09-18 10:06:56.238] [INFO ] DataDriver - root.p_Vertices[784]: set z = 8.0E-6
[2026-09-18 10:06:56.238] [INFO ] DataDriver - root.p_Vertices[785]: set id = "vertex_785"
[2026-09-18 10:06:56.238] [INFO ] DataDriver - root.p_Vertices[785]: set edge_id = "edge_57"
[2026-09-18 10:06:56.238] [INFO ] DataDriver - root.p_Vertices[785]: set edge_index = 12
[2026-09-18 10:06:56.238] [INFO ] DataDriver - root.p_Vertices[785]: set x = 796.347534
[2026-09-18 10:06:56.238] [INFO ] DataDriver - root.p_Vertices[785]: set y = 860.419159
[2026-09-18 10:06:56.238] [INFO ] DataDriver - root.p_Vertices[785]: set z = 1.5E-5
[2026-09-18 10:06:56.238] [INFO ] DataDriver - root.p_Vertices[786]: set id = "vertex_786"
[2026-09-18 10:06:56.239] [INFO ] DataDriver - root.p_Vertices[786]: set edge_id = "edge_57"
[2026-09-18 10:06:56.239] [INFO ] DataDriver - root.p_Vertices[786]: set edge_index = 13
[2026-09-18 10:06:56.239] [INFO ] DataDriver - root.p_Vertices[786]: set x = 736.71582
[2026-09-18 10:06:56.239] [INFO ] DataDriver - root.p_Vertices[786]: set y = 814.03009
[2026-09-18 10:06:56.239] [INFO ] DataDriver - root.p_Vertices[786]: set z = 0.0
[2026-09-18 10:06:56.239] [INFO ] DataDriver - root.p_Vertices[787]: set id = "vertex_787"
[2026-09-18 10:06:56.239] [INFO ] DataDriver - root.p_Vertices[787]: set edge_id = "edge_58"
[2026-09-18 10:06:56.239] [INFO ] DataDriver - root.p_Vertices[787]: set edge_index = 0
[2026-09-18 10:06:56.239] [INFO ] DataDriver - root.p_Vertices[787]: set x = 2074.49408
[2026-09-18 10:06:56.239] [INFO ] DataDriver - root.p_Vertices[787]: set y = 1082.030914
[2026-09-18 10:06:56.239] [INFO ] DataDriver - root.p_Vertices[787]: set z = 0.0
[2026-09-18 10:06:56.239] [INFO ] DataDriver - root.p_Vertices[788]: set id = "vertex_788"
[2026-09-18 10:06:56.239] [INFO ] DataDriver - root.p_Vertices[788]: set edge_id = "edge_58"
[2026-09-18 10:06:56.239] [INFO ] DataDriver - root.p_Vertices[788]: set edge_index = 1
[2026-09-18 10:06:56.239] [INFO ] DataDriver - root.p_Vertices[788]: set x = 1992.96106
[2026-09-18 10:06:56.239] [INFO ] DataDriver - root.p_Vertices[788]: set y = 1053.001556
[2026-09-18 10:06:56.239] [INFO ] DataDriver - root.p_Vertices[788]: set z = 0.0
[2026-09-18 10:06:56.239] [INFO ] DataDriver - root.p_Vertices[789]: set id = "vertex_789"
[2026-09-18 10:06:56.239] [INFO ] DataDriver - root.p_Vertices[789]: set edge_id = "edge_58"
[2026-09-18 10:06:56.239] [INFO ] DataDriver - root.p_Vertices[789]: set edge_index = 2
[2026-09-18 10:06:56.239] [INFO ] DataDriver - root.p_Vertices[789]: set x = 1909.6895749999999
[2026-09-18 10:06:56.239] [INFO ] DataDriver - root.p_Vertices[789]: set y = 1007.498993
[2026-09-18 10:06:56.239] [INFO ] DataDriver - root.p_Vertices[789]: set z = 8.0E-6
[2026-09-18 10:06:56.239] [INFO ] DataDriver - root.p_Vertices[790]: set id = "vertex_790"
[2026-09-18 10:06:56.239] [INFO ] DataDriver - root.p_Vertices[790]: set edge_id = "edge_58"
[2026-09-18 10:06:56.239] [INFO ] DataDriver - root.p_Vertices[790]: set edge_index = 3
[2026-09-18 10:06:56.239] [INFO ] DataDriver - root.p_Vertices[790]: set x = 1899.6701659999999
[2026-09-18 10:06:56.239] [INFO ] DataDriver - root.p_Vertices[790]: set y = 1003.7543949999999
[2026-09-18 10:06:56.239] [INFO ] DataDriver - root.p_Vertices[790]: set z = 0.0
[2026-09-18 10:06:56.239] [INFO ] DataDriver - root.p_Vertices[791]: set id = "vertex_791"
[2026-09-18 10:06:56.239] [INFO ] DataDriver - root.p_Vertices[791]: set edge_id = "edge_58"
[2026-09-18 10:06:56.239] [INFO ] DataDriver - root.p_Vertices[791]: set edge_index = 4
[2026-09-18 10:06:56.239] [INFO ] DataDriver - root.p_Vertices[791]: set x = 1894.2973630000001
[2026-09-18 10:06:56.239] [INFO ] DataDriver - root.p_Vertices[791]: set y = 1002.5250550000001
[2026-09-18 10:06:56.239] [INFO ] DataDriver - root.p_Vertices[791]: set z = 0.0
[2026-09-18 10:06:56.239] [INFO ] DataDriver - root.p_Vertices[792]: set id = "vertex_792"
[2026-09-18 10:06:56.239] [INFO ] DataDriver - root.p_Vertices[792]: set edge_id = "edge_58"
[2026-09-18 10:06:56.239] [INFO ] DataDriver - root.p_Vertices[792]: set edge_index = 5
[2026-09-18 10:06:56.239] [INFO ] DataDriver - root.p_Vertices[792]: set x = 1888.3949579999999
[2026-09-18 10:06:56.239] [INFO ] DataDriver - root.p_Vertices[792]: set y = 1001.748734
[2026-09-18 10:06:56.239] [INFO ] DataDriver - root.p_Vertices[792]: set z = 0.0
[2026-09-18 10:06:56.239] [INFO ] DataDriver - root.p_Vertices[793]: set id = "vertex_793"
[2026-09-18 10:06:56.239] [INFO ] DataDriver - root.p_Vertices[793]: set edge_id = "edge_58"
[2026-09-18 10:06:56.239] [INFO ] DataDriver - root.p_Vertices[793]: set edge_index = 6
[2026-09-18 10:06:56.239] [INFO ] DataDriver - root.p_Vertices[793]: set x = 1868.682373
[2026-09-18 10:06:56.239] [INFO ] DataDriver - root.p_Vertices[793]: set y = 1001.301239
[2026-09-18 10:06:56.239] [INFO ] DataDriver - root.p_Vertices[793]: set z = 0.0
[2026-09-18 10:06:56.239] [INFO ] DataDriver - root.p_Vertices[794]: set id = "vertex_794"
[2026-09-18 10:06:56.239] [INFO ] DataDriver - root.p_Vertices[794]: set edge_id = "edge_58"
[2026-09-18 10:06:56.239] [INFO ] DataDriver - root.p_Vertices[794]: set edge_index = 7
[2026-09-18 10:06:56.239] [INFO ] DataDriver - root.p_Vertices[794]: set x = 1846.165771
[2026-09-18 10:06:56.239] [INFO ] DataDriver - root.p_Vertices[794]: set y = 1004.0816649999999
[2026-09-18 10:06:56.239] [INFO ] DataDriver - root.p_Vertices[794]: set z = 1.5E-5
[2026-09-18 10:06:56.239] [INFO ] DataDriver - root.p_Vertices[795]: set id = "vertex_795"
[2026-09-18 10:06:56.239] [INFO ] DataDriver - root.p_Vertices[795]: set edge_id = "edge_58"
[2026-09-18 10:06:56.239] [INFO ] DataDriver - root.p_Vertices[795]: set edge_index = 8
[2026-09-18 10:06:56.239] [INFO ] DataDriver - root.p_Vertices[795]: set x = 1828.3679809999999
[2026-09-18 10:06:56.239] [INFO ] DataDriver - root.p_Vertices[795]: set y = 1008.009918
[2026-09-18 10:06:56.239] [INFO ] DataDriver - root.p_Vertices[795]: set z = -8.0E-6
[2026-09-18 10:06:56.239] [INFO ] DataDriver - root.p_Vertices[796]: set id = "vertex_796"
[2026-09-18 10:06:56.239] [INFO ] DataDriver - root.p_Vertices[796]: set edge_id = "edge_59"
[2026-09-18 10:06:56.239] [INFO ] DataDriver - root.p_Vertices[796]: set edge_index = 110
[2026-09-18 10:06:56.239] [INFO ] DataDriver - root.p_Vertices[796]: set x = 1538.732147
[2026-09-18 10:06:56.239] [INFO ] DataDriver - root.p_Vertices[796]: set y = 1067.282379
[2026-09-18 10:06:56.239] [INFO ] DataDriver - root.p_Vertices[796]: set z = 1.5E-5
[2026-09-18 10:06:56.239] [INFO ] DataDriver - root.p_Vertices[797]: set id = "vertex_797"
[2026-09-18 10:06:56.239] [INFO ] DataDriver - root.p_Vertices[797]: set edge_id = "edge_59"
[2026-09-18 10:06:56.239] [INFO ] DataDriver - root.p_Vertices[797]: set edge_index = 109
[2026-09-18 10:06:56.239] [INFO ] DataDriver - root.p_Vertices[797]: set x = 1534.636261
[2026-09-18 10:06:56.239] [INFO ] DataDriver - root.p_Vertices[797]: set y = 1065.5730899999999
[2026-09-18 10:06:56.239] [INFO ] DataDriver - root.p_Vertices[797]: set z = -8.0E-6
[2026-09-18 10:06:56.239] [INFO ] DataDriver - root.p_Vertices[798]: set id = "vertex_798"
[2026-09-18 10:06:56.239] [INFO ] DataDriver - root.p_Vertices[798]: set edge_id = "edge_59"
[2026-09-18 10:06:56.239] [INFO ] DataDriver - root.p_Vertices[798]: set edge_index = 108
[2026-09-18 10:06:56.239] [INFO ] DataDriver - root.p_Vertices[798]: set x = 1523.135315
[2026-09-18 10:06:56.239] [INFO ] DataDriver - root.p_Vertices[798]: set y = 1059.38092
[2026-09-18 10:06:56.239] [INFO ] DataDriver - root.p_Vertices[798]: set z = -8.0E-6
[2026-09-18 10:06:56.239] [INFO ] DataDriver - root.p_Vertices[799]: set id = "vertex_799"
[2026-09-18 10:06:56.239] [INFO ] DataDriver - root.p_Vertices[799]: set edge_id = "edge_59"
[2026-09-18 10:06:56.239] [INFO ] DataDriver - root.p_Vertices[799]: set edge_index = 107
[2026-09-18 10:06:56.239] [INFO ] DataDriver - root.p_Vertices[799]: set x = 1515.712097
[2026-09-18 10:06:56.239] [INFO ] DataDriver - root.p_Vertices[799]: set y = 1054.425476
[2026-09-18 10:06:56.239] [INFO ] DataDriver - root.p_Vertices[799]: set z = -8.0E-6
[2026-09-18 10:06:56.239] [INFO ] DataDriver - root.p_Vertices[800]: set id = "vertex_800"
[2026-09-18 10:06:56.239] [INFO ] DataDriver - root.p_Vertices[800]: set edge_id = "edge_59"
[2026-09-18 10:06:56.239] [INFO ] DataDriver - root.p_Vertices[800]: set edge_index = 106
[2026-09-18 10:06:56.239] [INFO ] DataDriver - root.p_Vertices[800]: set x = 1512.211304
[2026-09-18 10:06:56.239] [INFO ] DataDriver - root.p_Vertices[800]: set y = 1051.608139
[2026-09-18 10:06:56.239] [INFO ] DataDriver - root.p_Vertices[800]: set z = 8.0E-6
[2026-09-18 10:06:56.239] [INFO ] DataDriver - root.p_Vertices[801]: set id = "vertex_801"
[2026-09-18 10:06:56.239] [INFO ] DataDriver - root.p_Vertices[801]: set edge_id = "edge_59"
[2026-09-18 10:06:56.239] [INFO ] DataDriver - root.p_Vertices[801]: set edge_index = 105
[2026-09-18 10:06:56.239] [INFO ] DataDriver - root.p_Vertices[801]: set x = 1509.092133
[2026-09-18 10:06:56.239] [INFO ] DataDriver - root.p_Vertices[801]: set y = 1048.328033
[2026-09-18 10:06:56.239] [INFO ] DataDriver - root.p_Vertices[801]: set z = 0.0
[2026-09-18 10:06:56.239] [INFO ] DataDriver - root.p_Vertices[802]: set id = "vertex_802"
[2026-09-18 10:06:56.239] [INFO ] DataDriver - root.p_Vertices[802]: set edge_id = "edge_59"
[2026-09-18 10:06:56.239] [INFO ] DataDriver - root.p_Vertices[802]: set edge_index = 104
[2026-09-18 10:06:56.239] [INFO ] DataDriver - root.p_Vertices[802]: set x = 1506.4951780000001
[2026-09-18 10:06:56.240] [INFO ] DataDriver - root.p_Vertices[802]: set y = 1044.428024
[2026-09-18 10:06:56.240] [INFO ] DataDriver - root.p_Vertices[802]: set z = 0.0
[2026-09-18 10:06:56.240] [INFO ] DataDriver - root.p_Vertices[803]: set id = "vertex_803"
[2026-09-18 10:06:56.240] [INFO ] DataDriver - root.p_Vertices[803]: set edge_id = "edge_59"
[2026-09-18 10:06:56.240] [INFO ] DataDriver - root.p_Vertices[803]: set edge_index = 103
[2026-09-18 10:06:56.240] [INFO ] DataDriver - root.p_Vertices[803]: set x = 1504.31366
[2026-09-18 10:06:56.240] [INFO ] DataDriver - root.p_Vertices[803]: set y = 1040.051575
[2026-09-18 10:06:56.240] [INFO ] DataDriver - root.p_Vertices[803]: set z = -8.0E-6
[2026-09-18 10:06:56.240] [INFO ] DataDriver - root.p_Vertices[804]: set id = "vertex_804"
[2026-09-18 10:06:56.240] [INFO ] DataDriver - root.p_Vertices[804]: set edge_id = "edge_59"
[2026-09-18 10:06:56.240] [INFO ] DataDriver - root.p_Vertices[804]: set edge_index = 102
[2026-09-18 10:06:56.240] [INFO ] DataDriver - root.p_Vertices[804]: set x = 1502.4605099999999
[2026-09-18 10:06:56.240] [INFO ] DataDriver - root.p_Vertices[804]: set y = 1035.354187
[2026-09-18 10:06:56.240] [INFO ] DataDriver - root.p_Vertices[804]: set z = 0.0
[2026-09-18 10:06:56.240] [INFO ] DataDriver - root.p_Vertices[805]: set id = "vertex_805"
[2026-09-18 10:06:56.240] [INFO ] DataDriver - root.p_Vertices[805]: set edge_id = "edge_59"
[2026-09-18 10:06:56.240] [INFO ] DataDriver - root.p_Vertices[805]: set edge_index = 101
[2026-09-18 10:06:56.240] [INFO ] DataDriver - root.p_Vertices[805]: set x = 1501.064514
[2026-09-18 10:06:56.240] [INFO ] DataDriver - root.p_Vertices[805]: set y = 1030.280823
[2026-09-18 10:06:56.240] [INFO ] DataDriver - root.p_Vertices[805]: set z = 0.0
[2026-09-18 10:06:56.240] [INFO ] DataDriver - root.p_Vertices[806]: set id = "vertex_806"
[2026-09-18 10:06:56.240] [INFO ] DataDriver - root.p_Vertices[806]: set edge_id = "edge_59"
[2026-09-18 10:06:56.240] [INFO ] DataDriver - root.p_Vertices[806]: set edge_index = 100
[2026-09-18 10:06:56.240] [INFO ] DataDriver - root.p_Vertices[806]: set x = 1500.2623290000001
[2026-09-18 10:06:56.240] [INFO ] DataDriver - root.p_Vertices[806]: set y = 1024.731934
[2026-09-18 10:06:56.240] [INFO ] DataDriver - root.p_Vertices[806]: set z = 8.0E-6
[2026-09-18 10:06:56.240] [INFO ] DataDriver - root.p_Vertices[807]: set id = "vertex_807"
[2026-09-18 10:06:56.240] [INFO ] DataDriver - root.p_Vertices[807]: set edge_id = "edge_59"
[2026-09-18 10:06:56.240] [INFO ] DataDriver - root.p_Vertices[807]: set edge_index = 99
[2026-09-18 10:06:56.240] [INFO ] DataDriver - root.p_Vertices[807]: set x = 1500.895996
[2026-09-18 10:06:56.240] [INFO ] DataDriver - root.p_Vertices[807]: set y = 957.101593
[2026-09-18 10:06:56.240] [INFO ] DataDriver - root.p_Vertices[807]: set z = 0.0
[2026-09-18 10:06:56.240] [INFO ] DataDriver - root.p_Vertices[808]: set id = "vertex_808"
[2026-09-18 10:06:56.240] [INFO ] DataDriver - root.p_Vertices[808]: set edge_id = "edge_59"
[2026-09-18 10:06:56.240] [INFO ] DataDriver - root.p_Vertices[808]: set edge_index = 98
[2026-09-18 10:06:56.240] [INFO ] DataDriver - root.p_Vertices[808]: set x = 1500.33844
[2026-09-18 10:06:56.240] [INFO ] DataDriver - root.p_Vertices[808]: set y = 950.980789
[2026-09-18 10:06:56.240] [INFO ] DataDriver - root.p_Vertices[808]: set z = 0.0
[2026-09-18 10:06:56.240] [INFO ] DataDriver - root.p_Vertices[809]: set id = "vertex_809"
[2026-09-18 10:06:56.240] [INFO ] DataDriver - root.p_Vertices[809]: set edge_id = "edge_59"
[2026-09-18 10:06:56.240] [INFO ] DataDriver - root.p_Vertices[809]: set edge_index = 97
[2026-09-18 10:06:56.240] [INFO ] DataDriver - root.p_Vertices[809]: set x = 1499.400879
[2026-09-18 10:06:56.240] [INFO ] DataDriver - root.p_Vertices[809]: set y = 945.0933689999999
[2026-09-18 10:06:56.240] [INFO ] DataDriver - root.p_Vertices[809]: set z = 0.0
[2026-09-18 10:06:56.240] [INFO ] DataDriver - root.p_Vertices[810]: set id = "vertex_810"
[2026-09-18 10:06:56.240] [INFO ] DataDriver - root.p_Vertices[810]: set edge_id = "edge_59"
[2026-09-18 10:06:56.240] [INFO ] DataDriver - root.p_Vertices[810]: set edge_index = 96
[2026-09-18 10:06:56.240] [INFO ] DataDriver - root.p_Vertices[810]: set x = 1494.915466
[2026-09-18 10:06:56.240] [INFO ] DataDriver - root.p_Vertices[810]: set y = 927.47493
[2026-09-18 10:06:56.240] [INFO ] DataDriver - root.p_Vertices[810]: set z = -8.0E-6
[2026-09-18 10:06:56.240] [INFO ] DataDriver - root.p_Vertices[811]: set id = "vertex_811"
[2026-09-18 10:06:56.240] [INFO ] DataDriver - root.p_Vertices[811]: set edge_id = "edge_59"
[2026-09-18 10:06:56.240] [INFO ] DataDriver - root.p_Vertices[811]: set edge_index = 95
[2026-09-18 10:06:56.240] [INFO ] DataDriver - root.p_Vertices[811]: set x = 1482.350586
[2026-09-18 10:06:56.240] [INFO ] DataDriver - root.p_Vertices[811]: set y = 894.697594
[2026-09-18 10:06:56.240] [INFO ] DataDriver - root.p_Vertices[811]: set z = -8.0E-6
[2026-09-18 10:06:56.240] [INFO ] DataDriver - root.p_Vertices[812]: set id = "vertex_812"
[2026-09-18 10:06:56.240] [INFO ] DataDriver - root.p_Vertices[812]: set edge_id = "edge_59"
[2026-09-18 10:06:56.240] [INFO ] DataDriver - root.p_Vertices[812]: set edge_index = 94
[2026-09-18 10:06:56.240] [INFO ] DataDriver - root.p_Vertices[812]: set x = 1473.213379
[2026-09-18 10:06:56.240] [INFO ] DataDriver - root.p_Vertices[812]: set y = 877.535912
[2026-09-18 10:06:56.240] [INFO ] DataDriver - root.p_Vertices[812]: set z = 0.0
[2026-09-18 10:06:56.240] [INFO ] DataDriver - root.p_Vertices[813]: set id = "vertex_813"
[2026-09-18 10:06:56.240] [INFO ] DataDriver - root.p_Vertices[813]: set edge_id = "edge_59"
[2026-09-18 10:06:56.240] [INFO ] DataDriver - root.p_Vertices[813]: set edge_index = 93
[2026-09-18 10:06:56.240] [INFO ] DataDriver - root.p_Vertices[813]: set x = 1469.507568
[2026-09-18 10:06:56.240] [INFO ] DataDriver - root.p_Vertices[813]: set y = 872.1373140000001
[2026-09-18 10:06:56.240] [INFO ] DataDriver - root.p_Vertices[813]: set z = 0.0
[2026-09-18 10:06:56.240] [INFO ] DataDriver - root.p_Vertices[814]: set id = "vertex_814"
[2026-09-18 10:06:56.240] [INFO ] DataDriver - root.p_Vertices[814]: set edge_id = "edge_59"
[2026-09-18 10:06:56.240] [INFO ] DataDriver - root.p_Vertices[814]: set edge_index = 92
[2026-09-18 10:06:56.240] [INFO ] DataDriver - root.p_Vertices[814]: set x = 1461.319092
[2026-09-18 10:06:56.241] [INFO ] DataDriver - root.p_Vertices[814]: set y = 861.846909
[2026-09-18 10:06:56.241] [INFO ] DataDriver - root.p_Vertices[814]: set z = 0.0
[2026-09-18 10:06:56.241] [INFO ] DataDriver - root.p_Vertices[815]: set id = "vertex_815"
[2026-09-18 10:06:56.241] [INFO ] DataDriver - root.p_Vertices[815]: set edge_id = "edge_59"
[2026-09-18 10:06:56.241] [INFO ] DataDriver - root.p_Vertices[815]: set edge_index = 91
[2026-09-18 10:06:56.241] [INFO ] DataDriver - root.p_Vertices[815]: set x = 1456.896729
[2026-09-18 10:06:56.241] [INFO ] DataDriver - root.p_Vertices[815]: set y = 857.283905
[2026-09-18 10:06:56.241] [INFO ] DataDriver - root.p_Vertices[815]: set z = 1.5E-5
[2026-09-18 10:06:56.241] [INFO ] DataDriver - root.p_Vertices[816]: set id = "vertex_816"
[2026-09-18 10:06:56.241] [INFO ] DataDriver - root.p_Vertices[816]: set edge_id = "edge_59"
[2026-09-18 10:06:56.241] [INFO ] DataDriver - root.p_Vertices[816]: set edge_index = 90
[2026-09-18 10:06:56.241] [INFO ] DataDriver - root.p_Vertices[816]: set x = 1452.184448
[2026-09-18 10:06:56.241] [INFO ] DataDriver - root.p_Vertices[816]: set y = 853.3671879999999
[2026-09-18 10:06:56.241] [INFO ] DataDriver - root.p_Vertices[816]: set z = 8.0E-6
[2026-09-18 10:06:56.241] [INFO ] DataDriver - root.p_Vertices[817]: set id = "vertex_817"
[2026-09-18 10:06:56.241] [INFO ] DataDriver - root.p_Vertices[817]: set edge_id = "edge_59"
[2026-09-18 10:06:56.241] [INFO ] DataDriver - root.p_Vertices[817]: set edge_index = 89
[2026-09-18 10:06:56.241] [INFO ] DataDriver - root.p_Vertices[817]: set x = 1437.276001
[2026-09-18 10:06:56.241] [INFO ] DataDriver - root.p_Vertices[817]: set y = 843.931
[2026-09-18 10:06:56.241] [INFO ] DataDriver - root.p_Vertices[817]: set z = 8.0E-6
[2026-09-18 10:06:56.241] [INFO ] DataDriver - root.p_Vertices[818]: set id = "vertex_818"
[2026-09-18 10:06:56.241] [INFO ] DataDriver - root.p_Vertices[818]: set edge_id = "edge_59"
[2026-09-18 10:06:56.241] [INFO ] DataDriver - root.p_Vertices[818]: set edge_index = 88
[2026-09-18 10:06:56.241] [INFO ] DataDriver - root.p_Vertices[818]: set x = 1432.289917
[2026-09-18 10:06:56.241] [INFO ] DataDriver - root.p_Vertices[818]: set y = 841.401642
[2026-09-18 10:06:56.241] [INFO ] DataDriver - root.p_Vertices[818]: set z = -8.0E-6
[2026-09-18 10:06:56.241] [INFO ] DataDriver - root.p_Vertices[819]: set id = "vertex_819"
[2026-09-18 10:06:56.241] [INFO ] DataDriver - root.p_Vertices[819]: set edge_id = "edge_59"
[2026-09-18 10:06:56.241] [INFO ] DataDriver - root.p_Vertices[819]: set edge_index = 87
[2026-09-18 10:06:56.241] [INFO ] DataDriver - root.p_Vertices[819]: set x = 1390.21814
[2026-09-18 10:06:56.241] [INFO ] DataDriver - root.p_Vertices[819]: set y = 823.371078
[2026-09-18 10:06:56.241] [INFO ] DataDriver - root.p_Vertices[819]: set z = 0.0
[2026-09-18 10:06:56.241] [INFO ] DataDriver - root.p_Vertices[820]: set id = "vertex_820"
[2026-09-18 10:06:56.241] [INFO ] DataDriver - root.p_Vertices[820]: set edge_id = "edge_59"
[2026-09-18 10:06:56.241] [INFO ] DataDriver - root.p_Vertices[820]: set edge_index = 86
[2026-09-18 10:06:56.241] [INFO ] DataDriver - root.p_Vertices[820]: set x = 1280.4375
[2026-09-18 10:06:56.241] [INFO ] DataDriver - root.p_Vertices[820]: set y = 776.668686
[2026-09-18 10:06:56.241] [INFO ] DataDriver - root.p_Vertices[820]: set z = 0.0
[2026-09-18 10:06:56.241] [INFO ] DataDriver - root.p_Vertices[821]: set id = "vertex_821"
[2026-09-18 10:06:56.241] [INFO ] DataDriver - root.p_Vertices[821]: set edge_id = "edge_59"
[2026-09-18 10:06:56.241] [INFO ] DataDriver - root.p_Vertices[821]: set edge_index = 85
[2026-09-18 10:06:56.241] [INFO ] DataDriver - root.p_Vertices[821]: set x = 1263.6179809999999
[2026-09-18 10:06:56.241] [INFO ] DataDriver - root.p_Vertices[821]: set y = 771.621155
[2026-09-18 10:06:56.241] [INFO ] DataDriver - root.p_Vertices[821]: set z = -4.0E-6
[2026-09-18 10:06:56.241] [INFO ] DataDriver - root.p_Vertices[822]: set id = "vertex_822"
[2026-09-18 10:06:56.241] [INFO ] DataDriver - root.p_Vertices[822]: set edge_id = "edge_59"
[2026-09-18 10:06:56.241] [INFO ] DataDriver - root.p_Vertices[822]: set edge_index = 84
[2026-09-18 10:06:56.241] [INFO ] DataDriver - root.p_Vertices[822]: set x = 1237.646729
[2026-09-18 10:06:56.241] [INFO ] DataDriver - root.p_Vertices[822]: set y = 766.384674
[2026-09-18 10:06:56.241] [INFO ] DataDriver - root.p_Vertices[822]: set z = 8.0E-6
[2026-09-18 10:06:56.241] [INFO ] DataDriver - root.p_Vertices[823]: set id = "vertex_823"
[2026-09-18 10:06:56.241] [INFO ] DataDriver - root.p_Vertices[823]: set edge_id = "edge_59"
[2026-09-18 10:06:56.241] [INFO ] DataDriver - root.p_Vertices[823]: set edge_index = 83
[2026-09-18 10:06:56.241] [INFO ] DataDriver - root.p_Vertices[823]: set x = 1229.756836
[2026-09-18 10:06:56.241] [INFO ] DataDriver - root.p_Vertices[823]: set y = 765.71814
[2026-09-18 10:06:56.241] [INFO ] DataDriver - root.p_Vertices[823]: set z = 0.0
[2026-09-18 10:06:56.241] [INFO ] DataDriver - root.p_Vertices[824]: set id = "vertex_824"
[2026-09-18 10:06:56.241] [INFO ] DataDriver - root.p_Vertices[824]: set edge_id = "edge_59"
[2026-09-18 10:06:56.241] [INFO ] DataDriver - root.p_Vertices[824]: set edge_index = 82
[2026-09-18 10:06:56.241] [INFO ] DataDriver - root.p_Vertices[824]: set x = 1167.072021
[2026-09-18 10:06:56.241] [INFO ] DataDriver - root.p_Vertices[824]: set y = 766.836319
[2026-09-18 10:06:56.241] [INFO ] DataDriver - root.p_Vertices[824]: set z = 0.0
[2026-09-18 10:06:56.241] [INFO ] DataDriver - root.p_Vertices[825]: set id = "vertex_825"
[2026-09-18 10:06:56.241] [INFO ] DataDriver - root.p_Vertices[825]: set edge_id = "edge_59"
[2026-09-18 10:06:56.241] [INFO ] DataDriver - root.p_Vertices[825]: set edge_index = 81
[2026-09-18 10:06:56.241] [INFO ] DataDriver - root.p_Vertices[825]: set x = 1159.683472
[2026-09-18 10:06:56.241] [INFO ] DataDriver - root.p_Vertices[825]: set y = 765.9784999999999
[2026-09-18 10:06:56.241] [INFO ] DataDriver - root.p_Vertices[825]: set z = 4.0E-6
[2026-09-18 10:06:56.241] [INFO ] DataDriver - root.p_Vertices[826]: set id = "vertex_826"
[2026-09-18 10:06:56.241] [INFO ] DataDriver - root.p_Vertices[826]: set edge_id = "edge_59"
[2026-09-18 10:06:56.241] [INFO ] DataDriver - root.p_Vertices[826]: set edge_index = 80
[2026-09-18 10:06:56.241] [INFO ] DataDriver - root.p_Vertices[826]: set x = 1119.844421
[2026-09-18 10:06:56.241] [INFO ] DataDriver - root.p_Vertices[826]: set y = 757.311325
[2026-09-18 10:06:56.241] [INFO ] DataDriver - root.p_Vertices[826]: set z = 8.0E-6
[2026-09-18 10:06:56.241] [INFO ] DataDriver - root.p_Vertices[827]: set id = "vertex_827"
[2026-09-18 10:06:56.241] [INFO ] DataDriver - root.p_Vertices[827]: set edge_id = "edge_59"
[2026-09-18 10:06:56.241] [INFO ] DataDriver - root.p_Vertices[827]: set edge_index = 79
[2026-09-18 10:06:56.241] [INFO ] DataDriver - root.p_Vertices[827]: set x = 1005.854065
[2026-09-18 10:06:56.241] [INFO ] DataDriver - root.p_Vertices[827]: set y = 719.791077
[2026-09-18 10:06:56.241] [INFO ] DataDriver - root.p_Vertices[827]: set z = 0.0
[2026-09-18 10:06:56.241] [INFO ] DataDriver - root.p_Vertices[828]: set id = "vertex_828"
[2026-09-18 10:06:56.242] [INFO ] DataDriver - root.p_Vertices[828]: set edge_id = "edge_59"
[2026-09-18 10:06:56.242] [INFO ] DataDriver - root.p_Vertices[828]: set edge_index = 78
[2026-09-18 10:06:56.242] [INFO ] DataDriver - root.p_Vertices[828]: set x = 992.636108
[2026-09-18 10:06:56.242] [INFO ] DataDriver - root.p_Vertices[828]: set y = 713.747101
[2026-09-18 10:06:56.242] [INFO ] DataDriver - root.p_Vertices[828]: set z = 0.0
[2026-09-18 10:06:56.242] [INFO ] DataDriver - root.p_Vertices[829]: set id = "vertex_829"
[2026-09-18 10:06:56.242] [INFO ] DataDriver - root.p_Vertices[829]: set edge_id = "edge_59"
[2026-09-18 10:06:56.242] [INFO ] DataDriver - root.p_Vertices[829]: set edge_index = 77
[2026-09-18 10:06:56.242] [INFO ] DataDriver - root.p_Vertices[829]: set x = 986.71875
[2026-09-18 10:06:56.242] [INFO ] DataDriver - root.p_Vertices[829]: set y = 710.419159
[2026-09-18 10:06:56.242] [INFO ] DataDriver - root.p_Vertices[829]: set z = 0.0
[2026-09-18 10:06:56.242] [INFO ] DataDriver - root.p_Vertices[830]: set id = "vertex_830"
[2026-09-18 10:06:56.242] [INFO ] DataDriver - root.p_Vertices[830]: set edge_id = "edge_59"
[2026-09-18 10:06:56.242] [INFO ] DataDriver - root.p_Vertices[830]: set edge_index = 76
[2026-09-18 10:06:56.242] [INFO ] DataDriver - root.p_Vertices[830]: set x = 981.616821
[2026-09-18 10:06:56.242] [INFO ] DataDriver - root.p_Vertices[830]: set y = 706.827454
[2026-09-18 10:06:56.242] [INFO ] DataDriver - root.p_Vertices[830]: set z = 0.0
[2026-09-18 10:06:56.242] [INFO ] DataDriver - root.p_Vertices[831]: set id = "vertex_831"
[2026-09-18 10:06:56.242] [INFO ] DataDriver - root.p_Vertices[831]: set edge_id = "edge_59"
[2026-09-18 10:06:56.242] [INFO ] DataDriver - root.p_Vertices[831]: set edge_index = 75
[2026-09-18 10:06:56.242] [INFO ] DataDriver - root.p_Vertices[831]: set x = 977.115967
[2026-09-18 10:06:56.242] [INFO ] DataDriver - root.p_Vertices[831]: set y = 702.990753
[2026-09-18 10:06:56.242] [INFO ] DataDriver - root.p_Vertices[831]: set z = 0.0
[2026-09-18 10:06:56.242] [INFO ] DataDriver - root.p_Vertices[832]: set id = "vertex_832"
[2026-09-18 10:06:56.242] [INFO ] DataDriver - root.p_Vertices[832]: set edge_id = "edge_59"
[2026-09-18 10:06:56.242] [INFO ] DataDriver - root.p_Vertices[832]: set edge_index = 74
[2026-09-18 10:06:56.242] [INFO ] DataDriver - root.p_Vertices[832]: set x = 972.940552
[2026-09-18 10:06:56.242] [INFO ] DataDriver - root.p_Vertices[832]: set y = 698.794922
[2026-09-18 10:06:56.242] [INFO ] DataDriver - root.p_Vertices[832]: set z = 0.0
[2026-09-18 10:06:56.242] [INFO ] DataDriver - root.p_Vertices[833]: set id = "vertex_833"
[2026-09-18 10:06:56.242] [INFO ] DataDriver - root.p_Vertices[833]: set edge_id = "edge_59"
[2026-09-18 10:06:56.242] [INFO ] DataDriver - root.p_Vertices[833]: set edge_index = 73
[2026-09-18 10:06:56.242] [INFO ] DataDriver - root.p_Vertices[833]: set x = 969.063721
[2026-09-18 10:06:56.242] [INFO ] DataDriver - root.p_Vertices[833]: set y = 693.854797
[2026-09-18 10:06:56.242] [INFO ] DataDriver - root.p_Vertices[833]: set z = 0.0
[2026-09-18 10:06:56.242] [INFO ] DataDriver - root.p_Vertices[834]: set id = "vertex_834"
[2026-09-18 10:06:56.242] [INFO ] DataDriver - root.p_Vertices[834]: set edge_id = "edge_59"
[2026-09-18 10:06:56.242] [INFO ] DataDriver - root.p_Vertices[834]: set edge_index = 72
[2026-09-18 10:06:56.242] [INFO ] DataDriver - root.p_Vertices[834]: set x = 965.553955
[2026-09-18 10:06:56.242] [INFO ] DataDriver - root.p_Vertices[834]: set y = 687.883972
[2026-09-18 10:06:56.242] [INFO ] DataDriver - root.p_Vertices[834]: set z = 4.0E-6
[2026-09-18 10:06:56.242] [INFO ] DataDriver - root.p_Vertices[835]: set id = "vertex_835"
[2026-09-18 10:06:56.242] [INFO ] DataDriver - root.p_Vertices[835]: set edge_id = "edge_59"
[2026-09-18 10:06:56.242] [INFO ] DataDriver - root.p_Vertices[835]: set edge_index = 71
[2026-09-18 10:06:56.242] [INFO ] DataDriver - root.p_Vertices[835]: set x = 959.511475
[2026-09-18 10:06:56.242] [INFO ] DataDriver - root.p_Vertices[835]: set y = 674.10553
[2026-09-18 10:06:56.242] [INFO ] DataDriver - root.p_Vertices[835]: set z = 2.0E-6
[2026-09-18 10:06:56.242] [INFO ] DataDriver - root.p_Vertices[836]: set id = "vertex_836"
[2026-09-18 10:06:56.242] [INFO ] DataDriver - root.p_Vertices[836]: set edge_id = "edge_59"
[2026-09-18 10:06:56.242] [INFO ] DataDriver - root.p_Vertices[836]: set edge_index = 70
[2026-09-18 10:06:56.242] [INFO ] DataDriver - root.p_Vertices[836]: set x = 957.245728
[2026-09-18 10:06:56.243] [INFO ] DataDriver - root.p_Vertices[836]: set y = 666.929199
[2026-09-18 10:06:56.243] [INFO ] DataDriver - root.p_Vertices[836]: set z = -2.0E-6
[2026-09-18 10:06:56.243] [INFO ] DataDriver - root.p_Vertices[837]: set id = "vertex_837"
[2026-09-18 10:06:56.243] [INFO ] DataDriver - root.p_Vertices[837]: set edge_id = "edge_59"
[2026-09-18 10:06:56.243] [INFO ] DataDriver - root.p_Vertices[837]: set edge_index = 69
[2026-09-18 10:06:56.243] [INFO ] DataDriver - root.p_Vertices[837]: set x = 955.765503
[2026-09-18 10:06:56.243] [INFO ] DataDriver - root.p_Vertices[837]: set y = 659.685791
[2026-09-18 10:06:56.243] [INFO ] DataDriver - root.p_Vertices[837]: set z = 0.0
[2026-09-18 10:06:56.243] [INFO ] DataDriver - root.p_Vertices[838]: set id = "vertex_838"
[2026-09-18 10:06:56.243] [INFO ] DataDriver - root.p_Vertices[838]: set edge_id = "edge_59"
[2026-09-18 10:06:56.243] [INFO ] DataDriver - root.p_Vertices[838]: set edge_index = 68
[2026-09-18 10:06:56.243] [INFO ] DataDriver - root.p_Vertices[838]: set x = 954.925537
[2026-09-18 10:06:56.243] [INFO ] DataDriver - root.p_Vertices[838]: set y = 652.404449
[2026-09-18 10:06:56.243] [INFO ] DataDriver - root.p_Vertices[838]: set z = 2.0E-6
[2026-09-18 10:06:56.243] [INFO ] DataDriver - root.p_Vertices[839]: set id = "vertex_839"
[2026-09-18 10:06:56.243] [INFO ] DataDriver - root.p_Vertices[839]: set edge_id = "edge_59"
[2026-09-18 10:06:56.243] [INFO ] DataDriver - root.p_Vertices[839]: set edge_index = 67
[2026-09-18 10:06:56.243] [INFO ] DataDriver - root.p_Vertices[839]: set x = 954.65332
[2026-09-18 10:06:56.243] [INFO ] DataDriver - root.p_Vertices[839]: set y = 645.1239009999999
[2026-09-18 10:06:56.243] [INFO ] DataDriver - root.p_Vertices[839]: set z = 4.0E-6
[2026-09-18 10:06:56.243] [INFO ] DataDriver - root.p_Vertices[840]: set id = "vertex_840"
[2026-09-18 10:06:56.243] [INFO ] DataDriver - root.p_Vertices[840]: set edge_id = "edge_59"
[2026-09-18 10:06:56.243] [INFO ] DataDriver - root.p_Vertices[840]: set edge_index = 66
[2026-09-18 10:06:56.243] [INFO ] DataDriver - root.p_Vertices[840]: set x = 955.2543949999999
[2026-09-18 10:06:56.243] [INFO ] DataDriver - root.p_Vertices[840]: set y = 637.889465
[2026-09-18 10:06:56.243] [INFO ] DataDriver - root.p_Vertices[840]: set z = 0.0
[2026-09-18 10:06:56.243] [INFO ] DataDriver - root.p_Vertices[841]: set id = "vertex_841"
[2026-09-18 10:06:56.243] [INFO ] DataDriver - root.p_Vertices[841]: set edge_id = "edge_59"
[2026-09-18 10:06:56.243] [INFO ] DataDriver - root.p_Vertices[841]: set edge_index = 65
[2026-09-18 10:06:56.243] [INFO ] DataDriver - root.p_Vertices[841]: set x = 956.996704
[2026-09-18 10:06:56.243] [INFO ] DataDriver - root.p_Vertices[841]: set y = 630.741943
[2026-09-18 10:06:56.243] [INFO ] DataDriver - root.p_Vertices[841]: set z = 4.0E-6
[2026-09-18 10:06:56.243] [INFO ] DataDriver - root.p_Vertices[842]: set id = "vertex_842"
[2026-09-18 10:06:56.243] [INFO ] DataDriver - root.p_Vertices[842]: set edge_id = "edge_59"
[2026-09-18 10:06:56.243] [INFO ] DataDriver - root.p_Vertices[842]: set edge_index = 64
[2026-09-18 10:06:56.243] [INFO ] DataDriver - root.p_Vertices[842]: set x = 959.605591
[2026-09-18 10:06:56.243] [INFO ] DataDriver - root.p_Vertices[842]: set y = 623.7257079999999
[2026-09-18 10:06:56.243] [INFO ] DataDriver - root.p_Vertices[842]: set z = 0.0
[2026-09-18 10:06:56.243] [INFO ] DataDriver - root.p_Vertices[843]: set id = "vertex_843"
[2026-09-18 10:06:56.243] [INFO ] DataDriver - root.p_Vertices[843]: set edge_id = "edge_59"
[2026-09-18 10:06:56.243] [INFO ] DataDriver - root.p_Vertices[843]: set edge_index = 63
[2026-09-18 10:06:56.243] [INFO ] DataDriver - root.p_Vertices[843]: set x = 962.828735
[2026-09-18 10:06:56.243] [INFO ] DataDriver - root.p_Vertices[843]: set y = 616.976807
[2026-09-18 10:06:56.243] [INFO ] DataDriver - root.p_Vertices[843]: set z = 0.0
[2026-09-18 10:06:56.243] [INFO ] DataDriver - root.p_Vertices[844]: set id = "vertex_844"
[2026-09-18 10:06:56.243] [INFO ] DataDriver - root.p_Vertices[844]: set edge_id = "edge_59"
[2026-09-18 10:06:56.243] [INFO ] DataDriver - root.p_Vertices[844]: set edge_index = 62
[2026-09-18 10:06:56.243] [INFO ] DataDriver - root.p_Vertices[844]: set x = 966.878174
[2026-09-18 10:06:56.243] [INFO ] DataDriver - root.p_Vertices[844]: set y = 610.764648
[2026-09-18 10:06:56.243] [INFO ] DataDriver - root.p_Vertices[844]: set z = 0.0
[2026-09-18 10:06:56.243] [INFO ] DataDriver - root.p_Vertices[845]: set id = "vertex_845"
[2026-09-18 10:06:56.243] [INFO ] DataDriver - root.p_Vertices[845]: set edge_id = "edge_59"
[2026-09-18 10:06:56.243] [INFO ] DataDriver - root.p_Vertices[845]: set edge_index = 61
[2026-09-18 10:06:56.243] [INFO ] DataDriver - root.p_Vertices[845]: set x = 972.005249
[2026-09-18 10:06:56.243] [INFO ] DataDriver - root.p_Vertices[845]: set y = 605.2633060000001
[2026-09-18 10:06:56.243] [INFO ] DataDriver - root.p_Vertices[845]: set z = 0.0
[2026-09-18 10:06:56.243] [INFO ] DataDriver - root.p_Vertices[846]: set id = "vertex_846"
[2026-09-18 10:06:56.243] [INFO ] DataDriver - root.p_Vertices[846]: set edge_id = "edge_59"
[2026-09-18 10:06:56.243] [INFO ] DataDriver - root.p_Vertices[846]: set edge_index = 60
[2026-09-18 10:06:56.243] [INFO ] DataDriver - root.p_Vertices[846]: set x = 977.924316
[2026-09-18 10:06:56.243] [INFO ] DataDriver - root.p_Vertices[846]: set y = 600.2982480000001
[2026-09-18 10:06:56.243] [INFO ] DataDriver - root.p_Vertices[846]: set z = -2.0E-6
[2026-09-18 10:06:56.243] [INFO ] DataDriver - root.p_Vertices[847]: set id = "vertex_847"
[2026-09-18 10:06:56.243] [INFO ] DataDriver - root.p_Vertices[847]: set edge_id = "edge_59"
[2026-09-18 10:06:56.243] [INFO ] DataDriver - root.p_Vertices[847]: set edge_index = 59
[2026-09-18 10:06:56.243] [INFO ] DataDriver - root.p_Vertices[847]: set x = 990.826294
[2026-09-18 10:06:56.243] [INFO ] DataDriver - root.p_Vertices[847]: set y = 591.453613
[2026-09-18 10:06:56.243] [INFO ] DataDriver - root.p_Vertices[847]: set z = 0.0
[2026-09-18 10:06:56.243] [INFO ] DataDriver - root.p_Vertices[848]: set id = "vertex_848"
[2026-09-18 10:06:56.243] [INFO ] DataDriver - root.p_Vertices[848]: set edge_id = "edge_59"
[2026-09-18 10:06:56.243] [INFO ] DataDriver - root.p_Vertices[848]: set edge_index = 58
[2026-09-18 10:06:56.243] [INFO ] DataDriver - root.p_Vertices[848]: set x = 997.688477
[2026-09-18 10:06:56.243] [INFO ] DataDriver - root.p_Vertices[848]: set y = 587.716949
[2026-09-18 10:06:56.243] [INFO ] DataDriver - root.p_Vertices[848]: set z = 4.0E-6
[2026-09-18 10:06:56.244] [INFO ] DataDriver - root.p_Vertices[849]: set id = "vertex_849"
[2026-09-18 10:06:56.244] [INFO ] DataDriver - root.p_Vertices[849]: set edge_id = "edge_59"
[2026-09-18 10:06:56.244] [INFO ] DataDriver - root.p_Vertices[849]: set edge_index = 57
[2026-09-18 10:06:56.244] [INFO ] DataDriver - root.p_Vertices[849]: set x = 1012.085632
[2026-09-18 10:06:56.244] [INFO ] DataDriver - root.p_Vertices[849]: set y = 581.275848
[2026-09-18 10:06:56.244] [INFO ] DataDriver - root.p_Vertices[849]: set z = -2.0E-6
[2026-09-18 10:06:56.244] [INFO ] DataDriver - root.p_Vertices[850]: set id = "vertex_850"
[2026-09-18 10:06:56.244] [INFO ] DataDriver - root.p_Vertices[850]: set edge_id = "edge_59"
[2026-09-18 10:06:56.244] [INFO ] DataDriver - root.p_Vertices[850]: set edge_index = 56
[2026-09-18 10:06:56.244] [INFO ] DataDriver - root.p_Vertices[850]: set x = 1019.616089
[2026-09-18 10:06:56.244] [INFO ] DataDriver - root.p_Vertices[850]: set y = 578.713837
[2026-09-18 10:06:56.244] [INFO ] DataDriver - root.p_Vertices[850]: set z = 0.0
[2026-09-18 10:06:56.244] [INFO ] DataDriver - root.p_Vertices[851]: set id = "vertex_851"
[2026-09-18 10:06:56.244] [INFO ] DataDriver - root.p_Vertices[851]: set edge_id = "edge_59"
[2026-09-18 10:06:56.244] [INFO ] DataDriver - root.p_Vertices[851]: set edge_index = 55
[2026-09-18 10:06:56.244] [INFO ] DataDriver - root.p_Vertices[851]: set x = 1027.405884
[2026-09-18 10:06:56.244] [INFO ] DataDriver - root.p_Vertices[851]: set y = 576.852814
[2026-09-18 10:06:56.244] [INFO ] DataDriver - root.p_Vertices[851]: set z = 0.0
[2026-09-18 10:06:56.244] [INFO ] DataDriver - root.p_Vertices[852]: set id = "vertex_852"
[2026-09-18 10:06:56.244] [INFO ] DataDriver - root.p_Vertices[852]: set edge_id = "edge_59"
[2026-09-18 10:06:56.244] [INFO ] DataDriver - root.p_Vertices[852]: set edge_index = 54
[2026-09-18 10:06:56.244] [INFO ] DataDriver - root.p_Vertices[852]: set x = 1051.21228
[2026-09-18 10:06:56.244] [INFO ] DataDriver - root.p_Vertices[852]: set y = 573.610718
[2026-09-18 10:06:56.244] [INFO ] DataDriver - root.p_Vertices[852]: set z = 0.0
[2026-09-18 10:06:56.244] [INFO ] DataDriver - root.p_Vertices[853]: set id = "vertex_853"
[2026-09-18 10:06:56.244] [INFO ] DataDriver - root.p_Vertices[853]: set edge_id = "edge_59"
[2026-09-18 10:06:56.244] [INFO ] DataDriver - root.p_Vertices[853]: set edge_index = 53
[2026-09-18 10:06:56.244] [INFO ] DataDriver - root.p_Vertices[853]: set x = 1073.870178
[2026-09-18 10:06:56.244] [INFO ] DataDriver - root.p_Vertices[853]: set y = 572.5261840000001
[2026-09-18 10:06:56.244] [INFO ] DataDriver - root.p_Vertices[853]: set z = 2.0E-6
[2026-09-18 10:06:56.244] [INFO ] DataDriver - root.p_Vertices[854]: set id = "vertex_854"
[2026-09-18 10:06:56.244] [INFO ] DataDriver - root.p_Vertices[854]: set edge_id = "edge_59"
[2026-09-18 10:06:56.244] [INFO ] DataDriver - root.p_Vertices[854]: set edge_index = 52
[2026-09-18 10:06:56.244] [INFO ] DataDriver - root.p_Vertices[854]: set x = 1081.054199
[2026-09-18 10:06:56.244] [INFO ] DataDriver - root.p_Vertices[854]: set y = 572.939545
[2026-09-18 10:06:56.244] [INFO ] DataDriver - root.p_Vertices[854]: set z = 0.0
[2026-09-18 10:06:56.244] [INFO ] DataDriver - root.p_Vertices[855]: set id = "vertex_855"
[2026-09-18 10:06:56.244] [INFO ] DataDriver - root.p_Vertices[855]: set edge_id = "edge_59"
[2026-09-18 10:06:56.244] [INFO ] DataDriver - root.p_Vertices[855]: set edge_index = 51
[2026-09-18 10:06:56.244] [INFO ] DataDriver - root.p_Vertices[855]: set x = 1087.951111
[2026-09-18 10:06:56.244] [INFO ] DataDriver - root.p_Vertices[855]: set y = 574.047302
[2026-09-18 10:06:56.244] [INFO ] DataDriver - root.p_Vertices[855]: set z = 0.0
[2026-09-18 10:06:56.244] [INFO ] DataDriver - root.p_Vertices[856]: set id = "vertex_856"
[2026-09-18 10:06:56.244] [INFO ] DataDriver - root.p_Vertices[856]: set edge_id = "edge_59"
[2026-09-18 10:06:56.244] [INFO ] DataDriver - root.p_Vertices[856]: set edge_index = 50
[2026-09-18 10:06:56.244] [INFO ] DataDriver - root.p_Vertices[856]: set x = 1094.654968
[2026-09-18 10:06:56.244] [INFO ] DataDriver - root.p_Vertices[856]: set y = 575.675964
[2026-09-18 10:06:56.244] [INFO ] DataDriver - root.p_Vertices[856]: set z = 0.0
[2026-09-18 10:06:56.244] [INFO ] DataDriver - root.p_Vertices[857]: set id = "vertex_857"
[2026-09-18 10:06:56.244] [INFO ] DataDriver - root.p_Vertices[857]: set edge_id = "edge_59"
[2026-09-18 10:06:56.244] [INFO ] DataDriver - root.p_Vertices[857]: set edge_index = 49
[2026-09-18 10:06:56.244] [INFO ] DataDriver - root.p_Vertices[857]: set x = 1157.890503
[2026-09-18 10:06:56.244] [INFO ] DataDriver - root.p_Vertices[857]: set y = 597.181061
[2026-09-18 10:06:56.244] [INFO ] DataDriver - root.p_Vertices[857]: set z = 1.0E-6
[2026-09-18 10:06:56.244] [INFO ] DataDriver - root.p_Vertices[858]: set id = "vertex_858"
[2026-09-18 10:06:56.244] [INFO ] DataDriver - root.p_Vertices[858]: set edge_id = "edge_59"
[2026-09-18 10:06:56.244] [INFO ] DataDriver - root.p_Vertices[858]: set edge_index = 48
[2026-09-18 10:06:56.244] [INFO ] DataDriver - root.p_Vertices[858]: set x = 1165.467346
[2026-09-18 10:06:56.244] [INFO ] DataDriver - root.p_Vertices[858]: set y = 598.605774
[2026-09-18 10:06:56.244] [INFO ] DataDriver - root.p_Vertices[858]: set z = 1.0E-6
[2026-09-18 10:06:56.244] [INFO ] DataDriver - root.p_Vertices[859]: set id = "vertex_859"
[2026-09-18 10:06:56.244] [INFO ] DataDriver - root.p_Vertices[859]: set edge_id = "edge_59"
[2026-09-18 10:06:56.244] [INFO ] DataDriver - root.p_Vertices[859]: set edge_index = 47
[2026-09-18 10:06:56.244] [INFO ] DataDriver - root.p_Vertices[859]: set x = 1173.53302
[2026-09-18 10:06:56.244] [INFO ] DataDriver - root.p_Vertices[859]: set y = 599.367981
[2026-09-18 10:06:56.244] [INFO ] DataDriver - root.p_Vertices[859]: set z = 0.0
[2026-09-18 10:06:56.244] [INFO ] DataDriver - root.p_Vertices[860]: set id = "vertex_860"
[2026-09-18 10:06:56.244] [INFO ] DataDriver - root.p_Vertices[860]: set edge_id = "edge_59"
[2026-09-18 10:06:56.244] [INFO ] DataDriver - root.p_Vertices[860]: set edge_index = 46
[2026-09-18 10:06:56.244] [INFO ] DataDriver - root.p_Vertices[860]: set x = 1230.895874
[2026-09-18 10:06:56.244] [INFO ] DataDriver - root.p_Vertices[860]: set y = 601.953583
[2026-09-18 10:06:56.244] [INFO ] DataDriver - root.p_Vertices[860]: set z = 0.0
[2026-09-18 10:06:56.244] [INFO ] DataDriver - root.p_Vertices[861]: set id = "vertex_861"
[2026-09-18 10:06:56.244] [INFO ] DataDriver - root.p_Vertices[861]: set edge_id = "edge_59"
[2026-09-18 10:06:56.244] [INFO ] DataDriver - root.p_Vertices[861]: set edge_index = 45
[2026-09-18 10:06:56.244] [INFO ] DataDriver - root.p_Vertices[861]: set x = 1263.522705
[2026-09-18 10:06:56.244] [INFO ] DataDriver - root.p_Vertices[861]: set y = 600.915161
[2026-09-18 10:06:56.244] [INFO ] DataDriver - root.p_Vertices[861]: set z = 0.0
[2026-09-18 10:06:56.244] [INFO ] DataDriver - root.p_Vertices[862]: set id = "vertex_862"
[2026-09-18 10:06:56.244] [INFO ] DataDriver - root.p_Vertices[862]: set edge_id = "edge_59"
[2026-09-18 10:06:56.244] [INFO ] DataDriver - root.p_Vertices[862]: set edge_index = 44
[2026-09-18 10:06:56.244] [INFO ] DataDriver - root.p_Vertices[862]: set x = 1270.46875
[2026-09-18 10:06:56.244] [INFO ] DataDriver - root.p_Vertices[862]: set y = 600.105103
[2026-09-18 10:06:56.244] [INFO ] DataDriver - root.p_Vertices[862]: set z = 0.0
[2026-09-18 10:06:56.244] [INFO ] DataDriver - root.p_Vertices[863]: set id = "vertex_863"
[2026-09-18 10:06:56.244] [INFO ] DataDriver - root.p_Vertices[863]: set edge_id = "edge_59"
[2026-09-18 10:06:56.244] [INFO ] DataDriver - root.p_Vertices[863]: set edge_index = 43
[2026-09-18 10:06:56.244] [INFO ] DataDriver - root.p_Vertices[863]: set x = 1283.716125
[2026-09-18 10:06:56.244] [INFO ] DataDriver - root.p_Vertices[863]: set y = 596.980896
[2026-09-18 10:06:56.244] [INFO ] DataDriver - root.p_Vertices[863]: set z = 1.0E-6
[2026-09-18 10:06:56.244] [INFO ] DataDriver - root.p_Vertices[864]: set id = "vertex_864"
[2026-09-18 10:06:56.244] [INFO ] DataDriver - root.p_Vertices[864]: set edge_id = "edge_59"
[2026-09-18 10:06:56.244] [INFO ] DataDriver - root.p_Vertices[864]: set edge_index = 42
[2026-09-18 10:06:56.244] [INFO ] DataDriver - root.p_Vertices[864]: set x = 1287.517944
[2026-09-18 10:06:56.244] [INFO ] DataDriver - root.p_Vertices[864]: set y = 595.423676
[2026-09-18 10:06:56.244] [INFO ] DataDriver - root.p_Vertices[864]: set z = 0.0
[2026-09-18 10:06:56.244] [INFO ] DataDriver - root.p_Vertices[865]: set id = "vertex_865"
[2026-09-18 10:06:56.244] [INFO ] DataDriver - root.p_Vertices[865]: set edge_id = "edge_59"
[2026-09-18 10:06:56.244] [INFO ] DataDriver - root.p_Vertices[865]: set edge_index = 41
[2026-09-18 10:06:56.244] [INFO ] DataDriver - root.p_Vertices[865]: set x = 1290.345703
[2026-09-18 10:06:56.244] [INFO ] DataDriver - root.p_Vertices[865]: set y = 593.479126
[2026-09-18 10:06:56.244] [INFO ] DataDriver - root.p_Vertices[865]: set z = 0.0
[2026-09-18 10:06:56.244] [INFO ] DataDriver - root.p_Vertices[866]: set id = "vertex_866"
[2026-09-18 10:06:56.244] [INFO ] DataDriver - root.p_Vertices[866]: set edge_id = "edge_59"
[2026-09-18 10:06:56.244] [INFO ] DataDriver - root.p_Vertices[866]: set edge_index = 40
[2026-09-18 10:06:56.244] [INFO ] DataDriver - root.p_Vertices[866]: set x = 1292.433716
[2026-09-18 10:06:56.245] [INFO ] DataDriver - root.p_Vertices[866]: set y = 591.249023
[2026-09-18 10:06:56.245] [INFO ] DataDriver - root.p_Vertices[866]: set z = 0.0
[2026-09-18 10:06:56.245] [INFO ] DataDriver - root.p_Vertices[867]: set id = "vertex_867"
[2026-09-18 10:06:56.245] [INFO ] DataDriver - root.p_Vertices[867]: set edge_id = "edge_59"
[2026-09-18 10:06:56.245] [INFO ] DataDriver - root.p_Vertices[867]: set edge_index = 39
[2026-09-18 10:06:56.245] [INFO ] DataDriver - root.p_Vertices[867]: set x = 1294.084961
[2026-09-18 10:06:56.245] [INFO ] DataDriver - root.p_Vertices[867]: set y = 588.866089
[2026-09-18 10:06:56.245] [INFO ] DataDriver - root.p_Vertices[867]: set z = 0.0
[2026-09-18 10:06:56.245] [INFO ] DataDriver - root.p_Vertices[868]: set id = "vertex_868"
[2026-09-18 10:06:56.245] [INFO ] DataDriver - root.p_Vertices[868]: set edge_id = "edge_59"
[2026-09-18 10:06:56.245] [INFO ] DataDriver - root.p_Vertices[868]: set edge_index = 38
[2026-09-18 10:06:56.245] [INFO ] DataDriver - root.p_Vertices[868]: set x = 1295.307373
[2026-09-18 10:06:56.245] [INFO ] DataDriver - root.p_Vertices[868]: set y = 586.3597110000001
[2026-09-18 10:06:56.245] [INFO ] DataDriver - root.p_Vertices[868]: set z = 1.0E-6
[2026-09-18 10:06:56.245] [INFO ] DataDriver - root.p_Vertices[869]: set id = "vertex_869"
[2026-09-18 10:06:56.245] [INFO ] DataDriver - root.p_Vertices[869]: set edge_id = "edge_59"
[2026-09-18 10:06:56.245] [INFO ] DataDriver - root.p_Vertices[869]: set edge_index = 37
[2026-09-18 10:06:56.245] [INFO ] DataDriver - root.p_Vertices[869]: set x = 1296.022827
[2026-09-18 10:06:56.245] [INFO ] DataDriver - root.p_Vertices[869]: set y = 583.720062
[2026-09-18 10:06:56.245] [INFO ] DataDriver - root.p_Vertices[869]: set z = 0.0
[2026-09-18 10:06:56.245] [INFO ] DataDriver - root.p_Vertices[870]: set id = "vertex_870"
[2026-09-18 10:06:56.245] [INFO ] DataDriver - root.p_Vertices[870]: set edge_id = "edge_59"
[2026-09-18 10:06:56.245] [INFO ] DataDriver - root.p_Vertices[870]: set edge_index = 36
[2026-09-18 10:06:56.245] [INFO ] DataDriver - root.p_Vertices[870]: set x = 1296.364502
[2026-09-18 10:06:56.245] [INFO ] DataDriver - root.p_Vertices[870]: set y = 581.006012
[2026-09-18 10:06:56.245] [INFO ] DataDriver - root.p_Vertices[870]: set z = 0.0
[2026-09-18 10:06:56.245] [INFO ] DataDriver - root.p_Vertices[871]: set id = "vertex_871"
[2026-09-18 10:06:56.245] [INFO ] DataDriver - root.p_Vertices[871]: set edge_id = "edge_59"
[2026-09-18 10:06:56.245] [INFO ] DataDriver - root.p_Vertices[871]: set edge_index = 35
[2026-09-18 10:06:56.245] [INFO ] DataDriver - root.p_Vertices[871]: set x = 1296.439392
[2026-09-18 10:06:56.245] [INFO ] DataDriver - root.p_Vertices[871]: set y = 575.825867
[2026-09-18 10:06:56.245] [INFO ] DataDriver - root.p_Vertices[871]: set z = 1.0E-6
[2026-09-18 10:06:56.245] [INFO ] DataDriver - root.p_Vertices[872]: set id = "vertex_872"
[2026-09-18 10:06:56.245] [INFO ] DataDriver - root.p_Vertices[872]: set edge_id = "edge_59"
[2026-09-18 10:06:56.245] [INFO ] DataDriver - root.p_Vertices[872]: set edge_index = 34
[2026-09-18 10:06:56.245] [INFO ] DataDriver - root.p_Vertices[872]: set x = 1296.16156
[2026-09-18 10:06:56.245] [INFO ] DataDriver - root.p_Vertices[872]: set y = 573.565125
[2026-09-18 10:06:56.245] [INFO ] DataDriver - root.p_Vertices[872]: set z = 0.0
[2026-09-18 10:06:56.245] [INFO ] DataDriver - root.p_Vertices[873]: set id = "vertex_873"
[2026-09-18 10:06:56.245] [INFO ] DataDriver - root.p_Vertices[873]: set edge_id = "edge_59"
[2026-09-18 10:06:56.245] [INFO ] DataDriver - root.p_Vertices[873]: set edge_index = 33
[2026-09-18 10:06:56.245] [INFO ] DataDriver - root.p_Vertices[873]: set x = 1295.653564
[2026-09-18 10:06:56.245] [INFO ] DataDriver - root.p_Vertices[873]: set y = 571.461273
[2026-09-18 10:06:56.245] [INFO ] DataDriver - root.p_Vertices[873]: set z = 0.0
[2026-09-18 10:06:56.245] [INFO ] DataDriver - root.p_Vertices[874]: set id = "vertex_874"
[2026-09-18 10:06:56.245] [INFO ] DataDriver - root.p_Vertices[874]: set edge_id = "edge_59"
[2026-09-18 10:06:56.245] [INFO ] DataDriver - root.p_Vertices[874]: set edge_index = 32
[2026-09-18 10:06:56.245] [INFO ] DataDriver - root.p_Vertices[874]: set x = 1294.750793
[2026-09-18 10:06:56.245] [INFO ] DataDriver - root.p_Vertices[874]: set y = 569.349548
[2026-09-18 10:06:56.245] [INFO ] DataDriver - root.p_Vertices[874]: set z = 0.0
[2026-09-18 10:06:56.245] [INFO ] DataDriver - root.p_Vertices[875]: set id = "vertex_875"
[2026-09-18 10:06:56.245] [INFO ] DataDriver - root.p_Vertices[875]: set edge_id = "edge_59"
[2026-09-18 10:06:56.245] [INFO ] DataDriver - root.p_Vertices[875]: set edge_index = 31
[2026-09-18 10:06:56.245] [INFO ] DataDriver - root.p_Vertices[875]: set x = 1293.018311
[2026-09-18 10:06:56.245] [INFO ] DataDriver - root.p_Vertices[875]: set y = 567.06189
[2026-09-18 10:06:56.245] [INFO ] DataDriver - root.p_Vertices[875]: set z = 0.0
[2026-09-18 10:06:56.245] [INFO ] DataDriver - root.p_Vertices[876]: set id = "vertex_876"
[2026-09-18 10:06:56.245] [INFO ] DataDriver - root.p_Vertices[876]: set edge_id = "edge_59"
[2026-09-18 10:06:56.245] [INFO ] DataDriver - root.p_Vertices[876]: set edge_index = 30
[2026-09-18 10:06:56.245] [INFO ] DataDriver - root.p_Vertices[876]: set x = 1290.14917
[2026-09-18 10:06:56.245] [INFO ] DataDriver - root.p_Vertices[876]: set y = 564.510864
[2026-09-18 10:06:56.245] [INFO ] DataDriver - root.p_Vertices[876]: set z = 0.0
[2026-09-18 10:06:56.245] [INFO ] DataDriver - root.p_Vertices[877]: set id = "vertex_877"
[2026-09-18 10:06:56.245] [INFO ] DataDriver - root.p_Vertices[877]: set edge_id = "edge_59"
[2026-09-18 10:06:56.245] [INFO ] DataDriver - root.p_Vertices[877]: set edge_index = 29
[2026-09-18 10:06:56.245] [INFO ] DataDriver - root.p_Vertices[877]: set x = 1282.318848
[2026-09-18 10:06:56.245] [INFO ] DataDriver - root.p_Vertices[877]: set y = 559.041748
[2026-09-18 10:06:56.245] [INFO ] DataDriver - root.p_Vertices[877]: set z = 0.0
[2026-09-18 10:06:56.245] [INFO ] DataDriver - root.p_Vertices[878]: set id = "vertex_878"
[2026-09-18 10:06:56.245] [INFO ] DataDriver - root.p_Vertices[878]: set edge_id = "edge_59"
[2026-09-18 10:06:56.245] [INFO ] DataDriver - root.p_Vertices[878]: set edge_index = 28
[2026-09-18 10:06:56.245] [INFO ] DataDriver - root.p_Vertices[878]: set x = 1273.180298
[2026-09-18 10:06:56.245] [INFO ] DataDriver - root.p_Vertices[878]: set y = 554.0711670000001
[2026-09-18 10:06:56.245] [INFO ] DataDriver - root.p_Vertices[878]: set z = 0.0
[2026-09-18 10:06:56.245] [INFO ] DataDriver - root.p_Vertices[879]: set id = "vertex_879"
[2026-09-18 10:06:56.245] [INFO ] DataDriver - root.p_Vertices[879]: set edge_id = "edge_59"
[2026-09-18 10:06:56.245] [INFO ] DataDriver - root.p_Vertices[879]: set edge_index = 27
[2026-09-18 10:06:56.245] [INFO ] DataDriver - root.p_Vertices[879]: set x = 1257.091919
[2026-09-18 10:06:56.245] [INFO ] DataDriver - root.p_Vertices[879]: set y = 547.542969
[2026-09-18 10:06:56.245] [INFO ] DataDriver - root.p_Vertices[879]: set z = 0.0
[2026-09-18 10:06:56.245] [INFO ] DataDriver - root.p_Vertices[880]: set id = "vertex_880"
[2026-09-18 10:06:56.245] [INFO ] DataDriver - root.p_Vertices[880]: set edge_id = "edge_59"
[2026-09-18 10:06:56.245] [INFO ] DataDriver - root.p_Vertices[880]: set edge_index = 26
[2026-09-18 10:06:56.245] [INFO ] DataDriver - root.p_Vertices[880]: set x = 1154.98584
[2026-09-18 10:06:56.245] [INFO ] DataDriver - root.p_Vertices[880]: set y = 516.528442
[2026-09-18 10:06:56.245] [INFO ] DataDriver - root.p_Vertices[880]: set z = 1.0E-6
[2026-09-18 10:06:56.245] [INFO ] DataDriver - root.p_Vertices[881]: set id = "vertex_881"
[2026-09-18 10:06:56.245] [INFO ] DataDriver - root.p_Vertices[881]: set edge_id = "edge_59"
[2026-09-18 10:06:56.245] [INFO ] DataDriver - root.p_Vertices[881]: set edge_index = 25
[2026-09-18 10:06:56.245] [INFO ] DataDriver - root.p_Vertices[881]: set x = 1122.659241
[2026-09-18 10:06:56.245] [INFO ] DataDriver - root.p_Vertices[881]: set y = 502.170715
[2026-09-18 10:06:56.245] [INFO ] DataDriver - root.p_Vertices[881]: set z = 0.0
[2026-09-18 10:06:56.245] [INFO ] DataDriver - root.p_Vertices[882]: set id = "vertex_882"
[2026-09-18 10:06:56.245] [INFO ] DataDriver - root.p_Vertices[882]: set edge_id = "edge_59"
[2026-09-18 10:06:56.245] [INFO ] DataDriver - root.p_Vertices[882]: set edge_index = 24
[2026-09-18 10:06:56.245] [INFO ] DataDriver - root.p_Vertices[882]: set x = 1087.279602
[2026-09-18 10:06:56.245] [INFO ] DataDriver - root.p_Vertices[882]: set y = 482.113464
[2026-09-18 10:06:56.245] [INFO ] DataDriver - root.p_Vertices[882]: set z = 0.0
[2026-09-18 10:06:56.245] [INFO ] DataDriver - root.p_Vertices[883]: set id = "vertex_883"
[2026-09-18 10:06:56.245] [INFO ] DataDriver - root.p_Vertices[883]: set edge_id = "edge_59"
[2026-09-18 10:06:56.245] [INFO ] DataDriver - root.p_Vertices[883]: set edge_index = 23
[2026-09-18 10:06:56.245] [INFO ] DataDriver - root.p_Vertices[883]: set x = 1078.622314
[2026-09-18 10:06:56.245] [INFO ] DataDriver - root.p_Vertices[883]: set y = 475.915771
[2026-09-18 10:06:56.245] [INFO ] DataDriver - root.p_Vertices[883]: set z = 1.0E-6
[2026-09-18 10:06:56.245] [INFO ] DataDriver - root.p_Vertices[884]: set id = "vertex_884"
[2026-09-18 10:06:56.245] [INFO ] DataDriver - root.p_Vertices[884]: set edge_id = "edge_59"
[2026-09-18 10:06:56.245] [INFO ] DataDriver - root.p_Vertices[884]: set edge_index = 22
[2026-09-18 10:06:56.245] [INFO ] DataDriver - root.p_Vertices[884]: set x = 1019.5078120000001
[2026-09-18 10:06:56.245] [INFO ] DataDriver - root.p_Vertices[884]: set y = 424.293823
[2026-09-18 10:06:56.245] [INFO ] DataDriver - root.p_Vertices[884]: set z = 1.0E-6
[2026-09-18 10:06:56.246] [INFO ] DataDriver - root.p_Vertices[885]: set id = "vertex_885"
[2026-09-18 10:06:56.246] [INFO ] DataDriver - root.p_Vertices[885]: set edge_id = "edge_59"
[2026-09-18 10:06:56.246] [INFO ] DataDriver - root.p_Vertices[885]: set edge_index = 21
[2026-09-18 10:06:56.246] [INFO ] DataDriver - root.p_Vertices[885]: set x = 1017.127686
[2026-09-18 10:06:56.246] [INFO ] DataDriver - root.p_Vertices[885]: set y = 422.659058
[2026-09-18 10:06:56.246] [INFO ] DataDriver - root.p_Vertices[885]: set z = 1.0E-6
[2026-09-18 10:06:56.246] [INFO ] DataDriver - root.p_Vertices[886]: set id = "vertex_886"
[2026-09-18 10:06:56.246] [INFO ] DataDriver - root.p_Vertices[886]: set edge_id = "edge_59"
[2026-09-18 10:06:56.246] [INFO ] DataDriver - root.p_Vertices[886]: set edge_index = 20
[2026-09-18 10:06:56.246] [INFO ] DataDriver - root.p_Vertices[886]: set x = 1013.208069
[2026-09-18 10:06:56.246] [INFO ] DataDriver - root.p_Vertices[886]: set y = 420.506592
[2026-09-18 10:06:56.246] [INFO ] DataDriver - root.p_Vertices[886]: set z = 0.0
[2026-09-18 10:06:56.246] [INFO ] DataDriver - root.p_Vertices[887]: set id = "vertex_887"
[2026-09-18 10:06:56.246] [INFO ] DataDriver - root.p_Vertices[887]: set edge_id = "edge_59"
[2026-09-18 10:06:56.246] [INFO ] DataDriver - root.p_Vertices[887]: set edge_index = 19
[2026-09-18 10:06:56.246] [INFO ] DataDriver - root.p_Vertices[887]: set x = 1011.284973
[2026-09-18 10:06:56.246] [INFO ] DataDriver - root.p_Vertices[887]: set y = 419.723083
[2026-09-18 10:06:56.246] [INFO ] DataDriver - root.p_Vertices[887]: set z = 0.0
[2026-09-18 10:06:56.246] [INFO ] DataDriver - root.p_Vertices[888]: set id = "vertex_888"
[2026-09-18 10:06:56.246] [INFO ] DataDriver - root.p_Vertices[888]: set edge_id = "edge_59"
[2026-09-18 10:06:56.246] [INFO ] DataDriver - root.p_Vertices[888]: set edge_index = 18
[2026-09-18 10:06:56.246] [INFO ] DataDriver - root.p_Vertices[888]: set x = 1009.281616
[2026-09-18 10:06:56.246] [INFO ] DataDriver - root.p_Vertices[888]: set y = 419.129272
[2026-09-18 10:06:56.246] [INFO ] DataDriver - root.p_Vertices[888]: set z = 0.0
[2026-09-18 10:06:56.246] [INFO ] DataDriver - root.p_Vertices[889]: set id = "vertex_889"
[2026-09-18 10:06:56.246] [INFO ] DataDriver - root.p_Vertices[889]: set edge_id = "edge_59"
[2026-09-18 10:06:56.246] [INFO ] DataDriver - root.p_Vertices[889]: set edge_index = 17
[2026-09-18 10:06:56.246] [INFO ] DataDriver - root.p_Vertices[889]: set x = 1005.099243
[2026-09-18 10:06:56.246] [INFO ] DataDriver - root.p_Vertices[889]: set y = 418.341431
[2026-09-18 10:06:56.246] [INFO ] DataDriver - root.p_Vertices[889]: set z = 0.0
[2026-09-18 10:06:56.246] [INFO ] DataDriver - root.p_Vertices[890]: set id = "vertex_890"
[2026-09-18 10:06:56.246] [INFO ] DataDriver - root.p_Vertices[890]: set edge_id = "edge_59"
[2026-09-18 10:06:56.246] [INFO ] DataDriver - root.p_Vertices[890]: set edge_index = 16
[2026-09-18 10:06:56.246] [INFO ] DataDriver - root.p_Vertices[890]: set x = 1002.935486
[2026-09-18 10:06:56.246] [INFO ] DataDriver - root.p_Vertices[890]: set y = 418.150208
[2026-09-18 10:06:56.246] [INFO ] DataDriver - root.p_Vertices[890]: set z = 1.0E-6
[2026-09-18 10:06:56.246] [INFO ] DataDriver - root.p_Vertices[891]: set id = "vertex_891"
[2026-09-18 10:06:56.246] [INFO ] DataDriver - root.p_Vertices[891]: set edge_id = "edge_59"
[2026-09-18 10:06:56.246] [INFO ] DataDriver - root.p_Vertices[891]: set edge_index = 15
[2026-09-18 10:06:56.246] [INFO ] DataDriver - root.p_Vertices[891]: set x = 1000.710876
[2026-09-18 10:06:56.246] [INFO ] DataDriver - root.p_Vertices[891]: set y = 418.148132
[2026-09-18 10:06:56.246] [INFO ] DataDriver - root.p_Vertices[891]: set z = 0.0
[2026-09-18 10:06:56.246] [INFO ] DataDriver - root.p_Vertices[892]: set id = "vertex_892"
[2026-09-18 10:06:56.246] [INFO ] DataDriver - root.p_Vertices[892]: set edge_id = "edge_59"
[2026-09-18 10:06:56.246] [INFO ] DataDriver - root.p_Vertices[892]: set edge_index = 14
[2026-09-18 10:06:56.246] [INFO ] DataDriver - root.p_Vertices[892]: set x = 996.164185
[2026-09-18 10:06:56.246] [INFO ] DataDriver - root.p_Vertices[892]: set y = 418.529907
[2026-09-18 10:06:56.246] [INFO ] DataDriver - root.p_Vertices[892]: set z = 0.0
[2026-09-18 10:06:56.246] [INFO ] DataDriver - root.p_Vertices[893]: set id = "vertex_893"
[2026-09-18 10:06:56.246] [INFO ] DataDriver - root.p_Vertices[893]: set edge_id = "edge_59"
[2026-09-18 10:06:56.246] [INFO ] DataDriver - root.p_Vertices[893]: set edge_index = 13
[2026-09-18 10:06:56.246] [INFO ] DataDriver - root.p_Vertices[893]: set x = 993.896118
[2026-09-18 10:06:56.246] [INFO ] DataDriver - root.p_Vertices[893]: set y = 418.88208
[2026-09-18 10:06:56.246] [INFO ] DataDriver - root.p_Vertices[893]: set z = 1.0E-6
[2026-09-18 10:06:56.246] [INFO ] DataDriver - root.p_Vertices[894]: set id = "vertex_894"
[2026-09-18 10:06:56.246] [INFO ] DataDriver - root.p_Vertices[894]: set edge_id = "edge_59"
[2026-09-18 10:06:56.246] [INFO ] DataDriver - root.p_Vertices[894]: set edge_index = 12
[2026-09-18 10:06:56.246] [INFO ] DataDriver - root.p_Vertices[894]: set x = 989.354248
[2026-09-18 10:06:56.246] [INFO ] DataDriver - root.p_Vertices[894]: set y = 420.03772
[2026-09-18 10:06:56.246] [INFO ] DataDriver - root.p_Vertices[894]: set z = 0.0
[2026-09-18 10:06:56.246] [INFO ] DataDriver - root.p_Vertices[895]: set id = "vertex_895"
[2026-09-18 10:06:56.246] [INFO ] DataDriver - root.p_Vertices[895]: set edge_id = "edge_59"
[2026-09-18 10:06:56.246] [INFO ] DataDriver - root.p_Vertices[895]: set edge_index = 11
[2026-09-18 10:06:56.246] [INFO ] DataDriver - root.p_Vertices[895]: set x = 986.850342
[2026-09-18 10:06:56.246] [INFO ] DataDriver - root.p_Vertices[895]: set y = 420.98584
[2026-09-18 10:06:56.246] [INFO ] DataDriver - root.p_Vertices[895]: set z = 0.0
[2026-09-18 10:06:56.246] [INFO ] DataDriver - root.p_Vertices[896]: set id = "vertex_896"
[2026-09-18 10:06:56.246] [INFO ] DataDriver - root.p_Vertices[896]: set edge_id = "edge_59"
[2026-09-18 10:06:56.246] [INFO ] DataDriver - root.p_Vertices[896]: set edge_index = 10
[2026-09-18 10:06:56.246] [INFO ] DataDriver - root.p_Vertices[896]: set x = 983.805786
[2026-09-18 10:06:56.246] [INFO ] DataDriver - root.p_Vertices[896]: set y = 422.557251
[2026-09-18 10:06:56.246] [INFO ] DataDriver - root.p_Vertices[896]: set z = 0.0
[2026-09-18 10:06:56.246] [INFO ] DataDriver - root.p_Vertices[897]: set id = "vertex_897"
[2026-09-18 10:06:56.246] [INFO ] DataDriver - root.p_Vertices[897]: set edge_id = "edge_59"
[2026-09-18 10:06:56.246] [INFO ] DataDriver - root.p_Vertices[897]: set edge_index = 9
[2026-09-18 10:06:56.246] [INFO ] DataDriver - root.p_Vertices[897]: set x = 968.0234379999999
[2026-09-18 10:06:56.246] [INFO ] DataDriver - root.p_Vertices[897]: set y = 433.709351
[2026-09-18 10:06:56.246] [INFO ] DataDriver - root.p_Vertices[897]: set z = 0.0
[2026-09-18 10:06:56.246] [INFO ] DataDriver - root.p_Vertices[898]: set id = "vertex_898"
[2026-09-18 10:06:56.246] [INFO ] DataDriver - root.p_Vertices[898]: set edge_id = "edge_59"
[2026-09-18 10:06:56.246] [INFO ] DataDriver - root.p_Vertices[898]: set edge_index = 8
[2026-09-18 10:06:56.246] [INFO ] DataDriver - root.p_Vertices[898]: set x = 963.611084
[2026-09-18 10:06:56.246] [INFO ] DataDriver - root.p_Vertices[898]: set y = 437.443237
[2026-09-18 10:06:56.246] [INFO ] DataDriver - root.p_Vertices[898]: set z = 0.0
[2026-09-18 10:06:56.246] [INFO ] DataDriver - root.p_Vertices[899]: set id = "vertex_899"
[2026-09-18 10:06:56.246] [INFO ] DataDriver - root.p_Vertices[899]: set edge_id = "edge_59"
[2026-09-18 10:06:56.246] [INFO ] DataDriver - root.p_Vertices[899]: set edge_index = 7
[2026-09-18 10:06:56.246] [INFO ] DataDriver - root.p_Vertices[899]: set x = 962.102661
[2026-09-18 10:06:56.246] [INFO ] DataDriver - root.p_Vertices[899]: set y = 438.948608
[2026-09-18 10:06:56.246] [INFO ] DataDriver - root.p_Vertices[899]: set z = 0.0
[2026-09-18 10:06:56.246] [INFO ] DataDriver - root.p_Vertices[900]: set id = "vertex_900"
[2026-09-18 10:06:56.246] [INFO ] DataDriver - root.p_Vertices[900]: set edge_id = "edge_59"
[2026-09-18 10:06:56.246] [INFO ] DataDriver - root.p_Vertices[900]: set edge_index = 6
[2026-09-18 10:06:56.246] [INFO ] DataDriver - root.p_Vertices[900]: set x = 960.775879
[2026-09-18 10:06:56.246] [INFO ] DataDriver - root.p_Vertices[900]: set y = 440.500366
[2026-09-18 10:06:56.246] [INFO ] DataDriver - root.p_Vertices[900]: set z = 0.0
[2026-09-18 10:06:56.246] [INFO ] DataDriver - root.p_Vertices[901]: set id = "vertex_901"
[2026-09-18 10:06:56.246] [INFO ] DataDriver - root.p_Vertices[901]: set edge_id = "edge_59"
[2026-09-18 10:06:56.246] [INFO ] DataDriver - root.p_Vertices[901]: set edge_index = 5
[2026-09-18 10:06:56.246] [INFO ] DataDriver - root.p_Vertices[901]: set x = 959.609375
[2026-09-18 10:06:56.246] [INFO ] DataDriver - root.p_Vertices[901]: set y = 442.176514
[2026-09-18 10:06:56.246] [INFO ] DataDriver - root.p_Vertices[901]: set z = 1.0E-6
[2026-09-18 10:06:56.246] [INFO ] DataDriver - root.p_Vertices[902]: set id = "vertex_902"
[2026-09-18 10:06:56.246] [INFO ] DataDriver - root.p_Vertices[902]: set edge_id = "edge_59"
[2026-09-18 10:06:56.247] [INFO ] DataDriver - root.p_Vertices[902]: set edge_index = 4
[2026-09-18 10:06:56.247] [INFO ] DataDriver - root.p_Vertices[902]: set x = 957.601196
[2026-09-18 10:06:56.247] [INFO ] DataDriver - root.p_Vertices[902]: set y = 445.804688
[2026-09-18 10:06:56.247] [INFO ] DataDriver - root.p_Vertices[902]: set z = 0.0
[2026-09-18 10:06:56.247] [INFO ] DataDriver - root.p_Vertices[903]: set id = "vertex_903"
[2026-09-18 10:06:56.247] [INFO ] DataDriver - root.p_Vertices[903]: set edge_id = "edge_59"
[2026-09-18 10:06:56.247] [INFO ] DataDriver - root.p_Vertices[903]: set edge_index = 3
[2026-09-18 10:06:56.247] [INFO ] DataDriver - root.p_Vertices[903]: set x = 956.763794
[2026-09-18 10:06:56.247] [INFO ] DataDriver - root.p_Vertices[903]: set y = 447.743652
[2026-09-18 10:06:56.247] [INFO ] DataDriver - root.p_Vertices[903]: set z = 0.0
[2026-09-18 10:06:56.247] [INFO ] DataDriver - root.p_Vertices[904]: set id = "vertex_904"
[2026-09-18 10:06:56.247] [INFO ] DataDriver - root.p_Vertices[904]: set edge_id = "edge_59"
[2026-09-18 10:06:56.247] [INFO ] DataDriver - root.p_Vertices[904]: set edge_index = 2
[2026-09-18 10:06:56.247] [INFO ] DataDriver - root.p_Vertices[904]: set x = 956.083374
[2026-09-18 10:06:56.247] [INFO ] DataDriver - root.p_Vertices[904]: set y = 449.794617
[2026-09-18 10:06:56.247] [INFO ] DataDriver - root.p_Vertices[904]: set z = 0.0
[2026-09-18 10:06:56.247] [INFO ] DataDriver - root.p_Vertices[905]: set id = "vertex_905"
[2026-09-18 10:06:56.247] [INFO ] DataDriver - root.p_Vertices[905]: set edge_id = "edge_59"
[2026-09-18 10:06:56.247] [INFO ] DataDriver - root.p_Vertices[905]: set edge_index = 1
[2026-09-18 10:06:56.247] [INFO ] DataDriver - root.p_Vertices[905]: set x = 955.049316
[2026-09-18 10:06:56.247] [INFO ] DataDriver - root.p_Vertices[905]: set y = 454.099426
[2026-09-18 10:06:56.247] [INFO ] DataDriver - root.p_Vertices[905]: set z = 0.0
[2026-09-18 10:06:56.247] [INFO ] DataDriver - root.p_Vertices[906]: set id = "vertex_906"
[2026-09-18 10:06:56.247] [INFO ] DataDriver - root.p_Vertices[906]: set edge_id = "edge_59"
[2026-09-18 10:06:56.247] [INFO ] DataDriver - root.p_Vertices[906]: set edge_index = 0
[2026-09-18 10:06:56.247] [INFO ] DataDriver - root.p_Vertices[906]: set x = 954.457642
[2026-09-18 10:06:56.247] [INFO ] DataDriver - root.p_Vertices[906]: set y = 458.513306
[2026-09-18 10:06:56.247] [INFO ] DataDriver - root.p_Vertices[906]: set z = 0.0
[2026-09-18 10:06:56.247] [INFO ] DataDriver - root.p_Vertices[907]: set id = "vertex_907"
[2026-09-18 10:06:56.247] [INFO ] DataDriver - root.p_Vertices[907]: set edge_id = "edge_60"
[2026-09-18 10:06:56.247] [INFO ] DataDriver - root.p_Vertices[907]: set edge_index = 83
[2026-09-18 10:06:56.247] [INFO ] DataDriver - root.p_Vertices[907]: set x = 700.737061
[2026-09-18 10:06:56.247] [INFO ] DataDriver - root.p_Vertices[907]: set y = 798.043182
[2026-09-18 10:06:56.247] [INFO ] DataDriver - root.p_Vertices[907]: set z = 8.0E-6
[2026-09-18 10:06:56.247] [INFO ] DataDriver - root.p_Vertices[908]: set id = "vertex_908"
[2026-09-18 10:06:56.247] [INFO ] DataDriver - root.p_Vertices[908]: set edge_id = "edge_60"
[2026-09-18 10:06:56.247] [INFO ] DataDriver - root.p_Vertices[908]: set edge_index = 82
[2026-09-18 10:06:56.247] [INFO ] DataDriver - root.p_Vertices[908]: set x = 697.998535
[2026-09-18 10:06:56.247] [INFO ] DataDriver - root.p_Vertices[908]: set y = 798.97908
[2026-09-18 10:06:56.247] [INFO ] DataDriver - root.p_Vertices[908]: set z = 0.0
[2026-09-18 10:06:56.247] [INFO ] DataDriver - root.p_Vertices[909]: set id = "vertex_909"
[2026-09-18 10:06:56.247] [INFO ] DataDriver - root.p_Vertices[909]: set edge_id = "edge_60"
[2026-09-18 10:06:56.247] [INFO ] DataDriver - root.p_Vertices[909]: set edge_index = 81
[2026-09-18 10:06:56.247] [INFO ] DataDriver - root.p_Vertices[909]: set x = 695.626709
[2026-09-18 10:06:56.247] [INFO ] DataDriver - root.p_Vertices[909]: set y = 800.080429
[2026-09-18 10:06:56.247] [INFO ] DataDriver - root.p_Vertices[909]: set z = 0.0
[2026-09-18 10:06:56.247] [INFO ] DataDriver - root.p_Vertices[910]: set id = "vertex_910"
[2026-09-18 10:06:56.247] [INFO ] DataDriver - root.p_Vertices[910]: set edge_id = "edge_60"
[2026-09-18 10:06:56.247] [INFO ] DataDriver - root.p_Vertices[910]: set edge_index = 80
[2026-09-18 10:06:56.247] [INFO ] DataDriver - root.p_Vertices[910]: set x = 693.532471
[2026-09-18 10:06:56.247] [INFO ] DataDriver - root.p_Vertices[910]: set y = 801.311478
[2026-09-18 10:06:56.247] [INFO ] DataDriver - root.p_Vertices[910]: set z = 1.5E-5
[2026-09-18 10:06:56.247] [INFO ] DataDriver - root.p_Vertices[911]: set id = "vertex_911"
[2026-09-18 10:06:56.247] [INFO ] DataDriver - root.p_Vertices[911]: set edge_id = "edge_60"
[2026-09-18 10:06:56.247] [INFO ] DataDriver - root.p_Vertices[911]: set edge_index = 79
[2026-09-18 10:06:56.247] [INFO ] DataDriver - root.p_Vertices[911]: set x = 691.610962
[2026-09-18 10:06:56.247] [INFO ] DataDriver - root.p_Vertices[911]: set y = 802.632812
[2026-09-18 10:06:56.247] [INFO ] DataDriver - root.p_Vertices[911]: set z = -8.0E-6
[2026-09-18 10:06:56.247] [INFO ] DataDriver - root.p_Vertices[912]: set id = "vertex_912"
[2026-09-18 10:06:56.247] [INFO ] DataDriver - root.p_Vertices[912]: set edge_id = "edge_60"
[2026-09-18 10:06:56.247] [INFO ] DataDriver - root.p_Vertices[912]: set edge_index = 78
[2026-09-18 10:06:56.247] [INFO ] DataDriver - root.p_Vertices[912]: set x = 689.883057
[2026-09-18 10:06:56.247] [INFO ] DataDriver - root.p_Vertices[912]: set y = 804.059937
[2026-09-18 10:06:56.247] [INFO ] DataDriver - root.p_Vertices[912]: set z = 0.0
[2026-09-18 10:06:56.247] [INFO ] DataDriver - root.p_Vertices[913]: set id = "vertex_913"
[2026-09-18 10:06:56.247] [INFO ] DataDriver - root.p_Vertices[913]: set edge_id = "edge_60"
[2026-09-18 10:06:56.247] [INFO ] DataDriver - root.p_Vertices[913]: set edge_index = 77
[2026-09-18 10:06:56.247] [INFO ] DataDriver - root.p_Vertices[913]: set x = 688.39624
[2026-09-18 10:06:56.247] [INFO ] DataDriver - root.p_Vertices[913]: set y = 805.619812
[2026-09-18 10:06:56.247] [INFO ] DataDriver - root.p_Vertices[913]: set z = 0.0
[2026-09-18 10:06:56.247] [INFO ] DataDriver - root.p_Vertices[914]: set id = "vertex_914"
[2026-09-18 10:06:56.247] [INFO ] DataDriver - root.p_Vertices[914]: set edge_id = "edge_60"
[2026-09-18 10:06:56.247] [INFO ] DataDriver - root.p_Vertices[914]: set edge_index = 76
[2026-09-18 10:06:56.247] [INFO ] DataDriver - root.p_Vertices[914]: set x = 687.100098
[2026-09-18 10:06:56.247] [INFO ] DataDriver - root.p_Vertices[914]: set y = 807.303467
[2026-09-18 10:06:56.247] [INFO ] DataDriver - root.p_Vertices[914]: set z = 8.0E-6
[2026-09-18 10:06:56.247] [INFO ] DataDriver - root.p_Vertices[915]: set id = "vertex_915"
[2026-09-18 10:06:56.247] [INFO ] DataDriver - root.p_Vertices[915]: set edge_id = "edge_60"
[2026-09-18 10:06:56.247] [INFO ] DataDriver - root.p_Vertices[915]: set edge_index = 75
[2026-09-18 10:06:56.247] [INFO ] DataDriver - root.p_Vertices[915]: set x = 685.961548
[2026-09-18 10:06:56.247] [INFO ] DataDriver - root.p_Vertices[915]: set y = 809.154022
[2026-09-18 10:06:56.247] [INFO ] DataDriver - root.p_Vertices[915]: set z = 8.0E-6
[2026-09-18 10:06:56.247] [INFO ] DataDriver - root.p_Vertices[916]: set id = "vertex_916"
[2026-09-18 10:06:56.247] [INFO ] DataDriver - root.p_Vertices[916]: set edge_id = "edge_60"
[2026-09-18 10:06:56.247] [INFO ] DataDriver - root.p_Vertices[916]: set edge_index = 74
[2026-09-18 10:06:56.247] [INFO ] DataDriver - root.p_Vertices[916]: set x = 685.0588379999999
[2026-09-18 10:06:56.248] [INFO ] DataDriver - root.p_Vertices[916]: set y = 811.324142
[2026-09-18 10:06:56.248] [INFO ] DataDriver - root.p_Vertices[916]: set z = 0.0
[2026-09-18 10:06:56.248] [INFO ] DataDriver - root.p_Vertices[917]: set id = "vertex_917"
[2026-09-18 10:06:56.248] [INFO ] DataDriver - root.p_Vertices[917]: set edge_id = "edge_60"
[2026-09-18 10:06:56.248] [INFO ] DataDriver - root.p_Vertices[917]: set edge_index = 73
[2026-09-18 10:06:56.248] [INFO ] DataDriver - root.p_Vertices[917]: set x = 684.46814
[2026-09-18 10:06:56.248] [INFO ] DataDriver - root.p_Vertices[917]: set y = 813.926117
[2026-09-18 10:06:56.248] [INFO ] DataDriver - root.p_Vertices[917]: set z = 8.0E-6
[2026-09-18 10:06:56.248] [INFO ] DataDriver - root.p_Vertices[918]: set id = "vertex_918"
[2026-09-18 10:06:56.248] [INFO ] DataDriver - root.p_Vertices[918]: set edge_id = "edge_60"
[2026-09-18 10:06:56.248] [INFO ] DataDriver - root.p_Vertices[918]: set edge_index = 72
[2026-09-18 10:06:56.248] [INFO ] DataDriver - root.p_Vertices[918]: set x = 684.126831
[2026-09-18 10:06:56.248] [INFO ] DataDriver - root.p_Vertices[918]: set y = 816.853119
[2026-09-18 10:06:56.248] [INFO ] DataDriver - root.p_Vertices[918]: set z = 0.0
[2026-09-18 10:06:56.248] [INFO ] DataDriver - root.p_Vertices[919]: set id = "vertex_919"
[2026-09-18 10:06:56.248] [INFO ] DataDriver - root.p_Vertices[919]: set edge_id = "edge_60"
[2026-09-18 10:06:56.248] [INFO ] DataDriver - root.p_Vertices[919]: set edge_index = 71
[2026-09-18 10:06:56.248] [INFO ] DataDriver - root.p_Vertices[919]: set x = 683.986328
[2026-09-18 10:06:56.248] [INFO ] DataDriver - root.p_Vertices[919]: set y = 819.98114
[2026-09-18 10:06:56.248] [INFO ] DataDriver - root.p_Vertices[919]: set z = 8.0E-6
[2026-09-18 10:06:56.248] [INFO ] DataDriver - root.p_Vertices[920]: set id = "vertex_920"
[2026-09-18 10:06:56.248] [INFO ] DataDriver - root.p_Vertices[920]: set edge_id = "edge_60"
[2026-09-18 10:06:56.248] [INFO ] DataDriver - root.p_Vertices[920]: set edge_index = 70
[2026-09-18 10:06:56.248] [INFO ] DataDriver - root.p_Vertices[920]: set x = 684.129639
[2026-09-18 10:06:56.248] [INFO ] DataDriver - root.p_Vertices[920]: set y = 823.326233
[2026-09-18 10:06:56.248] [INFO ] DataDriver - root.p_Vertices[920]: set z = -8.0E-6
[2026-09-18 10:06:56.248] [INFO ] DataDriver - root.p_Vertices[921]: set id = "vertex_921"
[2026-09-18 10:06:56.248] [INFO ] DataDriver - root.p_Vertices[921]: set edge_id = "edge_60"
[2026-09-18 10:06:56.248] [INFO ] DataDriver - root.p_Vertices[921]: set edge_index = 69
[2026-09-18 10:06:56.248] [INFO ] DataDriver - root.p_Vertices[921]: set x = 684.646484
[2026-09-18 10:06:56.248] [INFO ] DataDriver - root.p_Vertices[921]: set y = 826.939209
[2026-09-18 10:06:56.248] [INFO ] DataDriver - root.p_Vertices[921]: set z = 8.0E-6
[2026-09-18 10:06:56.248] [INFO ] DataDriver - root.p_Vertices[922]: set id = "vertex_922"
[2026-09-18 10:06:56.248] [INFO ] DataDriver - root.p_Vertices[922]: set edge_id = "edge_60"
[2026-09-18 10:06:56.248] [INFO ] DataDriver - root.p_Vertices[922]: set edge_index = 68
[2026-09-18 10:06:56.248] [INFO ] DataDriver - root.p_Vertices[922]: set x = 685.49292
[2026-09-18 10:06:56.248] [INFO ] DataDriver - root.p_Vertices[922]: set y = 830.763245
[2026-09-18 10:06:56.248] [INFO ] DataDriver - root.p_Vertices[922]: set z = 0.0
[2026-09-18 10:06:56.248] [INFO ] DataDriver - root.p_Vertices[923]: set id = "vertex_923"
[2026-09-18 10:06:56.248] [INFO ] DataDriver - root.p_Vertices[923]: set edge_id = "edge_60"
[2026-09-18 10:06:56.248] [INFO ] DataDriver - root.p_Vertices[923]: set edge_index = 67
[2026-09-18 10:06:56.248] [INFO ] DataDriver - root.p_Vertices[923]: set x = 686.731201
[2026-09-18 10:06:56.248] [INFO ] DataDriver - root.p_Vertices[923]: set y = 834.754944
[2026-09-18 10:06:56.248] [INFO ] DataDriver - root.p_Vertices[923]: set z = 8.0E-6
[2026-09-18 10:06:56.248] [INFO ] DataDriver - root.p_Vertices[924]: set id = "vertex_924"
[2026-09-18 10:06:56.248] [INFO ] DataDriver - root.p_Vertices[924]: set edge_id = "edge_60"
[2026-09-18 10:06:56.248] [INFO ] DataDriver - root.p_Vertices[924]: set edge_index = 66
[2026-09-18 10:06:56.248] [INFO ] DataDriver - root.p_Vertices[924]: set x = 688.692627
[2026-09-18 10:06:56.248] [INFO ] DataDriver - root.p_Vertices[924]: set y = 838.981934
[2026-09-18 10:06:56.248] [INFO ] DataDriver - root.p_Vertices[924]: set z = 8.0E-6
[2026-09-18 10:06:56.248] [INFO ] DataDriver - root.p_Vertices[925]: set id = "vertex_925"
[2026-09-18 10:06:56.248] [INFO ] DataDriver - root.p_Vertices[925]: set edge_id = "edge_60"
[2026-09-18 10:06:56.248] [INFO ] DataDriver - root.p_Vertices[925]: set edge_index = 65
[2026-09-18 10:06:56.248] [INFO ] DataDriver - root.p_Vertices[925]: set x = 691.638184
[2026-09-18 10:06:56.248] [INFO ] DataDriver - root.p_Vertices[925]: set y = 843.5106049999999
[2026-09-18 10:06:56.248] [INFO ] DataDriver - root.p_Vertices[925]: set z = 0.0
[2026-09-18 10:06:56.248] [INFO ] DataDriver - root.p_Vertices[926]: set id = "vertex_926"
[2026-09-18 10:06:56.248] [INFO ] DataDriver - root.p_Vertices[926]: set edge_id = "edge_60"
[2026-09-18 10:06:56.248] [INFO ] DataDriver - root.p_Vertices[926]: set edge_index = 64
[2026-09-18 10:06:56.248] [INFO ] DataDriver - root.p_Vertices[926]: set x = 699.70459
[2026-09-18 10:06:56.248] [INFO ] DataDriver - root.p_Vertices[926]: set y = 853.156372
[2026-09-18 10:06:56.248] [INFO ] DataDriver - root.p_Vertices[926]: set z = 0.0
[2026-09-18 10:06:56.248] [INFO ] DataDriver - root.p_Vertices[927]: set id = "vertex_927"
[2026-09-18 10:06:56.248] [INFO ] DataDriver - root.p_Vertices[927]: set edge_id = "edge_60"
[2026-09-18 10:06:56.248] [INFO ] DataDriver - root.p_Vertices[927]: set edge_index = 63
[2026-09-18 10:06:56.248] [INFO ] DataDriver - root.p_Vertices[927]: set x = 704.8908690000001
[2026-09-18 10:06:56.248] [INFO ] DataDriver - root.p_Vertices[927]: set y = 858.207352
[2026-09-18 10:06:56.248] [INFO ] DataDriver - root.p_Vertices[927]: set z = 1.5E-5
[2026-09-18 10:06:56.248] [INFO ] DataDriver - root.p_Vertices[928]: set id = "vertex_928"
[2026-09-18 10:06:56.248] [INFO ] DataDriver - root.p_Vertices[928]: set edge_id = "edge_60"
[2026-09-18 10:06:56.248] [INFO ] DataDriver - root.p_Vertices[928]: set edge_index = 62
[2026-09-18 10:06:56.248] [INFO ] DataDriver - root.p_Vertices[928]: set x = 725.696289
[2026-09-18 10:06:56.248] [INFO ] DataDriver - root.p_Vertices[928]: set y = 874.134285
[2026-09-18 10:06:56.248] [INFO ] DataDriver - root.p_Vertices[928]: set z = -8.0E-6
[2026-09-18 10:06:56.248] [INFO ] DataDriver - root.p_Vertices[929]: set id = "vertex_929"
[2026-09-18 10:06:56.248] [INFO ] DataDriver - root.p_Vertices[929]: set edge_id = "edge_60"
[2026-09-18 10:06:56.248] [INFO ] DataDriver - root.p_Vertices[929]: set edge_index = 61
[2026-09-18 10:06:56.248] [INFO ] DataDriver - root.p_Vertices[929]: set x = 741.565308
[2026-09-18 10:06:56.248] [INFO ] DataDriver - root.p_Vertices[929]: set y = 883.980576
[2026-09-18 10:06:56.248] [INFO ] DataDriver - root.p_Vertices[929]: set z = 8.0E-6
[2026-09-18 10:06:56.248] [INFO ] DataDriver - root.p_Vertices[930]: set id = "vertex_930"
[2026-09-18 10:06:56.248] [INFO ] DataDriver - root.p_Vertices[930]: set edge_id = "edge_60"
[2026-09-18 10:06:56.248] [INFO ] DataDriver - root.p_Vertices[930]: set edge_index = 60
[2026-09-18 10:06:56.248] [INFO ] DataDriver - root.p_Vertices[930]: set x = 791.945557
[2026-09-18 10:06:56.248] [INFO ] DataDriver - root.p_Vertices[930]: set y = 907.756302
[2026-09-18 10:06:56.248] [INFO ] DataDriver - root.p_Vertices[930]: set z = 0.0
[2026-09-18 10:06:56.248] [INFO ] DataDriver - root.p_Vertices[931]: set id = "vertex_931"
[2026-09-18 10:06:56.248] [INFO ] DataDriver - root.p_Vertices[931]: set edge_id = "edge_60"
[2026-09-18 10:06:56.248] [INFO ] DataDriver - root.p_Vertices[931]: set edge_index = 59
[2026-09-18 10:06:56.248] [INFO ] DataDriver - root.p_Vertices[931]: set x = 841.008545
[2026-09-18 10:06:56.248] [INFO ] DataDriver - root.p_Vertices[931]: set y = 922.119621
[2026-09-18 10:06:56.248] [INFO ] DataDriver - root.p_Vertices[931]: set z = 0.0
[2026-09-18 10:06:56.248] [INFO ] DataDriver - root.p_Vertices[932]: set id = "vertex_932"
[2026-09-18 10:06:56.248] [INFO ] DataDriver - root.p_Vertices[932]: set edge_id = "edge_60"
[2026-09-18 10:06:56.249] [INFO ] DataDriver - root.p_Vertices[932]: set edge_index = 58
[2026-09-18 10:06:56.249] [INFO ] DataDriver - root.p_Vertices[932]: set x = 856.675659
[2026-09-18 10:06:56.249] [INFO ] DataDriver - root.p_Vertices[932]: set y = 927.587189
[2026-09-18 10:06:56.249] [INFO ] DataDriver - root.p_Vertices[932]: set z = 0.0
[2026-09-18 10:06:56.249] [INFO ] DataDriver - root.p_Vertices[933]: set id = "vertex_933"
[2026-09-18 10:06:56.249] [INFO ] DataDriver - root.p_Vertices[933]: set edge_id = "edge_60"
[2026-09-18 10:06:56.249] [INFO ] DataDriver - root.p_Vertices[933]: set edge_index = 57
[2026-09-18 10:06:56.249] [INFO ] DataDriver - root.p_Vertices[933]: set x = 863.40332
[2026-09-18 10:06:56.249] [INFO ] DataDriver - root.p_Vertices[933]: set y = 930.527283
[2026-09-18 10:06:56.249] [INFO ] DataDriver - root.p_Vertices[933]: set z = 0.0
[2026-09-18 10:06:56.249] [INFO ] DataDriver - root.p_Vertices[934]: set id = "vertex_934"
[2026-09-18 10:06:56.249] [INFO ] DataDriver - root.p_Vertices[934]: set edge_id = "edge_60"
[2026-09-18 10:06:56.249] [INFO ] DataDriver - root.p_Vertices[934]: set edge_index = 56
[2026-09-18 10:06:56.249] [INFO ] DataDriver - root.p_Vertices[934]: set x = 869.380371
[2026-09-18 10:06:56.249] [INFO ] DataDriver - root.p_Vertices[934]: set y = 933.8214419999999
[2026-09-18 10:06:56.249] [INFO ] DataDriver - root.p_Vertices[934]: set z = 8.0E-6
[2026-09-18 10:06:56.249] [INFO ] DataDriver - root.p_Vertices[935]: set id = "vertex_935"
[2026-09-18 10:06:56.249] [INFO ] DataDriver - root.p_Vertices[935]: set edge_id = "edge_60"
[2026-09-18 10:06:56.249] [INFO ] DataDriver - root.p_Vertices[935]: set edge_index = 55
[2026-09-18 10:06:56.249] [INFO ] DataDriver - root.p_Vertices[935]: set x = 874.446289
[2026-09-18 10:06:56.249] [INFO ] DataDriver - root.p_Vertices[935]: set y = 937.581848
[2026-09-18 10:06:56.249] [INFO ] DataDriver - root.p_Vertices[935]: set z = 8.0E-6
[2026-09-18 10:06:56.249] [INFO ] DataDriver - root.p_Vertices[936]: set id = "vertex_936"
[2026-09-18 10:06:56.249] [INFO ] DataDriver - root.p_Vertices[936]: set edge_id = "edge_60"
[2026-09-18 10:06:56.249] [INFO ] DataDriver - root.p_Vertices[936]: set edge_index = 54
[2026-09-18 10:06:56.249] [INFO ] DataDriver - root.p_Vertices[936]: set x = 878.876465
[2026-09-18 10:06:56.249] [INFO ] DataDriver - root.p_Vertices[936]: set y = 941.665344
[2026-09-18 10:06:56.249] [INFO ] DataDriver - root.p_Vertices[936]: set z = 8.0E-6
[2026-09-18 10:06:56.249] [INFO ] DataDriver - root.p_Vertices[937]: set id = "vertex_937"
[2026-09-18 10:06:56.249] [INFO ] DataDriver - root.p_Vertices[937]: set edge_id = "edge_60"
[2026-09-18 10:06:56.249] [INFO ] DataDriver - root.p_Vertices[937]: set edge_index = 53
[2026-09-18 10:06:56.249] [INFO ] DataDriver - root.p_Vertices[937]: set x = 903.251221
[2026-09-18 10:06:56.249] [INFO ] DataDriver - root.p_Vertices[937]: set y = 968.6417690000001
[2026-09-18 10:06:56.249] [INFO ] DataDriver - root.p_Vertices[937]: set z = 0.0
[2026-09-18 10:06:56.249] [INFO ] DataDriver - root.p_Vertices[938]: set id = "vertex_938"
[2026-09-18 10:06:56.249] [INFO ] DataDriver - root.p_Vertices[938]: set edge_id = "edge_60"
[2026-09-18 10:06:56.249] [INFO ] DataDriver - root.p_Vertices[938]: set edge_index = 52
[2026-09-18 10:06:56.249] [INFO ] DataDriver - root.p_Vertices[938]: set x = 925.8929439999999
[2026-09-18 10:06:56.249] [INFO ] DataDriver - root.p_Vertices[938]: set y = 1001.009796
[2026-09-18 10:06:56.249] [INFO ] DataDriver - root.p_Vertices[938]: set z = 8.0E-6
[2026-09-18 10:06:56.249] [INFO ] DataDriver - root.p_Vertices[939]: set id = "vertex_939"
[2026-09-18 10:06:56.249] [INFO ] DataDriver - root.p_Vertices[939]: set edge_id = "edge_60"
[2026-09-18 10:06:56.249] [INFO ] DataDriver - root.p_Vertices[939]: set edge_index = 51
[2026-09-18 10:06:56.249] [INFO ] DataDriver - root.p_Vertices[939]: set x = 950.308838
[2026-09-18 10:06:56.249] [INFO ] DataDriver - root.p_Vertices[939]: set y = 1042.184372
[2026-09-18 10:06:56.249] [INFO ] DataDriver - root.p_Vertices[939]: set z = -8.0E-6
[2026-09-18 10:06:56.249] [INFO ] DataDriver - root.p_Vertices[940]: set id = "vertex_940"
[2026-09-18 10:06:56.249] [INFO ] DataDriver - root.p_Vertices[940]: set edge_id = "edge_60"
[2026-09-18 10:06:56.249] [INFO ] DataDriver - root.p_Vertices[940]: set edge_index = 50
[2026-09-18 10:06:56.249] [INFO ] DataDriver - root.p_Vertices[940]: set x = 956.303711
[2026-09-18 10:06:56.249] [INFO ] DataDriver - root.p_Vertices[940]: set y = 1055.575104
[2026-09-18 10:06:56.249] [INFO ] DataDriver - root.p_Vertices[940]: set z = 8.0E-6
[2026-09-18 10:06:56.249] [INFO ] DataDriver - root.p_Vertices[941]: set id = "vertex_941"
[2026-09-18 10:06:56.249] [INFO ] DataDriver - root.p_Vertices[941]: set edge_id = "edge_60"
[2026-09-18 10:06:56.249] [INFO ] DataDriver - root.p_Vertices[941]: set edge_index = 49
[2026-09-18 10:06:56.249] [INFO ] DataDriver - root.p_Vertices[941]: set x = 962.34375
[2026-09-18 10:06:56.249] [INFO ] DataDriver - root.p_Vertices[941]: set y = 1075.127655
[2026-09-18 10:06:56.249] [INFO ] DataDriver - root.p_Vertices[941]: set z = -4.0E-6
[2026-09-18 10:06:56.249] [INFO ] DataDriver - root.p_Vertices[942]: set id = "vertex_942"
[2026-09-18 10:06:56.249] [INFO ] DataDriver - root.p_Vertices[942]: set edge_id = "edge_60"
[2026-09-18 10:06:56.249] [INFO ] DataDriver - root.p_Vertices[942]: set edge_index = 48
[2026-09-18 10:06:56.249] [INFO ] DataDriver - root.p_Vertices[942]: set x = 963.373657
[2026-09-18 10:06:56.249] [INFO ] DataDriver - root.p_Vertices[942]: set y = 1080.164398
[2026-09-18 10:06:56.249] [INFO ] DataDriver - root.p_Vertices[942]: set z = 4.0E-6
[2026-09-18 10:06:56.249] [INFO ] DataDriver - root.p_Vertices[943]: set id = "vertex_943"
[2026-09-18 10:06:56.249] [INFO ] DataDriver - root.p_Vertices[943]: set edge_id = "edge_60"
[2026-09-18 10:06:56.249] [INFO ] DataDriver - root.p_Vertices[943]: set edge_index = 47
[2026-09-18 10:06:56.249] [INFO ] DataDriver - root.p_Vertices[943]: set x = 964.327637
[2026-09-18 10:06:56.249] [INFO ] DataDriver - root.p_Vertices[943]: set y = 1088.5851440000001
[2026-09-18 10:06:56.249] [INFO ] DataDriver - root.p_Vertices[943]: set z = 0.0
[2026-09-18 10:06:56.249] [INFO ] DataDriver - root.p_Vertices[944]: set id = "vertex_944"
[2026-09-18 10:06:56.249] [INFO ] DataDriver - root.p_Vertices[944]: set edge_id = "edge_60"
[2026-09-18 10:06:56.249] [INFO ] DataDriver - root.p_Vertices[944]: set edge_index = 46
[2026-09-18 10:06:56.249] [INFO ] DataDriver - root.p_Vertices[944]: set x = 964.27417
[2026-09-18 10:06:56.249] [INFO ] DataDriver - root.p_Vertices[944]: set y = 1096.735168
[2026-09-18 10:06:56.249] [INFO ] DataDriver - root.p_Vertices[944]: set z = 8.0E-6
[2026-09-18 10:06:56.249] [INFO ] DataDriver - root.p_Vertices[945]: set id = "vertex_945"
[2026-09-18 10:06:56.249] [INFO ] DataDriver - root.p_Vertices[945]: set edge_id = "edge_60"
[2026-09-18 10:06:56.249] [INFO ] DataDriver - root.p_Vertices[945]: set edge_index = 45
[2026-09-18 10:06:56.249] [INFO ] DataDriver - root.p_Vertices[945]: set x = 962.738892
[2026-09-18 10:06:56.249] [INFO ] DataDriver - root.p_Vertices[945]: set y = 1108.760162
[2026-09-18 10:06:56.249] [INFO ] DataDriver - root.p_Vertices[945]: set z = 8.0E-6
[2026-09-18 10:06:56.249] [INFO ] DataDriver - root.p_Vertices[946]: set id = "vertex_946"
[2026-09-18 10:06:56.249] [INFO ] DataDriver - root.p_Vertices[946]: set edge_id = "edge_60"
[2026-09-18 10:06:56.249] [INFO ] DataDriver - root.p_Vertices[946]: set edge_index = 44
[2026-09-18 10:06:56.249] [INFO ] DataDriver - root.p_Vertices[946]: set x = 960.821777
[2026-09-18 10:06:56.249] [INFO ] DataDriver - root.p_Vertices[946]: set y = 1115.712372
[2026-09-18 10:06:56.249] [INFO ] DataDriver - root.p_Vertices[946]: set z = 4.0E-6
[2026-09-18 10:06:56.249] [INFO ] DataDriver - root.p_Vertices[947]: set id = "vertex_947"
[2026-09-18 10:06:56.249] [INFO ] DataDriver - root.p_Vertices[947]: set edge_id = "edge_60"
[2026-09-18 10:06:56.250] [INFO ] DataDriver - root.p_Vertices[947]: set edge_index = 43
[2026-09-18 10:06:56.250] [INFO ] DataDriver - root.p_Vertices[947]: set x = 959.4482419999999
[2026-09-18 10:06:56.250] [INFO ] DataDriver - root.p_Vertices[947]: set y = 1119.0086059999999
[2026-09-18 10:06:56.250] [INFO ] DataDriver - root.p_Vertices[947]: set z = 8.0E-6
[2026-09-18 10:06:56.250] [INFO ] DataDriver - root.p_Vertices[948]: set id = "vertex_948"
[2026-09-18 10:06:56.250] [INFO ] DataDriver - root.p_Vertices[948]: set edge_id = "edge_60"
[2026-09-18 10:06:56.250] [INFO ] DataDriver - root.p_Vertices[948]: set edge_index = 42
[2026-09-18 10:06:56.250] [INFO ] DataDriver - root.p_Vertices[948]: set x = 957.412476
[2026-09-18 10:06:56.250] [INFO ] DataDriver - root.p_Vertices[948]: set y = 1122.311523
[2026-09-18 10:06:56.250] [INFO ] DataDriver - root.p_Vertices[948]: set z = 8.0E-6
[2026-09-18 10:06:56.250] [INFO ] DataDriver - root.p_Vertices[949]: set id = "vertex_949"
[2026-09-18 10:06:56.250] [INFO ] DataDriver - root.p_Vertices[949]: set edge_id = "edge_60"
[2026-09-18 10:06:56.250] [INFO ] DataDriver - root.p_Vertices[949]: set edge_index = 41
[2026-09-18 10:06:56.250] [INFO ] DataDriver - root.p_Vertices[949]: set x = 954.470703
[2026-09-18 10:06:56.250] [INFO ] DataDriver - root.p_Vertices[949]: set y = 1125.653809
[2026-09-18 10:06:56.250] [INFO ] DataDriver - root.p_Vertices[949]: set z = 4.0E-6
[2026-09-18 10:06:56.250] [INFO ] DataDriver - root.p_Vertices[950]: set id = "vertex_950"
[2026-09-18 10:06:56.250] [INFO ] DataDriver - root.p_Vertices[950]: set edge_id = "edge_60"
[2026-09-18 10:06:56.250] [INFO ] DataDriver - root.p_Vertices[950]: set edge_index = 40
[2026-09-18 10:06:56.250] [INFO ] DataDriver - root.p_Vertices[950]: set x = 924.865356
[2026-09-18 10:06:56.250] [INFO ] DataDriver - root.p_Vertices[950]: set y = 1152.703735
[2026-09-18 10:06:56.250] [INFO ] DataDriver - root.p_Vertices[950]: set z = -4.0E-6
[2026-09-18 10:06:56.250] [INFO ] DataDriver - root.p_Vertices[951]: set id = "vertex_951"
[2026-09-18 10:06:56.250] [INFO ] DataDriver - root.p_Vertices[951]: set edge_id = "edge_60"
[2026-09-18 10:06:56.250] [INFO ] DataDriver - root.p_Vertices[951]: set edge_index = 39
[2026-09-18 10:06:56.250] [INFO ] DataDriver - root.p_Vertices[951]: set x = 904.9259030000001
[2026-09-18 10:06:56.250] [INFO ] DataDriver - root.p_Vertices[951]: set y = 1175.2331239999999
[2026-09-18 10:06:56.250] [INFO ] DataDriver - root.p_Vertices[951]: set z = 4.0E-6
[2026-09-18 10:06:56.250] [INFO ] DataDriver - root.p_Vertices[952]: set id = "vertex_952"
[2026-09-18 10:06:56.250] [INFO ] DataDriver - root.p_Vertices[952]: set edge_id = "edge_60"
[2026-09-18 10:06:56.250] [INFO ] DataDriver - root.p_Vertices[952]: set edge_index = 38
[2026-09-18 10:06:56.250] [INFO ] DataDriver - root.p_Vertices[952]: set x = 875.763672
[2026-09-18 10:06:56.250] [INFO ] DataDriver - root.p_Vertices[952]: set y = 1203.3792720000001
[2026-09-18 10:06:56.250] [INFO ] DataDriver - root.p_Vertices[952]: set z = 4.0E-6
[2026-09-18 10:06:56.250] [INFO ] DataDriver - root.p_Vertices[953]: set id = "vertex_953"
[2026-09-18 10:06:56.250] [INFO ] DataDriver - root.p_Vertices[953]: set edge_id = "edge_60"
[2026-09-18 10:06:56.250] [INFO ] DataDriver - root.p_Vertices[953]: set edge_index = 37
[2026-09-18 10:06:56.250] [INFO ] DataDriver - root.p_Vertices[953]: set x = 865.263916
[2026-09-18 10:06:56.250] [INFO ] DataDriver - root.p_Vertices[953]: set y = 1212.266571
[2026-09-18 10:06:56.250] [INFO ] DataDriver - root.p_Vertices[953]: set z = 4.0E-6
[2026-09-18 10:06:56.250] [INFO ] DataDriver - root.p_Vertices[954]: set id = "vertex_954"
[2026-09-18 10:06:56.250] [INFO ] DataDriver - root.p_Vertices[954]: set edge_id = "edge_60"
[2026-09-18 10:06:56.250] [INFO ] DataDriver - root.p_Vertices[954]: set edge_index = 36
[2026-09-18 10:06:56.250] [INFO ] DataDriver - root.p_Vertices[954]: set x = 848.055786
[2026-09-18 10:06:56.250] [INFO ] DataDriver - root.p_Vertices[954]: set y = 1224.747955
[2026-09-18 10:06:56.250] [INFO ] DataDriver - root.p_Vertices[954]: set z = 0.0
[2026-09-18 10:06:56.250] [INFO ] DataDriver - root.p_Vertices[955]: set id = "vertex_955"
[2026-09-18 10:06:56.250] [INFO ] DataDriver - root.p_Vertices[955]: set edge_id = "edge_60"
[2026-09-18 10:06:56.250] [INFO ] DataDriver - root.p_Vertices[955]: set edge_index = 35
[2026-09-18 10:06:56.250] [INFO ] DataDriver - root.p_Vertices[955]: set x = 834.94812
[2026-09-18 10:06:56.250] [INFO ] DataDriver - root.p_Vertices[955]: set y = 1232.191254
[2026-09-18 10:06:56.250] [INFO ] DataDriver - root.p_Vertices[955]: set z = 4.0E-6
[2026-09-18 10:06:56.250] [INFO ] DataDriver - root.p_Vertices[956]: set id = "vertex_956"
[2026-09-18 10:06:56.250] [INFO ] DataDriver - root.p_Vertices[956]: set edge_id = "edge_60"
[2026-09-18 10:06:56.250] [INFO ] DataDriver - root.p_Vertices[956]: set edge_index = 34
[2026-09-18 10:06:56.250] [INFO ] DataDriver - root.p_Vertices[956]: set x = 818.771606
[2026-09-18 10:06:56.250] [INFO ] DataDriver - root.p_Vertices[956]: set y = 1239.1320799999999
[2026-09-18 10:06:56.250] [INFO ] DataDriver - root.p_Vertices[956]: set z = 0.0
[2026-09-18 10:06:56.250] [INFO ] DataDriver - root.p_Vertices[957]: set id = "vertex_957"
[2026-09-18 10:06:56.250] [INFO ] DataDriver - root.p_Vertices[957]: set edge_id = "edge_60"
[2026-09-18 10:06:56.250] [INFO ] DataDriver - root.p_Vertices[957]: set edge_index = 33
[2026-09-18 10:06:56.250] [INFO ] DataDriver - root.p_Vertices[957]: set x = 783.63269
[2026-09-18 10:06:56.250] [INFO ] DataDriver - root.p_Vertices[957]: set y = 1248.358276
[2026-09-18 10:06:56.250] [INFO ] DataDriver - root.p_Vertices[957]: set z = -4.0E-6
[2026-09-18 10:06:56.250] [INFO ] DataDriver - root.p_Vertices[958]: set id = "vertex_958"
[2026-09-18 10:06:56.250] [INFO ] DataDriver - root.p_Vertices[958]: set edge_id = "edge_60"
[2026-09-18 10:06:56.250] [INFO ] DataDriver - root.p_Vertices[958]: set edge_index = 32
[2026-09-18 10:06:56.250] [INFO ] DataDriver - root.p_Vertices[958]: set x = 582.663574
[2026-09-18 10:06:56.250] [INFO ] DataDriver - root.p_Vertices[958]: set y = 1275.97049
[2026-09-18 10:06:56.250] [INFO ] DataDriver - root.p_Vertices[958]: set z = 0.0
[2026-09-18 10:06:56.250] [INFO ] DataDriver - root.p_Vertices[959]: set id = "vertex_959"
[2026-09-18 10:06:56.250] [INFO ] DataDriver - root.p_Vertices[959]: set edge_id = "edge_60"
[2026-09-18 10:06:56.250] [INFO ] DataDriver - root.p_Vertices[959]: set edge_index = 31
[2026-09-18 10:06:56.250] [INFO ] DataDriver - root.p_Vertices[959]: set x = 571.829468
[2026-09-18 10:06:56.250] [INFO ] DataDriver - root.p_Vertices[959]: set y = 1276.0299380000001
[2026-09-18 10:06:56.250] [INFO ] DataDriver - root.p_Vertices[959]: set z = 2.0E-6
[2026-09-18 10:06:56.250] [INFO ] DataDriver - root.p_Vertices[960]: set id = "vertex_960"
[2026-09-18 10:06:56.250] [INFO ] DataDriver - root.p_Vertices[960]: set edge_id = "edge_60"
[2026-09-18 10:06:56.250] [INFO ] DataDriver - root.p_Vertices[960]: set edge_index = 30
[2026-09-18 10:06:56.250] [INFO ] DataDriver - root.p_Vertices[960]: set x = 406.83349599999997
[2026-09-18 10:06:56.250] [INFO ] DataDriver - root.p_Vertices[960]: set y = 1264.169617
[2026-09-18 10:06:56.250] [INFO ] DataDriver - root.p_Vertices[960]: set z = 0.0
[2026-09-18 10:06:56.250] [INFO ] DataDriver - root.p_Vertices[961]: set id = "vertex_961"
[2026-09-18 10:06:56.250] [INFO ] DataDriver - root.p_Vertices[961]: set edge_id = "edge_60"
[2026-09-18 10:06:56.250] [INFO ] DataDriver - root.p_Vertices[961]: set edge_index = 29
[2026-09-18 10:06:56.250] [INFO ] DataDriver - root.p_Vertices[961]: set x = 176.88586399999997
[2026-09-18 10:06:56.250] [INFO ] DataDriver - root.p_Vertices[961]: set y = 1275.951752
[2026-09-18 10:06:56.250] [INFO ] DataDriver - root.p_Vertices[961]: set z = 0.0
[2026-09-18 10:06:56.250] [INFO ] DataDriver - root.p_Vertices[962]: set id = "vertex_962"
[2026-09-18 10:06:56.250] [INFO ] DataDriver - root.p_Vertices[962]: set edge_id = "edge_60"
[2026-09-18 10:06:56.250] [INFO ] DataDriver - root.p_Vertices[962]: set edge_index = 28
[2026-09-18 10:06:56.250] [INFO ] DataDriver - root.p_Vertices[962]: set x = 162.03076199999998
[2026-09-18 10:06:56.250] [INFO ] DataDriver - root.p_Vertices[962]: set y = 1278.1138310000001
[2026-09-18 10:06:56.250] [INFO ] DataDriver - root.p_Vertices[962]: set z = 0.0
[2026-09-18 10:06:56.250] [INFO ] DataDriver - root.p_Vertices[963]: set id = "vertex_963"
[2026-09-18 10:06:56.250] [INFO ] DataDriver - root.p_Vertices[963]: set edge_id = "edge_60"
[2026-09-18 10:06:56.250] [INFO ] DataDriver - root.p_Vertices[963]: set edge_index = 27
[2026-09-18 10:06:56.251] [INFO ] DataDriver - root.p_Vertices[963]: set x = 153.98584000000005
[2026-09-18 10:06:56.251] [INFO ] DataDriver - root.p_Vertices[963]: set y = 1280.160858
[2026-09-18 10:06:56.251] [INFO ] DataDriver - root.p_Vertices[963]: set z = 0.0
[2026-09-18 10:06:56.251] [INFO ] DataDriver - root.p_Vertices[964]: set id = "vertex_964"
[2026-09-18 10:06:56.251] [INFO ] DataDriver - root.p_Vertices[964]: set edge_id = "edge_60"
[2026-09-18 10:06:56.251] [INFO ] DataDriver - root.p_Vertices[964]: set edge_index = 26
[2026-09-18 10:06:56.251] [INFO ] DataDriver - root.p_Vertices[964]: set x = 143.452271
[2026-09-18 10:06:56.251] [INFO ] DataDriver - root.p_Vertices[964]: set y = 1284.105347
[2026-09-18 10:06:56.251] [INFO ] DataDriver - root.p_Vertices[964]: set z = 0.0
[2026-09-18 10:06:56.251] [INFO ] DataDriver - root.p_Vertices[965]: set id = "vertex_965"
[2026-09-18 10:06:56.251] [INFO ] DataDriver - root.p_Vertices[965]: set edge_id = "edge_60"
[2026-09-18 10:06:56.251] [INFO ] DataDriver - root.p_Vertices[965]: set edge_index = 25
[2026-09-18 10:06:56.251] [INFO ] DataDriver - root.p_Vertices[965]: set x = 140.931641
[2026-09-18 10:06:56.251] [INFO ] DataDriver - root.p_Vertices[965]: set y = 1285.451202
[2026-09-18 10:06:56.251] [INFO ] DataDriver - root.p_Vertices[965]: set z = 0.0
[2026-09-18 10:06:56.251] [INFO ] DataDriver - root.p_Vertices[966]: set id = "vertex_966"
[2026-09-18 10:06:56.251] [INFO ] DataDriver - root.p_Vertices[966]: set edge_id = "edge_60"
[2026-09-18 10:06:56.251] [INFO ] DataDriver - root.p_Vertices[966]: set edge_index = 24
[2026-09-18 10:06:56.251] [INFO ] DataDriver - root.p_Vertices[966]: set x = 138.86547900000005
[2026-09-18 10:06:56.251] [INFO ] DataDriver - root.p_Vertices[966]: set y = 1286.798401
[2026-09-18 10:06:56.251] [INFO ] DataDriver - root.p_Vertices[966]: set z = 0.0
[2026-09-18 10:06:56.251] [INFO ] DataDriver - root.p_Vertices[967]: set id = "vertex_967"
[2026-09-18 10:06:56.251] [INFO ] DataDriver - root.p_Vertices[967]: set edge_id = "edge_60"
[2026-09-18 10:06:56.251] [INFO ] DataDriver - root.p_Vertices[967]: set edge_index = 23
[2026-09-18 10:06:56.251] [INFO ] DataDriver - root.p_Vertices[967]: set x = 135.29260299999999
[2026-09-18 10:06:56.251] [INFO ] DataDriver - root.p_Vertices[967]: set y = 1289.59967
[2026-09-18 10:06:56.251] [INFO ] DataDriver - root.p_Vertices[967]: set z = 0.0
[2026-09-18 10:06:56.251] [INFO ] DataDriver - root.p_Vertices[968]: set id = "vertex_968"
[2026-09-18 10:06:56.251] [INFO ] DataDriver - root.p_Vertices[968]: set edge_id = "edge_60"
[2026-09-18 10:06:56.251] [INFO ] DataDriver - root.p_Vertices[968]: set edge_index = 22
[2026-09-18 10:06:56.251] [INFO ] DataDriver - root.p_Vertices[968]: set x = 130.67456100000004
[2026-09-18 10:06:56.251] [INFO ] DataDriver - root.p_Vertices[968]: set y = 1294.380249
[2026-09-18 10:06:56.251] [INFO ] DataDriver - root.p_Vertices[968]: set z = 0.0
[2026-09-18 10:06:56.251] [INFO ] DataDriver - root.p_Vertices[969]: set id = "vertex_969"
[2026-09-18 10:06:56.251] [INFO ] DataDriver - root.p_Vertices[969]: set edge_id = "edge_60"
[2026-09-18 10:06:56.251] [INFO ] DataDriver - root.p_Vertices[969]: set edge_index = 21
[2026-09-18 10:06:56.251] [INFO ] DataDriver - root.p_Vertices[969]: set x = 128.003418
[2026-09-18 10:06:56.251] [INFO ] DataDriver - root.p_Vertices[969]: set y = 1297.92337
[2026-09-18 10:06:56.251] [INFO ] DataDriver - root.p_Vertices[969]: set z = 0.0
[2026-09-18 10:06:56.251] [INFO ] DataDriver - root.p_Vertices[970]: set id = "vertex_970"
[2026-09-18 10:06:56.251] [INFO ] DataDriver - root.p_Vertices[970]: set edge_id = "edge_60"
[2026-09-18 10:06:56.251] [INFO ] DataDriver - root.p_Vertices[970]: set edge_index = 20
[2026-09-18 10:06:56.251] [INFO ] DataDriver - root.p_Vertices[970]: set x = 125.64477499999998
[2026-09-18 10:06:56.251] [INFO ] DataDriver - root.p_Vertices[970]: set y = 1301.7707209999999
[2026-09-18 10:06:56.251] [INFO ] DataDriver - root.p_Vertices[970]: set z = 0.0
[2026-09-18 10:06:56.251] [INFO ] DataDriver - root.p_Vertices[971]: set id = "vertex_971"
[2026-09-18 10:06:56.251] [INFO ] DataDriver - root.p_Vertices[971]: set edge_id = "edge_60"
[2026-09-18 10:06:56.251] [INFO ] DataDriver - root.p_Vertices[971]: set edge_index = 19
[2026-09-18 10:06:56.251] [INFO ] DataDriver - root.p_Vertices[971]: set x = 123.62475600000005
[2026-09-18 10:06:56.251] [INFO ] DataDriver - root.p_Vertices[971]: set y = 1305.874939
[2026-09-18 10:06:56.251] [INFO ] DataDriver - root.p_Vertices[971]: set z = 0.0
[2026-09-18 10:06:56.251] [INFO ] DataDriver - root.p_Vertices[972]: set id = "vertex_972"
[2026-09-18 10:06:56.251] [INFO ] DataDriver - root.p_Vertices[972]: set edge_id = "edge_60"
[2026-09-18 10:06:56.251] [INFO ] DataDriver - root.p_Vertices[972]: set edge_index = 18
[2026-09-18 10:06:56.251] [INFO ] DataDriver - root.p_Vertices[972]: set x = 121.96386700000005
[2026-09-18 10:06:56.251] [INFO ] DataDriver - root.p_Vertices[972]: set y = 1310.2043760000001
[2026-09-18 10:06:56.251] [INFO ] DataDriver - root.p_Vertices[972]: set z = 0.0
[2026-09-18 10:06:56.251] [INFO ] DataDriver - root.p_Vertices[973]: set id = "vertex_973"
[2026-09-18 10:06:56.251] [INFO ] DataDriver - root.p_Vertices[973]: set edge_id = "edge_60"
[2026-09-18 10:06:56.251] [INFO ] DataDriver - root.p_Vertices[973]: set edge_index = 17
[2026-09-18 10:06:56.251] [INFO ] DataDriver - root.p_Vertices[973]: set x = 120.70251499999995
[2026-09-18 10:06:56.251] [INFO ] DataDriver - root.p_Vertices[973]: set y = 1314.682129
[2026-09-18 10:06:56.251] [INFO ] DataDriver - root.p_Vertices[973]: set z = 1.0E-6
[2026-09-18 10:06:56.251] [INFO ] DataDriver - root.p_Vertices[974]: set id = "vertex_974"
[2026-09-18 10:06:56.251] [INFO ] DataDriver - root.p_Vertices[974]: set edge_id = "edge_60"
[2026-09-18 10:06:56.251] [INFO ] DataDriver - root.p_Vertices[974]: set edge_index = 16
[2026-09-18 10:06:56.251] [INFO ] DataDriver - root.p_Vertices[974]: set x = 119.64453100000003
[2026-09-18 10:06:56.251] [INFO ] DataDriver - root.p_Vertices[974]: set y = 1321.527893
[2026-09-18 10:06:56.251] [INFO ] DataDriver - root.p_Vertices[974]: set z = 0.0
[2026-09-18 10:06:56.251] [INFO ] DataDriver - root.p_Vertices[975]: set id = "vertex_975"
[2026-09-18 10:06:56.251] [INFO ] DataDriver - root.p_Vertices[975]: set edge_id = "edge_60"
[2026-09-18 10:06:56.251] [INFO ] DataDriver - root.p_Vertices[975]: set edge_index = 15
[2026-09-18 10:06:56.251] [INFO ] DataDriver - root.p_Vertices[975]: set x = 119.64355499999999
[2026-09-18 10:06:56.251] [INFO ] DataDriver - root.p_Vertices[975]: set y = 1326.265808
[2026-09-18 10:06:56.251] [INFO ] DataDriver - root.p_Vertices[975]: set z = 0.0
[2026-09-18 10:06:56.251] [INFO ] DataDriver - root.p_Vertices[976]: set id = "vertex_976"
[2026-09-18 10:06:56.251] [INFO ] DataDriver - root.p_Vertices[976]: set edge_id = "edge_60"
[2026-09-18 10:06:56.251] [INFO ] DataDriver - root.p_Vertices[976]: set edge_index = 14
[2026-09-18 10:06:56.251] [INFO ] DataDriver - root.p_Vertices[976]: set x = 119.94091800000001
[2026-09-18 10:06:56.251] [INFO ] DataDriver - root.p_Vertices[976]: set y = 1329.293274
[2026-09-18 10:06:56.251] [INFO ] DataDriver - root.p_Vertices[976]: set z = 0.0
[2026-09-18 10:06:56.251] [INFO ] DataDriver - root.p_Vertices[977]: set id = "vertex_977"
[2026-09-18 10:06:56.251] [INFO ] DataDriver - root.p_Vertices[977]: set edge_id = "edge_60"
[2026-09-18 10:06:56.251] [INFO ] DataDriver - root.p_Vertices[977]: set edge_index = 13
[2026-09-18 10:06:56.251] [INFO ] DataDriver - root.p_Vertices[977]: set x = 128.006348
[2026-09-18 10:06:56.251] [INFO ] DataDriver - root.p_Vertices[977]: set y = 1366.401062
[2026-09-18 10:06:56.251] [INFO ] DataDriver - root.p_Vertices[977]: set z = 0.0
[2026-09-18 10:06:56.251] [INFO ] DataDriver - root.p_Vertices[978]: set id = "vertex_978"
[2026-09-18 10:06:56.251] [INFO ] DataDriver - root.p_Vertices[978]: set edge_id = "edge_60"
[2026-09-18 10:06:56.251] [INFO ] DataDriver - root.p_Vertices[978]: set edge_index = 12
[2026-09-18 10:06:56.251] [INFO ] DataDriver - root.p_Vertices[978]: set x = 129.73168899999996
[2026-09-18 10:06:56.251] [INFO ] DataDriver - root.p_Vertices[978]: set y = 1371.581787
[2026-09-18 10:06:56.251] [INFO ] DataDriver - root.p_Vertices[978]: set z = 1.0E-6
[2026-09-18 10:06:56.251] [INFO ] DataDriver - root.p_Vertices[979]: set id = "vertex_979"
[2026-09-18 10:06:56.251] [INFO ] DataDriver - root.p_Vertices[979]: set edge_id = "edge_60"
[2026-09-18 10:06:56.251] [INFO ] DataDriver - root.p_Vertices[979]: set edge_index = 11
[2026-09-18 10:06:56.251] [INFO ] DataDriver - root.p_Vertices[979]: set x = 131.626709
[2026-09-18 10:06:56.251] [INFO ] DataDriver - root.p_Vertices[979]: set y = 1375.674622
[2026-09-18 10:06:56.251] [INFO ] DataDriver - root.p_Vertices[979]: set z = 0.0
[2026-09-18 10:06:56.251] [INFO ] DataDriver - root.p_Vertices[980]: set id = "vertex_980"
[2026-09-18 10:06:56.251] [INFO ] DataDriver - root.p_Vertices[980]: set edge_id = "edge_60"
[2026-09-18 10:06:56.251] [INFO ] DataDriver - root.p_Vertices[980]: set edge_index = 10
[2026-09-18 10:06:56.251] [INFO ] DataDriver - root.p_Vertices[980]: set x = 133.89709500000004
[2026-09-18 10:06:56.251] [INFO ] DataDriver - root.p_Vertices[980]: set y = 1379.560303
[2026-09-18 10:06:56.251] [INFO ] DataDriver - root.p_Vertices[980]: set z = 0.0
[2026-09-18 10:06:56.251] [INFO ] DataDriver - root.p_Vertices[981]: set id = "vertex_981"
[2026-09-18 10:06:56.252] [INFO ] DataDriver - root.p_Vertices[981]: set edge_id = "edge_60"
[2026-09-18 10:06:56.252] [INFO ] DataDriver - root.p_Vertices[981]: set edge_index = 9
[2026-09-18 10:06:56.252] [INFO ] DataDriver - root.p_Vertices[981]: set x = 136.51794400000006
[2026-09-18 10:06:56.252] [INFO ] DataDriver - root.p_Vertices[981]: set y = 1383.2139889999999
[2026-09-18 10:06:56.252] [INFO ] DataDriver - root.p_Vertices[981]: set z = 0.0
[2026-09-18 10:06:56.252] [INFO ] DataDriver - root.p_Vertices[982]: set id = "vertex_982"
[2026-09-18 10:06:56.252] [INFO ] DataDriver - root.p_Vertices[982]: set edge_id = "edge_60"
[2026-09-18 10:06:56.252] [INFO ] DataDriver - root.p_Vertices[982]: set edge_index = 8
[2026-09-18 10:06:56.252] [INFO ] DataDriver - root.p_Vertices[982]: set x = 139.47705099999996
[2026-09-18 10:06:56.252] [INFO ] DataDriver - root.p_Vertices[982]: set y = 1386.614624
[2026-09-18 10:06:56.252] [INFO ] DataDriver - root.p_Vertices[982]: set z = -1.0E-6
[2026-09-18 10:06:56.252] [INFO ] DataDriver - root.p_Vertices[983]: set id = "vertex_983"
[2026-09-18 10:06:56.252] [INFO ] DataDriver - root.p_Vertices[983]: set edge_id = "edge_60"
[2026-09-18 10:06:56.252] [INFO ] DataDriver - root.p_Vertices[983]: set edge_index = 7
[2026-09-18 10:06:56.252] [INFO ] DataDriver - root.p_Vertices[983]: set x = 142.73742700000003
[2026-09-18 10:06:56.252] [INFO ] DataDriver - root.p_Vertices[983]: set y = 1389.710815
[2026-09-18 10:06:56.252] [INFO ] DataDriver - root.p_Vertices[983]: set z = 0.0
[2026-09-18 10:06:56.252] [INFO ] DataDriver - root.p_Vertices[984]: set id = "vertex_984"
[2026-09-18 10:06:56.252] [INFO ] DataDriver - root.p_Vertices[984]: set edge_id = "edge_60"
[2026-09-18 10:06:56.252] [INFO ] DataDriver - root.p_Vertices[984]: set edge_index = 6
[2026-09-18 10:06:56.252] [INFO ] DataDriver - root.p_Vertices[984]: set x = 146.28613299999995
[2026-09-18 10:06:56.252] [INFO ] DataDriver - root.p_Vertices[984]: set y = 1392.481689
[2026-09-18 10:06:56.252] [INFO ] DataDriver - root.p_Vertices[984]: set z = 1.0E-6
[2026-09-18 10:06:56.252] [INFO ] DataDriver - root.p_Vertices[985]: set id = "vertex_985"
[2026-09-18 10:06:56.252] [INFO ] DataDriver - root.p_Vertices[985]: set edge_id = "edge_60"
[2026-09-18 10:06:56.252] [INFO ] DataDriver - root.p_Vertices[985]: set edge_index = 5
[2026-09-18 10:06:56.252] [INFO ] DataDriver - root.p_Vertices[985]: set x = 150.07446300000004
[2026-09-18 10:06:56.252] [INFO ] DataDriver - root.p_Vertices[985]: set y = 1394.887695
[2026-09-18 10:06:56.252] [INFO ] DataDriver - root.p_Vertices[985]: set z = 0.0
[2026-09-18 10:06:56.252] [INFO ] DataDriver - root.p_Vertices[986]: set id = "vertex_986"
[2026-09-18 10:06:56.252] [INFO ] DataDriver - root.p_Vertices[986]: set edge_id = "edge_60"
[2026-09-18 10:06:56.252] [INFO ] DataDriver - root.p_Vertices[986]: set edge_index = 4
[2026-09-18 10:06:56.252] [INFO ] DataDriver - root.p_Vertices[986]: set x = 156.14331100000004
[2026-09-18 10:06:56.252] [INFO ] DataDriver - root.p_Vertices[986]: set y = 1397.796143
[2026-09-18 10:06:56.252] [INFO ] DataDriver - root.p_Vertices[986]: set z = 0.0
[2026-09-18 10:06:56.252] [INFO ] DataDriver - root.p_Vertices[987]: set id = "vertex_987"
[2026-09-18 10:06:56.252] [INFO ] DataDriver - root.p_Vertices[987]: set edge_id = "edge_60"
[2026-09-18 10:06:56.252] [INFO ] DataDriver - root.p_Vertices[987]: set edge_index = 3
[2026-09-18 10:06:56.252] [INFO ] DataDriver - root.p_Vertices[987]: set x = 158.28344700000002
[2026-09-18 10:06:56.252] [INFO ] DataDriver - root.p_Vertices[987]: set y = 1398.538879
[2026-09-18 10:06:56.252] [INFO ] DataDriver - root.p_Vertices[987]: set z = 0.0
[2026-09-18 10:06:56.252] [INFO ] DataDriver - root.p_Vertices[988]: set id = "vertex_988"
[2026-09-18 10:06:56.252] [INFO ] DataDriver - root.p_Vertices[988]: set edge_id = "edge_60"
[2026-09-18 10:06:56.252] [INFO ] DataDriver - root.p_Vertices[988]: set edge_index = 2
[2026-09-18 10:06:56.252] [INFO ] DataDriver - root.p_Vertices[988]: set x = 160.63293499999997
[2026-09-18 10:06:56.252] [INFO ] DataDriver - root.p_Vertices[988]: set y = 1399.159668
[2026-09-18 10:06:56.252] [INFO ] DataDriver - root.p_Vertices[988]: set z = 0.0
[2026-09-18 10:06:56.252] [INFO ] DataDriver - root.p_Vertices[989]: set id = "vertex_989"
[2026-09-18 10:06:56.252] [INFO ] DataDriver - root.p_Vertices[989]: set edge_id = "edge_60"
[2026-09-18 10:06:56.252] [INFO ] DataDriver - root.p_Vertices[989]: set edge_index = 1
[2026-09-18 10:06:56.252] [INFO ] DataDriver - root.p_Vertices[989]: set x = 163.67553699999996
[2026-09-18 10:06:56.252] [INFO ] DataDriver - root.p_Vertices[989]: set y = 1399.6370849999998
[2026-09-18 10:06:56.252] [INFO ] DataDriver - root.p_Vertices[989]: set z = 1.0E-6
[2026-09-18 10:06:56.252] [INFO ] DataDriver - root.p_Vertices[990]: set id = "vertex_990"
[2026-09-18 10:06:56.252] [INFO ] DataDriver - root.p_Vertices[990]: set edge_id = "edge_60"
[2026-09-18 10:06:56.252] [INFO ] DataDriver - root.p_Vertices[990]: set edge_index = 0
[2026-09-18 10:06:56.252] [INFO ] DataDriver - root.p_Vertices[990]: set x = 168.35522500000002
[2026-09-18 10:06:56.252] [INFO ] DataDriver - root.p_Vertices[990]: set y = 1399.858276
[2026-09-18 10:06:56.252] [INFO ] DataDriver - root.p_Vertices[990]: set z = 1.0E-6
[2026-09-18 10:06:56.252] [INFO ] a_Network - DataDriver initialized successfully
[2026-09-18 10:06:56.252] [INFO ] a_Network - Starting buildEdgeVertexAssociations with 61 edges and 991 vertices
[2026-09-18 10:06:56.254] [INFO ] a_Network - Vertex association complete - 991 valid vertices assigned to edges
[2026-09-18 10:06:56.254] [INFO ] DataDriver - *** Parameters set, notifying IDataDriver objects ***
[2026-09-18 10:06:56.255] [INFO ] DataDriver - *** Model Initialisation Successful, notifying IDataDriver objects that run has started ***
[2026-09-18 10:06:56.255] [INFO ] a_Network - Data loading completed successfully
[2026-09-18 10:06:56.255] [INFO ] a_Network - Initializing network visualization with 48 nodes and 61 edges
[2026-09-18 10:06:56.258] [INFO ] a_Network - All node references validated successfully
[2026-09-18 10:06:56.307] [INFO ] a_Network - Network visualization created successfully with 48 nodes and 61 edges
[2026-09-18 10:06:56.307] [INFO ] DataDriver - Reading CSV: ../input/loading_points.csv
[2026-09-18 10:06:56.356] [INFO ] DataDriver - 1: set id = LP1
[2026-09-18 10:06:56.356] [INFO ] DataDriver - 1: set nodeId = node_36
[2026-09-18 10:06:56.357] [INFO ] DataDriver - 2: set id = LP2
[2026-09-18 10:06:56.357] [INFO ] DataDriver - 2: set nodeId = node_32
[2026-09-18 10:06:56.358] [INFO ] DataDriver - 3: set id = LP3
[2026-09-18 10:06:56.358] [INFO ] DataDriver - 3: set nodeId = node_33
[2026-09-18 10:06:56.358] [INFO ] DataDriver - 4: set id = LP4
[2026-09-18 10:06:56.358] [INFO ] DataDriver - 4: set nodeId = node_34
[2026-09-18 10:06:56.358] [INFO ] DataDriver - *** Parameters set, notifying IDataDriver objects ***
[2026-09-18 10:06:56.358] [INFO ] DataDriver - *** Model Initialisation Successful, notifying IDataDriver objects that run has started ***
[2026-09-18 10:06:56.359] [INFO ] DataDriver - Reading CSV: ../input/dumping_points.csv
[2026-09-18 10:06:56.363] [INFO ] DataDriver - 1: set id = DP1
[2026-09-18 10:06:56.363] [INFO ] DataDriver - 1: set nodeId = node_43
[2026-09-18 10:06:56.363] [INFO ] DataDriver - 2: set id = DP2
[2026-09-18 10:06:56.363] [INFO ] DataDriver - 2: set nodeId = node_8
[2026-09-18 10:06:56.363] [INFO ] DataDriver - *** Parameters set, notifying IDataDriver objects ***
[2026-09-18 10:06:56.363] [INFO ] DataDriver - *** Model Initialisation Successful, notifying IDataDriver objects that run has started ***
[2026-09-18 10:06:56.364] [INFO ] DataDriver - Reading CSV: ../input/home_points.csv
[2026-09-18 10:06:56.369] [INFO ] DataDriver - 1: set id = HN1
[2026-09-18 10:06:56.369] [INFO ] DataDriver - 1: set nodeId = node_16
[2026-09-18 10:06:56.369] [INFO ] DataDriver - *** Parameters set, notifying IDataDriver objects ***
[2026-09-18 10:06:56.369] [INFO ] DataDriver - *** Model Initialisation Successful, notifying IDataDriver objects that run has started ***
[2026-09-18 10:06:56.377] [INFO ] Main - Trucks in population after inject: 3
[2026-09-18 10:06:56.393] [INFO ] Main - Truck seized loading point: LP1
[2026-09-18 10:06:56.402] [INFO ] Main - Truck seized loading point: LP2
[2026-09-18 10:06:56.403] [INFO ] Main - Truck seized loading point: LP3
[2026-09-18 10:07:10.774] [INFO ] Main - Truck arrived, task now: LOAD
